{"stats":{"minecraft:killed_by":{"minecraft:zombie":1,"minecraft:wither_skeleton":18,"minecraft:creeper":2,"minecraft:player":3,"minecraft:iron_golem":3,"minecraft:skeleton":2},"minecraft:used":{"minecraft:dispenser":18,"minecraft:elytra":1,"minecraft:ladder":18,"minecraft:chest":43,"minecraft:stone":1899,"minecraft:rotten_flesh":8,"minecraft:farmland":11,"minecraft:soul_sand":5,"minecraft:jungle_slab":13,"minecraft:jungle_sapling":146,"minecraft:lava_bucket":2,"minecraft:netherite_shovel":10147,"betternether:stalagnate_roof":2,"minecraft:villager_spawn_egg":18,"minecraft:grass_block":5,"minecraft:stone_brick_stairs":2,"minecraft:bow":3,"minecraft:furnace":4,"minecraft:acacia_fence":3,"minecraft:egg":13,"minecraft:potato":1,"minecraft:diorite":1,"minecraft:acacia_trapdoor":4,"minecraft:powered_rail":44,"minecraft:blackstone":2,"minecraft:wooden_pickaxe":19,"minecraft:composter":1,"minecraft:golden_apple":21,"justhammers:netherite_hammer":3950,"minecraft:deepslate_tiles":69,"minecraft:zombie_head":1,"minecraft:stone_button":5,"minecraft:lectern":16,"minecraft:red_terracotta":1,"minecraft:diamond_sword":303,"minecraft:smithing_table":11,"minecraft:oak_boat":2,"minecraft:stone_sword":5,"minecraft:acacia_log":5,"minecraft:armor_stand":1,"betternether:nether_brick_wall":1,"minecraft:netherrack":369,"minecraft:torch":301,"minecraft:brewing_stand":1,"minecraft:anvil":5,"minecraft:stone_stairs":263,"betternether:mushroom_fir_stem":3,"minecraft:oak_fence_gate":109,"minecraft:iron_axe":2028,"minecraft:iron_block":171,"minecraft:jungle_log":33,"minecraft:totem_of_undying":1,"minecraft:basalt":3,"minecraft:cobbled_deepslate":978,"minecraft:acacia_planks":143,"minecraft:observer":10,"minecraft:orange_terracotta":2,"sophisticatedbackpacks:gold_backpack":2,"minecraft:water_bucket":598,"minecraft:cartography_table":2,"minecraft:fletching_table":6,"minecraft:polished_blackstone_bricks":16,"minecraft:rail":479,"minecraft:comparator":2,"minecraft:crafting_table":10,"minecraft:white_bed":4,"minecraft:campfire":9,"minecraft:oak_log":2,"minecraft:diamond_pickaxe":2843,"minecraft:diamond_shovel":5762,"minecraft:iron_pickaxe":266,"minecraft:cobblestone":1055,"minecraft:acacia_pressure_plate":1,"minecraft:cooked_porkchop":23,"minecraft:glass_pane":5,"minecraft:diamond_leggings":8,"minecraft:iron_shovel":473,"minecraft:oak_sign":10,"minecraft:diamond_hoe":200,"betternether:flaming_ruby_pickaxe":5148,"minecraft:iron_sword":386,"minecraft:zombie_spawn_egg":1,"minecraft:player_head":1,"justhammers:netherite_impact_hammer":31,"betternether:nether_reed_planks":2,"minecraft:jungle_planks":1226,"minecraft:nether_bricks":1,"minecraft:carrot":395,"minecraft:deepslate_tile_slab":633,"minecraft:tuff":3,"minecraft:cyan_wool":9,"betternether:flaming_ruby_sword":537,"minecraft:obsidian":1055,"sophisticatedbackpacks:diamond_backpack":1,"minecraft:glass":497,"minecraft:item_frame":13,"minecraft:repeater":28,"minecraft:red_carpet":1,"minecraft:gray_bed":66,"minecraft:skeleton_skull":1,"betternether:flaming_ruby_axe":20,"betternether:nether_cactus":3,"betternether:flaming_ruby_chestplate":1,"minecraft:dropper":1,"minecraft:stripped_acacia_log":1,"minecraft:elder_guardian_spawn_egg":4,"minecraft:stone_pickaxe":246,"minecraft:gray_carpet":3,"minecraft:oak_planks":1,"minecraft:redstone_block":5,"minecraft:diamond_axe":2566,"minecraft:yellow_terracotta":11,"minecraft:end_stone":21,"minecraft:shears":570,"betternether:pig_statue_respawner":3,"minecraft:redstone_torch":2,"minecraft:lever":2,"minecraft:firework_rocket":323,"minecraft:lime_carpet":24,"minecraft:bread":277,"minecraft:gravel":41,"minecraft:jungle_sign":22,"betternether:mushroom_fir_sapling":1,"minecraft:grindstone":1,"minecraft:andesite":3,"minecraft:smooth_stone_slab":283,"minecraft:bone_meal":230,"minecraft:experience_bottle":7,"minecraft:oak_fence":48,"sophisticatedbackpacks:iron_backpack":2,"minecraft:flint_and_steel":9,"minecraft:redstone":7,"bosses_of_mass_destruction:void_lily":1,"minecraft:cooked_chicken":1,"minecraft:dirt":3094,"minecraft:white_carpet":12,"minecraft:hopper":37,"minecraft:granite":2,"minecraft:iron_hoe":19,"minecraft:bookshelf":18,"gravestones:gravestone":7,"minecraft:acacia_slab":3,"minecraft:golden_carrot":211,"minecraft:minecart":9,"minecraft:cooked_beef":20,"minecraft:iron_leggings":8,"minecraft:cooked_mutton":3,"minecraft:cobblestone_stairs":2,"minecraft:spruce_sign":9,"minecraft:beacon":1,"minecraft:stonecutter":1,"minecraft:cobblestone_slab":15,"bosses_of_mass_destruction:soul_star":1,"minecraft:flower_pot":1,"minecraft:acacia_stairs":1,"minecraft:apple":60,"minecraft:cracked_polished_blackstone_bricks":9,"minecraft:stone_slab":684,"betternether:nether_ruby_sword":74,"minecraft:yellow_wool":4,"minecraft:stone_axe":69,"morebows:flame_bow":143,"minecraft:cobbled_deepslate_slab":2048,"minecraft:bucket":548,"minecraft:yellow_bed":3,"minecraft:gray_wool":442,"minecraft:smooth_stone":722},"minecraft:mined":{"minecraft:white_bed":6,"minecraft:jungle_leaves":27,"minecraft:red_nether_bricks":2,"minecraft:obsidian":103,"minecraft:granite":23,"betternether:lumabus_vine":3,"minecraft:acacia_log":157,"betterend:aurora_crystal":27,"minecraft:jungle_log":3319,"minecraft:oak_pressure_plate":1,"minecraft:coal_block":12,"minecraft:deepslate_bricks":1,"minecraft:deepslate_tile_stairs":1,"minecraft:blue_wool":8,"minecraft:oxeye_daisy":1,"minecraft:hopper":1,"minecraft:oak_wall_sign":1,"minecraft:nether_wart":1,"minecraft:spawner":6,"minecraft:polished_blackstone_bricks":29,"minecraft:cobbled_deepslate":30,"minecraft:fire":69,"minecraft:deepslate_lapis_ore":14,"minecraft:fletching_table":5,"minecraft:sculk_shrieker":4,"minecraft:dirt_path":46,"minecraft:spruce_wood":6,"minecraft:iron_block":448,"minecraft:player_head":1,"betternether:netherrack_stalactite":8,"betternether:sepia_bone_grass":1,"minecraft:smoker":1,"minecraft:amethyst_cluster":5,"minecraft:deepslate_tile_slab":10,"deeperdarker:sculk_stone":34,"minecraft:blue_stained_glass":14,"minecraft:torch":21,"minecraft:note_block":2,"minecraft:blast_furnace":1,"minecraft:dead_bush":1,"minecraft:spruce_wall_sign":1,"minecraft:glass":11,"minecraft:sugar_cane":241,"minecraft:amethyst_block":3,"minecraft:skeleton_skull":1,"minecraft:cyan_wool":9,"minecraft:repeater":4,"minecraft:wheat":254,"minecraft:grass":536,"minecraft:oak_fence_gate":9,"deeperdarker:gloomy_cactus":1,"minecraft:smooth_basalt":1,"minecraft:deepslate":2419,"minecraft:deepslate_tiles":4,"minecraft:light_blue_wool":16,"minecraft:mossy_cobblestone":2,"deeperdarker:gloomslate_lapis_ore":3,"deeperdarker:gloomslate":17,"betternether:bone_grass":1,"minecraft:end_stone":22,"minecraft:cobbled_deepslate_slab":48,"minecraft:nether_bricks":5,"minecraft:jungle_planks":131,"minecraft:redstone_wire":4,"betternether:stalagnate_roof":2,"minecraft:potted_bamboo":1,"minecraft:cartography_table":3,"minecraft:acacia_trapdoor":1,"minecraft:jungle_sapling":6,"betternether:cincinnasite_wall":2,"minecraft:andesite":15,"betternether:quartz_glass_framed_pane":1,"betternether:pig_statue_respawner":3,"minecraft:vine":83,"minecraft:rail":333,"minecraft:bone_block":4,"minecraft:smithing_table":8,"betterend:ender_ore":11,"gravestones:gravestone":7,"minecraft:redstone_block":4,"minecraft:glass_pane":6,"minecraft:comparator":1,"minecraft:soul_sand":5,"minecraft:dandelion":1,"minecraft:emerald_ore":5,"minecraft:copper_ore":9,"minecraft:tall_grass":25,"minecraft:deepslate_gold_ore":72,"minecraft:diorite":19,"minecraft:red_terracotta":1,"minecraft:white_carpet":3,"minecraft:birch_leaves":7,"betternether:bone_tile":4,"betternether:wall_mushroom_red":1,"minecraft:zombie_head":1,"minecraft:gravel":716,"minecraft:dripstone_block":3,"minecraft:cobweb":15,"minecraft:acacia_planks":37,"minecraft:gold_ore":1,"minecraft:fern":2,"minecraft:spruce_planks":5,"minecraft:stone_pressure_plate":2,"minecraft:sculk_vein":18,"minecraft:cobblestone_stairs":2,"sophisticatedbackpacks:gold_backpack":2,"minecraft:brewing_stand":2,"minecraft:grass_block":7522,"sophisticatedbackpacks:iron_backpack":2,"betternether:nether_brick_wall":2,"minecraft:cracked_polished_blackstone_bricks":12,"betternether:sepia_mushroom_grass":1,"deeperdarker:sculk_gleam":1,"minecraft:polished_diorite":1,"minecraft:composter":3,"minecraft:sculk_catalyst":2,"minecraft:iron_ore":356,"minecraft:pointed_dripstone":14,"betternether:nether_reed_ladder":4,"minecraft:deepslate_redstone_ore":72,"minecraft:blackstone":10,"minecraft:melon_stem":6,"minecraft:orange_terracotta":2,"betterend:thallasium_ore":28,"deeperdarker:gloomslate_gold_ore":7,"minecraft:calcite":3,"minecraft:beacon":2,"minecraft:chest":13,"minecraft:nether_quartz_ore":23,"minecraft:cobblestone":93,"minecraft:oak_planks":1,"minecraft:grindstone":1,"minecraft:wall_torch":24,"minecraft:deepslate_copper_ore":5,"minecraft:stone_stairs":15,"minecraft:warped_nylium":2,"minecraft:powered_rail":22,"betternether:mushroom_fir_trunk":1,"minecraft:yellow_wool":4,"minecraft:birch_log":50,"betternether:geyser":1,"minecraft:oak_log":522,"minecraft:acacia_fence":9,"minecraft:dirt":7820,"minecraft:sand":323,"minecraft:dispenser":6,"minecraft:netherrack":149,"minecraft:oak_leaves":92,"betterend:blooming_cooksonia":2,"minecraft:tuff":33,"minecraft:red_carpet":1,"minecraft:deepslate_diamond_ore":75,"minecraft:lever":1,"minecraft:acacia_slab":8,"minecraft:hay_block":88,"deeperdarker:gloomy_sculk":13,"minecraft:furnace":1,"minecraft:carrots":313,"minecraft:acacia_stairs":6,"minecraft:chiseled_deepslate":1,"minecraft:peony":4,"minecraft:gold_block":12,"minecraft:bookshelf":34,"minecraft:deepslate_iron_ore":27,"minecraft:stripped_acacia_log":2,"betternether:nether_lapis_ore":4,"minecraft:stone":4720,"betternether:nether_reed_planks":3,"minecraft:podzol":7,"minecraft:scaffolding":4,"minecraft:acacia_leaves":5,"betternether:cincinnasite_lantern":1,"minecraft:basalt":4,"minecraft:crafting_table":10,"betternether:mushroom_grass":1,"minecraft:lime_carpet":6,"minecraft:sculk_sensor":1,"minecraft:lectern":13,"minecraft:stone_slab":37,"minecraft:lapis_ore":19,"minecraft:polished_blackstone_brick_stairs":3,"minecraft:sculk":18,"minecraft:spruce_stairs":6,"minecraft:gray_wool":545,"minecraft:redstone_torch":1,"minecraft:gray_bed":16,"minecraft:yellow_bed":9,"minecraft:coal_ore":312,"minecraft:gray_carpet":3,"minecraft:mossy_stone_bricks":2},"minecraft:crafted":{"minecraft:black_dye":21,"minecraft:jungle_button":64,"minecraft:diamond_shovel":2,"minecraft:lever":1,"sophisticatedbackpacks:crafting_upgrade":2,"minecraft:bookshelf":36,"minecraft:glass":138,"minecraft:diamond_helmet":1,"minecraft:diamond_leggings":1,"minecraft:netherite_boots":1,"minecraft:gray_bed":24,"minecraft:wooden_shovel":1,"minecraft:emerald":1147,"minecraft:cooked_porkchop":4,"minecraft:diamond_axe":1,"minecraft:acacia_slab":24,"sophisticatedbackpacks:advanced_feeding_upgrade":1,"minecraft:smithing_table":2,"minecraft:copper_ingot":18,"minecraft:campfire":9,"minecraft:lectern":10,"minecraft:stone_slab":642,"minecraft:iron_pickaxe":2,"minecraft:iron_block":3,"minecraft:gold_ingot":69,"minecraft:jungle_sign":9,"minecraft:golden_carrot":192,"minecraft:diamond_hoe":4,"sophisticatedbackpacks:stack_upgrade_tier_1":1,"minecraft:bone_meal":375,"betternether:nether_ruby_leggings":1,"minecraft:stone_stairs":248,"minecraft:ladder":27,"minecraft:stone_pickaxe":14,"minecraft:diamond_boots":1,"minecraft:redstone_block":1,"minecraft:wheat":1044,"sophisticatedbackpacks:advanced_tool_swapper_upgrade":1,"sophisticatedbackpacks:gold_backpack":2,"minecraft:enchanted_book":82,"minecraft:jungle_slab":54,"minecraft:oak_fence_gate":100,"sophisticatedbackpacks:stonecutter_upgrade":1,"minecraft:wooden_axe":1,"minecraft:iron_shovel":2,"minecraft:oak_planks":396,"minecraft:acacia_pressure_plate":1,"minecraft:stone":1910,"minecraft:suspicious_stew":11,"minecraft:hopper":27,"betternether:nether_ruby_helmet":1,"minecraft:iron_boots":2,"minecraft:bow":11,"minecraft:chest":70,"minecraft:netherite_helmet":1,"minecraft:netherite_upgrade_smithing_template":14,"minecraft:rail":544,"minecraft:stone_hoe":22,"minecraft:oak_fence":48,"minecraft:raw_iron_block":13,"minecraft:dropper":3,"sophisticatedbackpacks:backpack":1,"minecraft:arrow":128,"minecraft:crafting_table":9,"minecraft:spruce_planks":24,"minecraft:wooden_pickaxe":2,"minecraft:iron_helmet":1,"sophisticatedbackpacks:feeding_upgrade":1,"sophisticatedbackpacks:upgrade_base":4,"minecraft:dispenser":11,"minecraft:apple":128,"minecraft:iron_chestplate":1,"minecraft:paper":177,"minecraft:diamond_pickaxe":2,"minecraft:shield":1,"sophisticatedbackpacks:diamond_backpack":2,"minecraft:stick":21908,"minecraft:iron_ingot":898,"minecraft:redstone_torch":20,"betternether:nether_ruby_chestplate":2,"minecraft:shears":3,"minecraft:deepslate_tile_slab":624,"minecraft:wooden_sword":1,"minecraft:cobbled_deepslate_slab":2950,"minecraft:cookie":216,"minecraft:raw_iron":189,"minecraft:coal":54,"minecraft:tripwire_hook":2,"sophisticatedbackpacks:tool_swapper_upgrade":1,"minecraft:furnace":4,"minecraft:stone_button":1,"minecraft:gray_dye":22,"minecraft:flint_and_steel":2,"minecraft:netherite_chestplate":1,"minecraft:netherite_leggings":1,"minecraft:iron_axe":7,"minecraft:glistering_melon_slice":3,"sophisticatedbackpacks:iron_backpack":2,"minecraft:cooked_beef":20,"minecraft:diamond_sword":1,"minecraft:powered_rail":6,"minecraft:bucket":11,"minecraft:stone_axe":34,"minecraft:air":0,"minecraft:bread":190,"minecraft:jungle_planks":12184,"minecraft:gold_nugget":768,"minecraft:white_dye":11,"minecraft:netherite_shovel":1,"minecraft:stonecutter":2,"minecraft:anvil":1,"minecraft:acacia_planks":300,"minecraft:torch":68,"minecraft:diamond_chestplate":1},"minecraft:picked_up":{"minecraft:creeper_head":1,"minecraft:flower_pot":1,"minecraft:suspicious_stew":4,"minecraft:lead":3,"minecraft:smithing_table":8,"minecraft:stone_slab":45,"minecraft:diamond_sword":1,"betternether:lumabus_seed":22,"artifacts:chorus_totem":1,"minecraft:enchanted_book":10,"minecraft:brewing_stand":3,"minecraft:amethyst_block":3,"minecraft:music_disc_cat":2,"minecraft:polished_blackstone_brick_stairs":2,"minecraft:string":80,"minecraft:red_nether_bricks":2,"minecraft:diamond_leggings":3,"minecraft:gold_nugget":6,"minecraft:cobbled_deepslate":927,"bosses_of_mass_destruction:soul_star":3,"minecraft:spruce_planks":5,"minecraft:coal_block":12,"betternether:quartz_glass_framed_pane":1,"minecraft:golden_helmet":2,"minecraft:music_disc_blocks":1,"minecraft:composter":3,"minecraft:acacia_log":126,"minecraft:golden_axe":1,"minecraft:deepslate_tile_stairs":1,"minecraft:golden_chestplate":1,"minecraft:stone_sword":3,"minecraft:lime_carpet":26,"minecraft:light_blue_wool":16,"artifacts:villager_hat":7,"minecraft:iron_block":449,"minecraft:bookshelf":20,"minecraft:netherite_chestplate":3,"minecraft:blaze_rod":2,"minecraft:birch_log":30,"minecraft:magma_block":16,"minecraft:cooked_beef":21,"deeperdarker:gloomy_cactus":1,"minecraft:water_bucket":3,"minecraft:jungle_log":3312,"minecraft:smoker":1,"minecraft:flint":11,"minecraft:netherite_leggings":5,"minecraft:lantern":5,"minecraft:disc_fragment_5":3,"artifacts:shock_pendant":10,"minecraft:twisting_vines":3,"betternether:geyser":1,"bosses_of_mass_destruction:void_lily":1,"betternether:wall_moss":1,"sophisticatedbackpacks:iron_backpack":4,"minecraft:ink_sac":21,"minecraft:acacia_stairs":6,"minecraft:red_terracotta":1,"minecraft:barrel":1,"minecraft:stripped_acacia_log":2,"minecraft:dispenser":7,"minecraft:lever":2,"minecraft:granite":93,"minecraft:chainmail_helmet":2,"minecraft:bread":1,"betterend:crystal_shards":107,"minecraft:diamond_pickaxe":1,"betterend:aeternium_chestplate":1,"sophisticatedbackpacks:gold_backpack":20,"minecraft:crafting_table":6,"minecraft:nether_wart":3,"betternether:bone_slab":1,"minecraft:leather_leggings":4,"betternether:flaming_ruby_sword":1,"minecraft:elytra":1,"minecraft:acacia_door":3,"minecraft:white_carpet":17,"minecraft:iron_shovel":4,"minecraft:glass_pane":12,"minecraft:cartography_table":4,"minecraft:music_disc_otherside":1,"minecraft:beef":27,"minecraft:cyan_wool":9,"minecraft:jungle_sapling":259,"minecraft:poppy":1361,"minecraft:minecart":79,"betternether:netherrack_stalactite":10,"minecraft:chest":13,"minecraft:birch_sapling":7,"minecraft:diamond_hoe":8,"minecraft:egg":20,"minecraft:stone":469,"sophisticatedbackpacks:backpack":9,"betternether:nether_reed_planks":2,"betternether:nether_ruby":24,"minecraft:carrot":1099,"minecraft:redstone":75,"minecraft:diamond_chestplate":1,"minecraft:peony":4,"minecraft:shears":1,"minecraft:deepslate_bricks":1,"minecraft:hay_block":116,"minecraft:yellow_terracotta":11,"artifacts:pocket_piston":10,"minecraft:gold_ingot":124,"minecraft:totem_of_undying":1,"gravestones:gravestone":7,"minecraft:mutton":4,"minecraft:white_wool":25,"minecraft:bone_block":4,"minecraft:rail":369,"minecraft:oxeye_daisy":2,"morebows:flame_bow":3,"betternether:flaming_ruby_axe":1,"betternether:flaming_ruby_pickaxe":2,"minecraft:oak_log":452,"minecraft:jungle_button":192,"betternether:blue_obsidian_glass":1,"minecraft:golden_boots":4,"minecraft:white_banner":1,"betternether:nether_cactus":3,"deeperdarker:warden_upgrade_smithing_template":2,"minecraft:apple":4,"minecraft:music_disc_far":2,"minecraft:oak_fence_gate":9,"minecraft:stone_pickaxe":9,"minecraft:tall_grass":4,"minecraft:gray_bed":16,"minecraft:iron_sword":2,"minecraft:smooth_basalt":1,"betternether:black_bush":5,"betterend:thallasium_ingot":98,"minecraft:sculk":12,"betternether:bone_tile":4,"minecraft:gravel":276,"minecraft:dragon_egg":1,"betternether:cincinnasite_ingot":4,"minecraft:leather_helmet":2,"minecraft:firework_rocket":2,"minecraft:diamond_shovel":2,"betterend:ender_shard":40,"minecraft:slime_ball":24,"minecraft:polished_diorite":1,"minecraft:stone_axe":33,"minecraft:gray_wool":534,"minecraft:melon_seeds":13,"minecraft:warped_nylium":1,"minecraft:hopper":1,"minecraft:ender_pearl":7,"minecraft:chiseled_deepslate":1,"minecraft:wheat":141,"minecraft:redstone_block":4,"minecraft:yellow_wool":4,"betternether:pig_statue_respawner":3,"minecraft:potion":3,"minecraft:stone_brick_stairs":2,"betternether:nether_reed_ladder":2,"minecraft:raw_copper":120,"betternether:cincinnasite_wall":2,"minecraft:iron_leggings":2,"minecraft:experience_bottle":7,"minecraft:armor_stand":2,"minecraft:netherite_ingot":30,"minecraft:zombie_head":2,"minecraft:oak_sign":1,"minecraft:deepslate_tiles":4,"betternether:golden_lumabus_seed":1,"minecraft:comparator":1,"minecraft:redstone_torch":2,"minecraft:ender_eye":18,"minecraft:calcite":3,"minecraft:iron_boots":1,"minecraft:furnace":1,"minecraft:blue_wool":8,"betterend:aeternium_boots":1,"minecraft:tipped_arrow":3,"minecraft:stick":372,"minecraft:acacia_fence":6,"minecraft:torch":86,"minecraft:spruce_stairs":6,"deeperdarker:heart_of_the_deep":2,"minecraft:pointed_dripstone":88,"minecraft:diorite":26,"betternether:lapis_pile":20,"betterend:aeternium_helmet":1,"minecraft:rotten_flesh":157,"betternether:stalagnate_roof":2,"sophisticatedbackpacks:advanced_tool_swapper_upgrade":1,"betternether:mushroom_fir_sapling":6,"minecraft:obsidian":98,"betternether:cincinnasite_bars":1,"minecraft:cobblestone":5502,"justhammers:netherite_impact_hammer":2,"deeperdarker:cobbled_sculk_stone":33,"minecraft:leather_chestplate":4,"betternether:glowstone_pile":20,"minecraft:magma_cream":1,"minecraft:repeater":4,"minecraft:andesite":136,"minecraft:golden_leggings":1,"minecraft:beacon":2,"minecraft:potato":1,"minecraft:tuff":59,"minecraft:wither_skeleton_skull":1,"minecraft:lapis_lazuli":229,"minecraft:dirt":4375,"minecraft:name_tag":1,"minecraft:leather_boots":4,"minecraft:bone":144,"minecraft:acacia_planks":59,"minecraft:bow":13,"minecraft:wheat_seeds":711,"minecraft:raw_gold":1,"minecraft:cobbled_deepslate_slab":66,"minecraft:grindstone":1,"minecraft:mossy_stone_bricks":2,"minecraft:fletching_table":69,"minecraft:bamboo":26,"minecraft:powered_rail":34,"minecraft:oak_planks":3,"minecraft:stone_hoe":16,"minecraft:cooked_porkchop":4,"minecraft:music_disc_13":1,"minecraft:oak_pressure_plate":2,"minecraft:sand":320,"minecraft:jungle_planks":204,"minecraft:grass_block":5,"minecraft:jungle_slab":1,"artifacts:plastic_drinking_hat":15,"minecraft:sugar":4,"minecraft:diamond":73,"minecraft:netherite_helmet":2,"minecraft:cracked_polished_blackstone_bricks":9,"minecraft:grass":2,"minecraft:golden_apple":2,"minecraft:spruce_sign":14,"minecraft:emerald":389,"minecraft:oak_sapling":223,"minecraft:netherrack":675,"minecraft:charcoal":2,"artifacts:night_vision_goggles":13,"minecraft:ladder":9,"deeperdarker:cobbled_gloomslate":17,"minecraft:brown_mushroom":4,"minecraft:gold_block":12,"minecraft:diamond_horse_armor":1,"minecraft:shield":1,"minecraft:stone_stairs":15,"minecraft:iron_axe":2,"artifacts:feral_claws":1,"minecraft:item_frame":20,"artifacts:fire_gauntlet":13,"minecraft:blackstone":4,"minecraft:blue_orchid":11,"deeperdarker:warden_carapace":4,"simplyswords:runic_tablet":1,"minecraft:candle":10,"minecraft:echo_shard":7,"minecraft:oak_boat":3,"minecraft:player_head":1,"minecraft:lectern":12,"minecraft:sugar_cane":430,"minecraft:phantom_membrane":7,"minecraft:raw_iron":362,"betternether:nether_brick_wall":1,"minecraft:end_stone":21,"justhammers:netherite_hammer":1,"betternether:wall_mushroom_red":1,"minecraft:copper_ingot":31,"minecraft:polished_blackstone_bricks":19,"minecraft:stone_button":14,"minecraft:cookie":13,"betternether:mushroom_fir_stem":4,"minecraft:stone_pressure_plate":2,"betterend:aeternium_leggings":1,"minecraft:arrow":11,"deeperdarker:sculk_gleam":1,"minecraft:nether_bricks":5,"minecraft:saddle":5,"minecraft:skeleton_skull":1,"minecraft:netherite_boots":2,"minecraft:basalt":3,"minecraft:golden_carrot":4,"artifacts:novelty_drinking_hat":9,"minecraft:salmon":1,"minecraft:leather":18,"minecraft:music_disc_stal":1,"artifacts:anglers_hat":1,"minecraft:yellow_bed":9,"minecraft:gunpowder":130,"minecraft:cobblestone_stairs":2,"minecraft:deepslate_tile_slab":7,"betternether:cincinnasite_pedestal":1,"minecraft:orange_terracotta":2,"minecraft:cooked_mutton":1,"minecraft:red_carpet":2,"minecraft:gray_carpet":3,"minecraft:acacia_trapdoor":2,"minecraft:spruce_wood":6,"minecraft:iron_ingot":164,"minecraft:cooked_chicken":1,"minecraft:acacia_sapling":26,"minecraft:soul_sand":5,"sophisticatedbackpacks:diamond_backpack":3,"minecraft:book":126,"minecraft:sculk_catalyst":3,"minecraft:scaffolding":8,"minecraft:emerald_block":9,"minecraft:quartz":25,"minecraft:dandelion":6,"minecraft:dripstone_block":87,"minecraft:amethyst_shard":25,"minecraft:soul_torch":19,"minecraft:blast_furnace":1,"minecraft:white_bed":6,"artifacts:scarf_of_invisibility":1,"minecraft:spider_eye":45,"artifacts:helium_flamingo":1,"minecraft:sculk_sensor":4,"minecraft:chainmail_leggings":1,"minecraft:iron_helmet":2,"minecraft:acacia_slab":6,"minecraft:coal":554},"minecraft:custom":{"minecraft:interact_with_crafting_table":172,"minecraft:open_barrel":65,"minecraft:bell_ring":3,"minecraft:eat_cake_slice":1,"minecraft:leave_game":32,"minecraft:time_since_death":620974,"minecraft:play_time":2108870,"minecraft:deaths":46,"minecraft:jump":28076,"minecraft:interact_with_furnace":414,"minecraft:traded_with_villager":1354,"minecraft:sleep_in_bed":47,"minecraft:damage_dealt":78712,"minecraft:interact_with_smoker":18,"minecraft:inspect_dispenser":101,"minecraft:horse_one_cm":33554,"minecraft:interact_with_smithing_table":12,"minecraft:interact_with_anvil":61,"minecraft:inspect_hopper":15,"minecraft:damage_dealt_absorbed":160,"minecraft:sneak_time":196407,"minecraft:interact_with_blast_furnace":18,"minecraft:total_world_time":2108870,"minecraft:interact_with_stonecutter":10,"minecraft:time_since_rest":17915,"minecraft:swim_one_cm":82871,"minecraft:fly_one_cm":6761999,"minecraft:open_chest":1070,"minecraft:fall_one_cm":638354,"minecraft:sprint_one_cm":6269009,"minecraft:drop":1067,"minecraft:play_noteblock":2,"minecraft:talked_to_villager":488,"minecraft:interact_with_brewingstand":3,"minecraft:walk_on_water_one_cm":263011,"minecraft:interact_with_loom":1,"minecraft:interact_with_beacon":8,"minecraft:player_kills":11,"minecraft:crouch_one_cm":862874,"minecraft:mob_kills":658,"minecraft:damage_dealt_resisted":403,"minecraft:climb_one_cm":39276,"minecraft:walk_one_cm":2974628,"minecraft:raid_win":1,"minecraft:walk_under_water_one_cm":139247,"minecraft:boat_one_cm":6333,"minecraft:pot_flower":1,"minecraft:interact_with_grindstone":5,"minecraft:damage_taken":41792,"minecraft:damage_absorbed":311,"minecraft:aviate_one_cm":9071602},"minecraft:broken":{"minecraft:shears":1,"minecraft:diamond_shovel":1,"minecraft:iron_axe":7,"minecraft:iron_shovel":1,"minecraft:stone_pickaxe":1},"minecraft:dropped":{"sophisticatedbackpacks:iron_backpack":1,"justhammers:netherite_hammer":1,"minecraft:iron_sword":1,"minecraft:lapis_lazuli":27,"minecraft:oak_pressure_plate":2,"minecraft:cooked_beef":21,"minecraft:crafting_table":2,"minecraft:cookie":229,"betternether:nether_reed_ladder":2,"betterend:aeternium_leggings":1,"minecraft:fletching_table":60,"minecraft:rail":67,"minecraft:leather_helmet":1,"betternether:black_bush":2,"minecraft:item_frame":7,"minecraft:red_carpet":1,"sophisticatedbackpacks:gold_backpack":1,"minecraft:emerald":248,"minecraft:dirt":2846,"minecraft:grass":2,"minecraft:stone_button":10,"minecraft:netherite_boots":2,"minecraft:jungle_sapling":4,"minecraft:gold_nugget":12,"minecraft:bone_meal":7,"minecraft:phantom_membrane":5,"minecraft:sand":54,"minecraft:sugar":4,"minecraft:iron_pickaxe":1,"minecraft:white_wool":4,"minecraft:music_disc_stal":1,"minecraft:bone":44,"minecraft:music_disc_blocks":1,"minecraft:stone_axe":67,"betterend:aeternium_helmet":1,"minecraft:sugar_cane":10,"minecraft:lever":1,"minecraft:golden_chestplate":1,"minecraft:cobbled_deepslate":531,"minecraft:birch_sapling":7,"minecraft:wheat":8,"minecraft:obsidian":1,"minecraft:blue_wool":8,"minecraft:rotten_flesh":176,"deeperdarker:sculk_gleam":1,"minecraft:oak_planks":1,"minecraft:music_disc_far":2,"deeperdarker:heart_of_the_deep":1,"minecraft:salmon":1,"betternether:flaming_ruby_boots":1,"minecraft:chiseled_deepslate":1,"minecraft:tipped_arrow":3,"minecraft:deepslate_tiles":5,"minecraft:charcoal":2,"minecraft:jungle_log":1,"minecraft:leather_boots":3,"minecraft:acacia_sapling":25,"minecraft:ladder":18,"minecraft:leather_leggings":2,"minecraft:glass":24,"minecraft:beef":7,"minecraft:acacia_fence":3,"minecraft:cartography_table":2,"minecraft:egg":8,"minecraft:enchanted_book":28,"minecraft:golden_boots":4,"minecraft:iron_ingot":172,"betterend:crystal_shards":107,"minecraft:wheat_seeds":713,"betternether:cincinnasite_pedestal":1,"minecraft:dripstone_block":87,"minecraft:netherite_chestplate":3,"minecraft:netherite_helmet":2,"minecraft:cobblestone":3220,"minecraft:iron_helmet":3,"minecraft:book":1,"minecraft:apple":2,"minecraft:granite":93,"minecraft:chainmail_helmet":1,"minecraft:coal":13,"minecraft:oxeye_daisy":2,"minecraft:diamond_horse_armor":1,"minecraft:jungle_slab":10,"minecraft:gray_wool":19,"minecraft:sculk":12,"minecraft:golden_carrot":4,"minecraft:gray_bed":1,"minecraft:lime_carpet":1,"sophisticatedbackpacks:advanced_tool_swapper_upgrade":1,"minecraft:white_banner":1,"minecraft:iron_shovel":4,"minecraft:paper":15,"minecraft:string":50,"betterend:aeternium_boots":1,"minecraft:acacia_planks":24,"betternether:bone_slab":1,"betternether:quartz_glass_framed_pane":1,"betternether:cincinnasite_bars":1,"minecraft:diamond_hoe":11,"minecraft:white_carpet":5,"minecraft:iron_boots":2,"deeperdarker:gloomy_cactus":1,"sophisticatedbackpacks:backpack":9,"minecraft:name_tag":1,"minecraft:cobbled_deepslate_slab":1,"justhammers:netherite_impact_hammer":2,"gravestones:gravestone":3,"minecraft:shears":1,"minecraft:suspicious_stew":15,"minecraft:blast_furnace":1,"betternether:geyser":1,"minecraft:diamond_sword":1,"minecraft:cobblestone_slab":21,"minecraft:peony":4,"minecraft:diamond_pickaxe":2,"minecraft:redstone_torch":1,"minecraft:stone_pressure_plate":2,"minecraft:spider_eye":45,"minecraft:barrel":1,"minecraft:bamboo":25,"minecraft:blue_orchid":11,"minecraft:bow":15,"minecraft:magma_block":1,"betternether:flaming_ruby_pickaxe":1,"artifacts:fire_gauntlet":1,"minecraft:spruce_sign":4,"minecraft:candle":10,"minecraft:brown_mushroom":4,"minecraft:oak_log":240,"deeperdarker:warden_carapace":1,"minecraft:lantern":5,"minecraft:leather":1,"minecraft:jungle_planks":30,"minecraft:deepslate_tile_stairs":1,"minecraft:flint":6,"artifacts:night_vision_goggles":3,"artifacts:novelty_drinking_hat":1,"minecraft:jungle_button":256,"minecraft:polished_blackstone_brick_stairs":2,"minecraft:mutton":4,"minecraft:polished_blackstone_bricks":3,"minecraft:acacia_door":3,"minecraft:birch_log":30,"minecraft:gold_ingot":1,"betternether:wall_moss":1,"minecraft:armor_stand":1,"minecraft:gravel":218,"minecraft:blackstone":2,"minecraft:twisting_vines":3,"minecraft:pointed_dripstone":88,"artifacts:villager_hat":6,"minecraft:diamond_shovel":3,"betternether:netherrack_stalactite":10,"minecraft:carrot":190,"sophisticatedbackpacks:diamond_backpack":1,"minecraft:poppy":4695,"minecraft:leather_chestplate":2,"betterend:aeternium_chestplate":1,"minecraft:gunpowder":30,"minecraft:dropper":2,"morebows:flame_bow":2,"minecraft:melon_seeds":13,"minecraft:acacia_slab":4,"minecraft:chest":8,"minecraft:arrow":3,"minecraft:scaffolding":4,"minecraft:quartz":39,"minecraft:netherrack":225,"minecraft:firework_rocket":86,"minecraft:stone_hoe":38,"minecraft:water_bucket":3,"deeperdarker:cobbled_gloomslate":17,"minecraft:bread":87,"minecraft:vine":1,"minecraft:golden_helmet":2,"minecraft:smithing_table":1,"minecraft:bookshelf":16,"minecraft:diamond_leggings":1,"minecraft:amethyst_block":3,"minecraft:spruce_stairs":6,"minecraft:acacia_trapdoor":2,"minecraft:stick":37,"minecraft:iron_block":192,"minecraft:diorite":18,"minecraft:sculk_catalyst":1,"minecraft:torch":5,"minecraft:light_blue_wool":16,"minecraft:brown_wool":1,"minecraft:iron_axe":3,"minecraft:tripwire_hook":2,"betternether:flaming_ruby_axe":1,"minecraft:dandelion":6,"minecraft:smooth_basalt":1,"minecraft:redstone":119,"minecraft:polished_diorite":1,"minecraft:warped_nylium":1,"minecraft:raw_copper":102,"minecraft:tuff":56,"betternether:flaming_ruby_chestplate":1,"minecraft:raw_iron":15,"minecraft:tall_grass":4,"minecraft:sculk_sensor":3,"minecraft:smoker":1,"minecraft:ender_eye":18,"minecraft:glass_pane":12,"minecraft:netherite_leggings":5,"betternether:lapis_pile":6,"minecraft:deepslate_bricks":1,"minecraft:shield":2,"minecraft:diamond_chestplate":1,"minecraft:iron_chestplate":1,"minecraft:andesite":132,"minecraft:mossy_stone_bricks":2,"minecraft:golden_leggings":1,"minecraft:oak_boat":1,"minecraft:oak_sapling":223,"betternether:lumabus_seed":22,"minecraft:slime_ball":3,"minecraft:stripped_acacia_log":1,"minecraft:beacon":1,"betternether:nether_ruby_helmet":1,"minecraft:stone_pickaxe":22,"minecraft:calcite":3},"minecraft:killed":{"minecraft:cave_spider":3,"minecraft:skeleton":54,"minecraft:magma_cube":10,"minecraft:elder_guardian":1,"minecraft:iron_golem":3,"minecraft:pillager":4,"minecraft:zombie":137,"minecraft:cow":11,"minecraft:evoker":1,"minecraft:vindicator":3,"minecraft:horse":1,"minecraft:enderman":6,"minecraft:witch":6,"minecraft:spider":42,"minecraft:piglin_brute":4,"artifacts:mimic":3,"minecraft:piglin":7,"minecraft:zombie_villager":3,"minecraft:creeper":61,"minecraft:sheep":2,"minecraft:trader_llama":1,"minecraft:ghast":1,"minecraft:blaze":7,"minecraft:vex":3,"minecraft:slime":28,"minecraft:phantom":29,"minecraft:llama":5,"minecraft:drowned":1,"minecraft:hoglin":1,"minecraft:squid":10,"minecraft:wither_skeleton":38,"minecraft:player":8,"minecraft:villager":5}},"DataVersion":3465}