{"stats":{"minecraft:mined":{"minecraft:white_bed":6,"minecraft:jungle_leaves":27,"minecraft:red_nether_bricks":2,"minecraft:obsidian":1,"minecraft:granite":10,"minecraft:acacia_log":140,"betternether:lumabus_vine":3,"minecraft:jungle_log":2259,"minecraft:deepslate_bricks":1,"minecraft:oak_pressure_plate":1,"minecraft:coal_block":6,"minecraft:deepslate_tile_stairs":1,"minecraft:blue_wool":8,"minecraft:hopper":1,"minecraft:nether_wart":1,"minecraft:oak_wall_sign":1,"minecraft:oxeye_daisy":1,"minecraft:spawner":4,"minecraft:polished_blackstone_bricks":29,"minecraft:cobbled_deepslate":18,"minecraft:fire":6,"minecraft:fletching_table":3,"minecraft:deepslate_lapis_ore":8,"minecraft:sculk_shrieker":4,"minecraft:dirt_path":44,"minecraft:spruce_wood":6,"minecraft:player_head":1,"betternether:sepia_bone_grass":1,"minecraft:amethyst_cluster":5,"deeperdarker:sculk_stone":34,"minecraft:blue_stained_glass":14,"minecraft:torch":13,"minecraft:note_block":2,"minecraft:spruce_wall_sign":1,"minecraft:glass":5,"minecraft:sugar_cane":134,"minecraft:amethyst_block":3,"minecraft:skeleton_skull":1,"minecraft:cyan_wool":9,"minecraft:wheat":208,"minecraft:grass":429,"minecraft:oak_fence_gate":9,"deeperdarker:gloomy_cactus":1,"minecraft:smooth_basalt":1,"minecraft:deepslate":842,"minecraft:deepslate_tiles":2,"minecraft:light_blue_wool":16,"deeperdarker:gloomslate_lapis_ore":3,"deeperdarker:gloomslate":17,"betternether:bone_grass":1,"minecraft:nether_bricks":5,"minecraft:jungle_planks":65,"minecraft:redstone_wire":3,"betternether:stalagnate_roof":2,"minecraft:potted_bamboo":1,"minecraft:cartography_table":3,"minecraft:acacia_trapdoor":1,"minecraft:jungle_sapling":2,"betternether:cincinnasite_wall":2,"minecraft:andesite":6,"betternether:quartz_glass_framed_pane":1,"betternether:pig_statue_respawner":3,"minecraft:vine":43,"minecraft:rail":253,"minecraft:bone_block":4,"minecraft:smithing_table":3,"gravestones:gravestone":4,"minecraft:redstone_block":4,"minecraft:glass_pane":6,"minecraft:soul_sand":5,"minecraft:dandelion":1,"minecraft:emerald_ore":5,"minecraft:tall_grass":20,"minecraft:copper_ore":5,"minecraft:deepslate_gold_ore":72,"minecraft:diorite":19,"minecraft:red_terracotta":1,"minecraft:white_carpet":2,"betternether:wall_mushroom_red":1,"betternether:bone_tile":4,"minecraft:zombie_head":1,"minecraft:gravel":65,"minecraft:cobweb":12,"minecraft:acacia_planks":36,"minecraft:gold_ore":1,"minecraft:fern":1,"minecraft:stone_pressure_plate":2,"minecraft:spruce_planks":5,"minecraft:cobblestone_stairs":2,"minecraft:sculk_vein":18,"sophisticatedbackpacks:gold_backpack":1,"minecraft:brewing_stand":2,"minecraft:grass_block":1794,"sophisticatedbackpacks:iron_backpack":1,"minecraft:cracked_polished_blackstone_bricks":12,"betternether:nether_brick_wall":2,"betternether:sepia_mushroom_grass":1,"deeperdarker:sculk_gleam":1,"minecraft:polished_diorite":1,"minecraft:composter":3,"minecraft:sculk_catalyst":2,"minecraft:iron_ore":351,"betternether:nether_reed_ladder":4,"minecraft:deepslate_redstone_ore":27,"minecraft:blackstone":10,"minecraft:melon_stem":3,"minecraft:orange_terracotta":2,"deeperdarker:gloomslate_gold_ore":7,"minecraft:calcite":3,"minecraft:chest":13,"minecraft:cobblestone":61,"minecraft:grindstone":1,"minecraft:wall_torch":22,"minecraft:stone_stairs":15,"minecraft:warped_nylium":2,"minecraft:powered_rail":22,"betternether:mushroom_fir_trunk":1,"minecraft:yellow_wool":4,"betternether:geyser":1,"minecraft:oak_log":120,"minecraft:acacia_fence":9,"minecraft:sand":139,"minecraft:dirt":1261,"minecraft:dispenser":5,"minecraft:netherrack":111,"minecraft:oak_leaves":25,"minecraft:red_carpet":1,"minecraft:tuff":29,"minecraft:deepslate_diamond_ore":65,"minecraft:acacia_slab":2,"minecraft:hay_block":50,"deeperdarker:gloomy_sculk":13,"minecraft:furnace":1,"minecraft:carrots":243,"minecraft:acacia_stairs":6,"minecraft:chiseled_deepslate":1,"minecraft:gold_block":12,"minecraft:bookshelf":12,"minecraft:deepslate_iron_ore":20,"minecraft:stripped_acacia_log":2,"betternether:nether_lapis_ore":4,"minecraft:stone":2857,"betternether:nether_reed_planks":3,"minecraft:acacia_leaves":3,"minecraft:scaffolding":4,"betternether:cincinnasite_lantern":1,"minecraft:basalt":4,"minecraft:crafting_table":10,"betternether:mushroom_grass":1,"minecraft:lime_carpet":3,"minecraft:sculk_sensor":1,"minecraft:lectern":4,"minecraft:stone_slab":37,"minecraft:lapis_ore":16,"minecraft:polished_blackstone_brick_stairs":3,"minecraft:sculk":16,"minecraft:spruce_stairs":6,"minecraft:gray_wool":545,"minecraft:gray_bed":13,"minecraft:yellow_bed":9,"minecraft:coal_ore":277,"minecraft:gray_carpet":3},"minecraft:killed_by":{"minecraft:zombie":1,"minecraft:wither_skeleton":18,"minecraft:creeper":1,"minecraft:player":2,"minecraft:iron_golem":3,"minecraft:skeleton":2},"minecraft:custom":{"minecraft:interact_with_crafting_table":123,"minecraft:open_barrel":64,"minecraft:bell_ring":3,"minecraft:eat_cake_slice":1,"minecraft:leave_game":24,"minecraft:time_since_death":144716,"minecraft:play_time":1246514,"minecraft:deaths":35,"minecraft:jump":18590,"minecraft:interact_with_furnace":389,"minecraft:traded_with_villager":736,"minecraft:sleep_in_bed":34,"minecraft:damage_dealt":52204,"minecraft:interact_with_smoker":18,"minecraft:inspect_dispenser":65,"minecraft:interact_with_smithing_table":6,"minecraft:interact_with_anvil":38,"minecraft:damage_dealt_absorbed":40,"minecraft:sneak_time":125068,"minecraft:interact_with_blast_furnace":14,"minecraft:total_world_time":1246514,"minecraft:time_since_rest":688,"minecraft:swim_one_cm":58968,"minecraft:fly_one_cm":3503583,"minecraft:open_chest":754,"minecraft:fall_one_cm":400896,"minecraft:sprint_one_cm":3808082,"minecraft:drop":499,"minecraft:play_noteblock":2,"minecraft:talked_to_villager":265,"minecraft:interact_with_brewingstand":3,"minecraft:walk_on_water_one_cm":188063,"minecraft:interact_with_loom":1,"minecraft:player_kills":3,"minecraft:crouch_one_cm":473688,"minecraft:mob_kills":263,"minecraft:climb_one_cm":29637,"minecraft:walk_one_cm":1643737,"minecraft:walk_under_water_one_cm":24824,"minecraft:boat_one_cm":6333,"minecraft:pot_flower":1,"minecraft:interact_with_grindstone":5,"minecraft:damage_taken":25941,"minecraft:damage_absorbed":38,"minecraft:aviate_one_cm":4117},"minecraft:killed":{"minecraft:cave_spider":3,"minecraft:skeleton":24,"minecraft:magma_cube":10,"minecraft:iron_golem":3,"minecraft:pillager":1,"minecraft:zombie":75,"minecraft:cow":11,"minecraft:vindicator":3,"minecraft:enderman":2,"minecraft:witch":2,"minecraft:spider":20,"minecraft:piglin_brute":4,"artifacts:mimic":3,"minecraft:piglin":7,"minecraft:zombie_villager":1,"minecraft:creeper":10,"minecraft:sheep":2,"minecraft:trader_llama":1,"minecraft:ghast":1,"minecraft:blaze":7,"minecraft:vex":1,"minecraft:llama":5,"minecraft:hoglin":1,"minecraft:squid":10,"minecraft:wither_skeleton":38,"minecraft:player":2,"minecraft:villager":2},"minecraft:used":{"minecraft:dispenser":7,"minecraft:elytra":1,"minecraft:ladder":18,"minecraft:chest":37,"minecraft:stone":1776,"minecraft:farmland":11,"minecraft:rotten_flesh":8,"minecraft:soul_sand":5,"minecraft:jungle_slab":1,"minecraft:jungle_sapling":106,"minecraft:lava_bucket":2,"betternether:stalagnate_roof":2,"minecraft:villager_spawn_egg":18,"minecraft:grass_block":5,"minecraft:bow":3,"minecraft:furnace":4,"minecraft:acacia_fence":3,"minecraft:egg":8,"minecraft:potato":1,"minecraft:diorite":1,"minecraft:acacia_trapdoor":4,"minecraft:powered_rail":43,"minecraft:blackstone":2,"minecraft:wooden_pickaxe":19,"minecraft:composter":1,"minecraft:golden_apple":1,"minecraft:zombie_head":1,"minecraft:stone_button":5,"minecraft:lectern":8,"minecraft:red_terracotta":1,"minecraft:diamond_sword":303,"minecraft:smithing_table":7,"minecraft:oak_boat":2,"minecraft:stone_sword":5,"minecraft:acacia_log":5,"minecraft:armor_stand":1,"betternether:nether_brick_wall":1,"minecraft:netherrack":369,"minecraft:torch":126,"minecraft:brewing_stand":1,"minecraft:anvil":5,"minecraft:stone_stairs":263,"betternether:mushroom_fir_stem":3,"minecraft:oak_fence_gate":109,"minecraft:iron_axe":990,"minecraft:jungle_log":26,"minecraft:basalt":3,"minecraft:acacia_planks":142,"minecraft:cobbled_deepslate":295,"minecraft:orange_terracotta":2,"sophisticatedbackpacks:gold_backpack":1,"minecraft:water_bucket":314,"minecraft:cartography_table":2,"minecraft:fletching_table":6,"minecraft:polished_blackstone_bricks":16,"minecraft:rail":354,"minecraft:crafting_table":8,"minecraft:white_bed":4,"minecraft:campfire":9,"minecraft:diamond_pickaxe":2839,"minecraft:diamond_shovel":2824,"minecraft:iron_pickaxe":266,"minecraft:cobblestone":217,"minecraft:acacia_pressure_plate":1,"minecraft:cooked_porkchop":23,"minecraft:glass_pane":5,"minecraft:diamond_leggings":8,"minecraft:iron_shovel":473,"minecraft:oak_sign":10,"minecraft:diamond_hoe":162,"betternether:flaming_ruby_pickaxe":2104,"minecraft:iron_sword":386,"minecraft:zombie_spawn_egg":1,"minecraft:player_head":1,"betternether:nether_reed_planks":2,"minecraft:jungle_planks":35,"minecraft:nether_bricks":1,"minecraft:carrot":378,"minecraft:tuff":2,"minecraft:cyan_wool":9,"betternether:flaming_ruby_sword":135,"minecraft:glass":119,"minecraft:item_frame":13,"minecraft:red_carpet":1,"minecraft:gray_bed":51,"minecraft:skeleton_skull":1,"betternether:nether_cactus":3,"betternether:flaming_ruby_chestplate":1,"minecraft:stripped_acacia_log":1,"minecraft:stone_pickaxe":246,"minecraft:gray_carpet":3,"minecraft:redstone_block":4,"minecraft:diamond_axe":1838,"minecraft:yellow_terracotta":11,"minecraft:shears":570,"betternether:pig_statue_respawner":3,"minecraft:redstone_torch":2,"minecraft:lime_carpet":1,"minecraft:bread":238,"minecraft:gravel":1,"betternether:mushroom_fir_sapling":1,"minecraft:grindstone":1,"minecraft:bone_meal":110,"minecraft:experience_bottle":5,"minecraft:oak_fence":48,"sophisticatedbackpacks:iron_backpack":1,"minecraft:redstone":3,"bosses_of_mass_destruction:void_lily":1,"minecraft:dirt":2717,"minecraft:hopper":10,"minecraft:granite":2,"minecraft:iron_hoe":19,"minecraft:bookshelf":1,"gravestones:gravestone":6,"minecraft:acacia_slab":1,"minecraft:golden_carrot":65,"minecraft:minecart":9,"minecraft:cooked_beef":20,"minecraft:iron_leggings":8,"minecraft:cooked_mutton":3,"minecraft:cobblestone_stairs":2,"minecraft:spruce_sign":9,"minecraft:flower_pot":1,"minecraft:acacia_stairs":1,"minecraft:apple":5,"minecraft:cracked_polished_blackstone_bricks":9,"minecraft:stone_slab":684,"betternether:nether_ruby_sword":74,"minecraft:yellow_wool":4,"minecraft:stone_axe":69,"minecraft:bucket":313,"minecraft:yellow_bed":3,"minecraft:gray_wool":442},"minecraft:crafted":{"minecraft:black_dye":21,"minecraft:jungle_button":64,"minecraft:diamond_shovel":1,"sophisticatedbackpacks:crafting_upgrade":1,"minecraft:bookshelf":10,"minecraft:glass":138,"minecraft:diamond_helmet":1,"minecraft:diamond_leggings":1,"minecraft:netherite_boots":1,"minecraft:gray_bed":24,"minecraft:wooden_shovel":1,"minecraft:emerald":668,"minecraft:cooked_porkchop":4,"minecraft:acacia_slab":24,"minecraft:smithing_table":2,"minecraft:copper_ingot":18,"minecraft:campfire":9,"minecraft:lectern":4,"minecraft:stone_slab":642,"minecraft:iron_pickaxe":2,"minecraft:iron_block":3,"minecraft:gold_ingot":69,"minecraft:golden_carrot":59,"minecraft:diamond_hoe":2,"sophisticatedbackpacks:stack_upgrade_tier_1":1,"minecraft:bone_meal":120,"betternether:nether_ruby_leggings":1,"minecraft:stone_stairs":248,"minecraft:ladder":27,"minecraft:stone_pickaxe":14,"minecraft:diamond_boots":1,"minecraft:wheat":702,"sophisticatedbackpacks:advanced_tool_swapper_upgrade":1,"sophisticatedbackpacks:gold_backpack":1,"minecraft:enchanted_book":21,"minecraft:jungle_slab":30,"minecraft:oak_fence_gate":100,"sophisticatedbackpacks:stonecutter_upgrade":1,"minecraft:wooden_axe":1,"minecraft:iron_shovel":2,"minecraft:oak_planks":396,"minecraft:acacia_pressure_plate":1,"minecraft:stone":1910,"betternether:nether_ruby_helmet":1,"minecraft:iron_boots":2,"minecraft:bow":1,"minecraft:chest":38,"minecraft:netherite_helmet":1,"minecraft:netherite_upgrade_smithing_template":14,"minecraft:rail":416,"minecraft:stone_hoe":12,"minecraft:oak_fence":48,"minecraft:raw_iron_block":13,"sophisticatedbackpacks:backpack":1,"minecraft:arrow":64,"minecraft:crafting_table":6,"minecraft:spruce_planks":24,"minecraft:wooden_pickaxe":2,"minecraft:iron_helmet":1,"sophisticatedbackpacks:upgrade_base":2,"minecraft:dispenser":1,"minecraft:iron_chestplate":1,"minecraft:paper":177,"minecraft:diamond_pickaxe":2,"minecraft:stick":16707,"minecraft:iron_ingot":700,"minecraft:redstone_torch":2,"betternether:nether_ruby_chestplate":2,"minecraft:shears":3,"minecraft:wooden_sword":1,"minecraft:raw_iron":189,"minecraft:coal":54,"sophisticatedbackpacks:tool_swapper_upgrade":1,"minecraft:furnace":4,"minecraft:stone_button":1,"minecraft:gray_dye":22,"minecraft:netherite_chestplate":1,"minecraft:netherite_leggings":1,"minecraft:iron_axe":4,"sophisticatedbackpacks:iron_backpack":1,"minecraft:cooked_beef":20,"minecraft:diamond_sword":1,"minecraft:powered_rail":6,"minecraft:bucket":1,"minecraft:stone_axe":13,"minecraft:air":0,"minecraft:bread":190,"minecraft:jungle_planks":8664,"minecraft:gold_nugget":567,"minecraft:white_dye":11,"minecraft:stonecutter":1,"minecraft:anvil":1,"minecraft:acacia_planks":124,"minecraft:torch":68,"minecraft:diamond_chestplate":1},"minecraft:picked_up":{"minecraft:flower_pot":1,"minecraft:lead":3,"minecraft:smithing_table":3,"minecraft:stone_slab":45,"minecraft:diamond_sword":1,"betternether:lumabus_seed":22,"artifacts:chorus_totem":1,"minecraft:enchanted_book":10,"minecraft:brewing_stand":3,"minecraft:amethyst_block":3,"minecraft:music_disc_cat":2,"minecraft:polished_blackstone_brick_stairs":2,"minecraft:string":54,"minecraft:red_nether_bricks":2,"minecraft:diamond_leggings":3,"minecraft:cobbled_deepslate":403,"minecraft:spruce_planks":5,"minecraft:coal_block":6,"betternether:quartz_glass_framed_pane":1,"minecraft:composter":3,"minecraft:acacia_log":122,"minecraft:golden_axe":1,"minecraft:deepslate_tile_stairs":1,"minecraft:stone_sword":3,"minecraft:lime_carpet":2,"minecraft:light_blue_wool":16,"minecraft:netherite_chestplate":1,"minecraft:blaze_rod":2,"minecraft:magma_block":16,"minecraft:cooked_beef":21,"deeperdarker:gloomy_cactus":1,"minecraft:water_bucket":2,"minecraft:jungle_log":2252,"minecraft:flint":11,"minecraft:netherite_leggings":1,"minecraft:lantern":1,"minecraft:disc_fragment_5":3,"artifacts:shock_pendant":1,"minecraft:twisting_vines":3,"betternether:geyser":1,"bosses_of_mass_destruction:void_lily":1,"betternether:wall_moss":1,"sophisticatedbackpacks:iron_backpack":2,"minecraft:ink_sac":21,"minecraft:acacia_stairs":6,"minecraft:red_terracotta":1,"minecraft:barrel":1,"minecraft:stripped_acacia_log":2,"minecraft:dispenser":6,"minecraft:lever":1,"minecraft:granite":8,"minecraft:chainmail_helmet":2,"minecraft:bread":1,"minecraft:diamond_pickaxe":1,"sophisticatedbackpacks:gold_backpack":12,"minecraft:crafting_table":6,"minecraft:nether_wart":3,"minecraft:leather_leggings":3,"betternether:bone_slab":1,"minecraft:elytra":1,"minecraft:white_carpet":5,"minecraft:iron_shovel":4,"minecraft:glass_pane":12,"minecraft:cartography_table":4,"minecraft:music_disc_otherside":1,"minecraft:beef":21,"minecraft:cyan_wool":9,"minecraft:poppy":1361,"minecraft:jungle_sapling":169,"minecraft:minecart":71,"minecraft:chest":13,"minecraft:diamond_hoe":8,"minecraft:egg":10,"minecraft:stone":469,"sophisticatedbackpacks:backpack":1,"betternether:nether_reed_planks":2,"betternether:nether_ruby":24,"minecraft:carrot":788,"minecraft:redstone":32,"minecraft:diamond_chestplate":1,"minecraft:shears":1,"minecraft:deepslate_bricks":1,"minecraft:hay_block":78,"minecraft:yellow_terracotta":11,"minecraft:gold_ingot":123,"artifacts:pocket_piston":1,"gravestones:gravestone":5,"minecraft:mutton":2,"minecraft:white_wool":23,"minecraft:bone_block":4,"minecraft:rail":302,"minecraft:oxeye_daisy":2,"betternether:flaming_ruby_pickaxe":2,"minecraft:oak_log":111,"minecraft:jungle_button":192,"betternether:blue_obsidian_glass":1,"minecraft:golden_boots":1,"minecraft:white_banner":1,"betternether:nether_cactus":3,"minecraft:apple":3,"deeperdarker:warden_upgrade_smithing_template":2,"minecraft:oak_fence_gate":9,"minecraft:stone_pickaxe":9,"minecraft:tall_grass":4,"minecraft:gray_bed":13,"minecraft:iron_sword":2,"minecraft:smooth_basalt":1,"betternether:black_bush":5,"minecraft:sculk":6,"betternether:bone_tile":4,"minecraft:gravel":56,"betternether:cincinnasite_ingot":4,"minecraft:leather_helmet":1,"minecraft:slime_ball":3,"minecraft:polished_diorite":1,"minecraft:stone_axe":2,"minecraft:gray_wool":534,"minecraft:melon_seeds":8,"minecraft:warped_nylium":1,"minecraft:hopper":1,"minecraft:ender_pearl":2,"minecraft:chiseled_deepslate":1,"minecraft:wheat":141,"minecraft:redstone_block":4,"minecraft:yellow_wool":4,"betternether:pig_statue_respawner":3,"minecraft:potion":3,"betternether:nether_reed_ladder":2,"minecraft:raw_copper":18,"betternether:cincinnasite_wall":2,"minecraft:zombie_head":1,"minecraft:iron_leggings":2,"minecraft:armor_stand":2,"minecraft:netherite_ingot":20,"minecraft:experience_bottle":7,"minecraft:oak_sign":1,"minecraft:deepslate_tiles":2,"betternether:golden_lumabus_seed":1,"minecraft:redstone_torch":1,"minecraft:calcite":3,"minecraft:iron_boots":1,"minecraft:furnace":1,"minecraft:blue_wool":8,"minecraft:stick":266,"minecraft:acacia_fence":6,"minecraft:torch":47,"minecraft:spruce_stairs":6,"deeperdarker:heart_of_the_deep":2,"minecraft:diorite":15,"betternether:lapis_pile":20,"minecraft:rotten_flesh":75,"betternether:stalagnate_roof":2,"sophisticatedbackpacks:advanced_tool_swapper_upgrade":1,"betternether:mushroom_fir_sapling":6,"betternether:cincinnasite_bars":1,"minecraft:cobblestone":2463,"deeperdarker:cobbled_sculk_stone":33,"minecraft:leather_chestplate":3,"betternether:glowstone_pile":20,"minecraft:magma_cream":1,"minecraft:andesite":6,"minecraft:potato":1,"minecraft:tuff":26,"minecraft:wither_skeleton_skull":1,"minecraft:lapis_lazuli":115,"minecraft:dirt":2857,"minecraft:name_tag":1,"minecraft:leather_boots":2,"minecraft:bone":53,"minecraft:acacia_planks":38,"minecraft:bow":2,"minecraft:wheat_seeds":533,"minecraft:raw_gold":1,"minecraft:grindstone":1,"minecraft:fletching_table":67,"minecraft:bamboo":1,"minecraft:powered_rail":33,"minecraft:oak_planks":2,"minecraft:cooked_porkchop":4,"minecraft:music_disc_13":1,"minecraft:oak_pressure_plate":1,"minecraft:sand":138,"minecraft:jungle_planks":183,"minecraft:grass_block":5,"minecraft:jungle_slab":1,"artifacts:plastic_drinking_hat":15,"minecraft:sugar":1,"minecraft:diamond":66,"minecraft:netherite_helmet":1,"minecraft:cracked_polished_blackstone_bricks":9,"minecraft:grass":2,"minecraft:spruce_sign":14,"minecraft:emerald":13,"minecraft:oak_sapling":23,"minecraft:netherrack":644,"minecraft:charcoal":2,"artifacts:night_vision_goggles":1,"deeperdarker:cobbled_gloomslate":17,"minecraft:ladder":9,"minecraft:gold_block":12,"minecraft:shield":1,"minecraft:stone_stairs":15,"minecraft:iron_axe":2,"minecraft:item_frame":17,"artifacts:fire_gauntlet":4,"minecraft:blackstone":4,"deeperdarker:warden_carapace":4,"minecraft:candle":10,"simplyswords:runic_tablet":1,"minecraft:echo_shard":7,"minecraft:oak_boat":3,"minecraft:player_head":1,"minecraft:lectern":4,"minecraft:sugar_cane":228,"minecraft:raw_iron":347,"betternether:nether_brick_wall":1,"betternether:wall_mushroom_red":1,"minecraft:polished_blackstone_bricks":19,"minecraft:stone_button":4,"betternether:mushroom_fir_stem":4,"minecraft:stone_pressure_plate":1,"minecraft:arrow":11,"deeperdarker:sculk_gleam":1,"minecraft:nether_bricks":5,"minecraft:saddle":5,"minecraft:skeleton_skull":1,"minecraft:netherite_boots":1,"minecraft:basalt":3,"minecraft:golden_carrot":4,"artifacts:novelty_drinking_hat":9,"minecraft:salmon":1,"minecraft:leather":17,"minecraft:yellow_bed":9,"minecraft:gunpowder":5,"minecraft:cobblestone_stairs":2,"betternether:cincinnasite_pedestal":1,"minecraft:orange_terracotta":2,"minecraft:cooked_mutton":1,"minecraft:red_carpet":2,"minecraft:gray_carpet":3,"minecraft:acacia_trapdoor":2,"minecraft:spruce_wood":6,"minecraft:iron_ingot":158,"minecraft:acacia_sapling":21,"minecraft:soul_sand":5,"minecraft:book":92,"minecraft:sculk_catalyst":3,"minecraft:scaffolding":8,"minecraft:quartz":25,"minecraft:dandelion":6,"minecraft:amethyst_shard":25,"minecraft:soul_torch":19,"minecraft:white_bed":6,"minecraft:spider_eye":4,"minecraft:sculk_sensor":4,"minecraft:chainmail_leggings":1,"minecraft:iron_helmet":2,"minecraft:acacia_slab":1,"minecraft:coal":487},"minecraft:dropped":{"minecraft:iron_sword":1,"minecraft:lapis_lazuli":25,"minecraft:oak_pressure_plate":1,"minecraft:cooked_beef":21,"minecraft:crafting_table":2,"betternether:nether_reed_ladder":2,"minecraft:fletching_table":60,"minecraft:rail":65,"betternether:black_bush":2,"minecraft:red_carpet":1,"minecraft:item_frame":4,"sophisticatedbackpacks:gold_backpack":1,"minecraft:dirt":10,"minecraft:grass":2,"minecraft:netherite_boots":1,"minecraft:jungle_sapling":4,"minecraft:gold_nugget":5,"minecraft:sugar":1,"minecraft:iron_pickaxe":1,"minecraft:white_wool":2,"minecraft:bone":4,"minecraft:stone_axe":15,"minecraft:lever":1,"minecraft:cobbled_deepslate":17,"minecraft:wheat":4,"minecraft:blue_wool":8,"minecraft:rotten_flesh":91,"deeperdarker:sculk_gleam":1,"minecraft:oak_planks":1,"deeperdarker:heart_of_the_deep":1,"minecraft:salmon":1,"betternether:flaming_ruby_boots":1,"minecraft:chiseled_deepslate":1,"minecraft:tipped_arrow":3,"minecraft:deepslate_tiles":2,"minecraft:charcoal":2,"minecraft:jungle_log":1,"minecraft:leather_boots":1,"minecraft:acacia_sapling":21,"minecraft:ladder":18,"minecraft:leather_leggings":1,"minecraft:glass":24,"minecraft:beef":1,"minecraft:acacia_fence":3,"minecraft:cartography_table":2,"minecraft:egg":3,"minecraft:enchanted_book":1,"minecraft:golden_boots":1,"minecraft:iron_ingot":101,"minecraft:wheat_seeds":535,"betternether:cincinnasite_pedestal":1,"minecraft:netherite_chestplate":1,"minecraft:netherite_helmet":1,"minecraft:iron_helmet":3,"minecraft:cobblestone":29,"minecraft:book":1,"minecraft:apple":1,"minecraft:granite":8,"minecraft:chainmail_helmet":1,"minecraft:coal":4,"minecraft:oxeye_daisy":2,"minecraft:jungle_slab":10,"minecraft:gray_wool":19,"minecraft:golden_carrot":4,"minecraft:lime_carpet":1,"sophisticatedbackpacks:advanced_tool_swapper_upgrade":1,"minecraft:iron_shovel":4,"minecraft:string":36,"minecraft:acacia_planks":4,"betternether:bone_slab":1,"betternether:quartz_glass_framed_pane":1,"betternether:cincinnasite_bars":1,"minecraft:diamond_hoe":7,"minecraft:white_carpet":5,"minecraft:iron_boots":2,"deeperdarker:gloomy_cactus":1,"sophisticatedbackpacks:backpack":1,"minecraft:name_tag":1,"gravestones:gravestone":2,"minecraft:shears":1,"betternether:geyser":1,"minecraft:diamond_sword":1,"minecraft:diamond_pickaxe":1,"minecraft:redstone_torch":1,"minecraft:stone_pressure_plate":1,"minecraft:spider_eye":4,"minecraft:barrel":1,"minecraft:bow":2,"minecraft:magma_block":1,"betternether:flaming_ruby_pickaxe":1,"artifacts:fire_gauntlet":1,"minecraft:spruce_sign":4,"minecraft:candle":10,"deeperdarker:warden_carapace":1,"minecraft:lantern":1,"minecraft:jungle_planks":8,"minecraft:flint":6,"minecraft:deepslate_tile_stairs":1,"minecraft:jungle_button":256,"artifacts:novelty_drinking_hat":1,"minecraft:polished_blackstone_brick_stairs":2,"minecraft:mutton":2,"minecraft:polished_blackstone_bricks":3,"betternether:wall_moss":1,"minecraft:armor_stand":1,"minecraft:gravel":51,"minecraft:blackstone":2,"minecraft:twisting_vines":3,"minecraft:carrot":164,"minecraft:poppy":4695,"minecraft:leather_chestplate":1,"minecraft:gunpowder":7,"minecraft:melon_seeds":8,"minecraft:acacia_slab":1,"minecraft:chest":8,"minecraft:arrow":2,"minecraft:scaffolding":4,"minecraft:netherrack":194,"minecraft:stone_hoe":12,"minecraft:water_bucket":2,"deeperdarker:cobbled_gloomslate":17,"minecraft:bread":87,"minecraft:diamond_leggings":1,"minecraft:amethyst_block":3,"minecraft:spruce_stairs":6,"minecraft:acacia_trapdoor":2,"minecraft:stick":12,"minecraft:diorite":7,"minecraft:torch":5,"minecraft:sculk_catalyst":1,"minecraft:light_blue_wool":16,"minecraft:brown_wool":1,"minecraft:iron_axe":3,"minecraft:dandelion":6,"minecraft:smooth_basalt":1,"minecraft:polished_diorite":1,"minecraft:warped_nylium":1,"minecraft:tuff":24,"betternether:flaming_ruby_chestplate":1,"minecraft:tall_grass":4,"minecraft:sculk_sensor":3,"minecraft:glass_pane":12,"minecraft:netherite_leggings":1,"betternether:lapis_pile":6,"minecraft:deepslate_bricks":1,"minecraft:shield":1,"minecraft:diamond_chestplate":1,"minecraft:iron_chestplate":1,"minecraft:oak_boat":1,"minecraft:oak_sapling":23,"betternether:lumabus_seed":22,"minecraft:slime_ball":3,"minecraft:stripped_acacia_log":1,"betternether:nether_ruby_helmet":1,"minecraft:stone_pickaxe":22,"minecraft:calcite":3},"minecraft:broken":{"minecraft:shears":1,"minecraft:iron_axe":3,"minecraft:iron_shovel":1,"minecraft:stone_pickaxe":1}},"DataVersion":3465}