{"stats":{"minecraft:broken":{"minecraft:iron_shovel":1,"minecraft:stone_pickaxe":1},"minecraft:picked_up":{"minecraft:wheat":141,"minecraft:redstone_block":4,"minecraft:flower_pot":1,"minecraft:yellow_wool":4,"minecraft:stone_slab":39,"minecraft:lead":1,"minecraft:brewing_stand":2,"minecraft:amethyst_block":2,"minecraft:string":38,"minecraft:raw_copper":18,"minecraft:iron_leggings":1,"minecraft:armor_stand":2,"minecraft:experience_bottle":5,"minecraft:zombie_head":1,"minecraft:oak_sign":1,"minecraft:cobbled_deepslate":59,"minecraft:spruce_planks":5,"minecraft:calcite":1,"minecraft:coal_block":6,"minecraft:furnace":1,"minecraft:stick":170,"minecraft:acacia_fence":3,"minecraft:composter":1,"minecraft:torch":27,"minecraft:acacia_log":74,"minecraft:spruce_stairs":6,"minecraft:diorite":8,"betternether:lapis_pile":14,"minecraft:stone_sword":1,"minecraft:lime_carpet":2,"minecraft:rotten_flesh":31,"sophisticatedbackpacks:advanced_tool_swapper_upgrade":1,"minecraft:cobblestone":2346,"minecraft:magma_block":15,"minecraft:leather_chestplate":3,"minecraft:water_bucket":1,"minecraft:jungle_log":1365,"minecraft:potato":1,"minecraft:flint":6,"minecraft:lapis_lazuli":89,"minecraft:dirt":2565,"minecraft:disc_fragment_5":1,"minecraft:leather_boots":1,"minecraft:bone":6,"minecraft:acacia_planks":5,"betternether:geyser":1,"minecraft:bow":2,"minecraft:wheat_seeds":523,"minecraft:raw_gold":1,"minecraft:grindstone":1,"minecraft:fletching_table":6,"minecraft:bamboo":1,"minecraft:powered_rail":24,"minecraft:oak_planks":2,"minecraft:cooked_porkchop":2,"minecraft:oak_pressure_plate":1,"minecraft:sand":138,"minecraft:jungle_planks":55,"minecraft:ink_sac":21,"minecraft:grass_block":5,"minecraft:acacia_stairs":1,"minecraft:jungle_slab":1,"minecraft:red_terracotta":1,"artifacts:plastic_drinking_hat":14,"minecraft:dispenser":5,"minecraft:diamond":11,"minecraft:lever":1,"minecraft:granite":8,"minecraft:grass":2,"minecraft:emerald":11,"minecraft:chainmail_helmet":2,"minecraft:spruce_sign":14,"minecraft:bread":1,"minecraft:oak_sapling":23,"minecraft:netherrack":91,"sophisticatedbackpacks:gold_backpack":9,"minecraft:crafting_table":5,"minecraft:ladder":9,"minecraft:leather_leggings":3,"minecraft:stone_stairs":14,"minecraft:item_frame":16,"minecraft:white_carpet":5,"minecraft:iron_shovel":2,"minecraft:glass_pane":12,"minecraft:cartography_table":4,"minecraft:beef":20,"minecraft:echo_shard":1,"minecraft:oak_boat":3,"minecraft:player_head":1,"minecraft:jungle_sapling":110,"minecraft:poppy":4,"minecraft:minecart":54,"minecraft:lectern":4,"minecraft:sugar_cane":51,"minecraft:chest":5,"minecraft:diamond_hoe":1,"minecraft:egg":6,"minecraft:raw_iron":347,"minecraft:stone":452,"sophisticatedbackpacks:backpack":1,"minecraft:stone_button":3,"minecraft:carrot":411,"minecraft:redstone":16,"minecraft:arrow":9,"minecraft:hay_block":31,"minecraft:yellow_terracotta":11,"minecraft:gold_ingot":8,"minecraft:mutton":2,"minecraft:rail":127,"minecraft:skeleton_skull":1,"minecraft:white_wool":23,"minecraft:oxeye_daisy":2,"betternether:flaming_ruby_pickaxe":2,"minecraft:salmon":1,"minecraft:leather":14,"minecraft:oak_log":111,"betternether:blue_obsidian_glass":1,"minecraft:golden_boots":1,"minecraft:yellow_bed":9,"minecraft:gunpowder":3,"minecraft:cobblestone_stairs":2,"minecraft:orange_terracotta":2,"minecraft:cooked_mutton":1,"minecraft:red_carpet":2,"minecraft:apple":3,"minecraft:acacia_trapdoor":2,"minecraft:spruce_wood":6,"minecraft:iron_ingot":35,"minecraft:oak_fence_gate":9,"minecraft:stone_pickaxe":2,"minecraft:tall_grass":4,"minecraft:gray_bed":13,"minecraft:iron_sword":1,"minecraft:acacia_sapling":21,"minecraft:soul_sand":5,"minecraft:book":19,"minecraft:scaffolding":8,"betternether:black_bush":2,"minecraft:quartz":10,"minecraft:dandelion":6,"minecraft:gravel":24,"minecraft:amethyst_shard":12,"minecraft:white_bed":5,"minecraft:spider_eye":1,"minecraft:leather_helmet":1,"minecraft:slime_ball":3,"minecraft:polished_diorite":1,"minecraft:chainmail_leggings":1,"minecraft:iron_helmet":1,"minecraft:gray_wool":199,"minecraft:melon_seeds":8,"minecraft:coal":253,"minecraft:hopper":1,"minecraft:ender_pearl":1},"minecraft:custom":{"minecraft:interact_with_crafting_table":84,"minecraft:open_barrel":8,"minecraft:bell_ring":3,"minecraft:eat_cake_slice":1,"minecraft:leave_game":8,"minecraft:time_since_death":21572,"minecraft:sprint_one_cm":2405690,"minecraft:drop":176,"minecraft:talked_to_villager":106,"minecraft:play_time":683228,"minecraft:deaths":12,"minecraft:jump":9522,"minecraft:interact_with_brewingstand":1,"minecraft:walk_on_water_one_cm":125798,"minecraft:interact_with_furnace":338,"minecraft:traded_with_villager":320,"minecraft:interact_with_loom":1,"minecraft:sleep_in_bed":28,"minecraft:damage_dealt":17722,"minecraft:crouch_one_cm":215439,"minecraft:interact_with_smoker":15,"minecraft:inspect_dispenser":48,"minecraft:interact_with_anvil":11,"minecraft:mob_kills":94,"minecraft:climb_one_cm":9440,"minecraft:walk_one_cm":1103087,"minecraft:damage_dealt_absorbed":40,"minecraft:sneak_time":52220,"minecraft:walk_under_water_one_cm":18043,"minecraft:boat_one_cm":6333,"minecraft:interact_with_blast_furnace":11,"minecraft:total_world_time":683228,"minecraft:pot_flower":1,"minecraft:interact_with_grindstone":3,"minecraft:time_since_rest":21902,"minecraft:damage_taken":9986,"minecraft:swim_one_cm":47643,"minecraft:fly_one_cm":1906920,"minecraft:open_chest":451,"minecraft:fall_one_cm":203747},"minecraft:killed_by":{"minecraft:zombie":1,"minecraft:player":2,"minecraft:iron_golem":3,"minecraft:skeleton":2},"minecraft:killed":{"minecraft:cave_spider":3,"minecraft:spider":6,"minecraft:skeleton":12,"minecraft:zombie_villager":1,"minecraft:iron_golem":1,"minecraft:creeper":3,"minecraft:sheep":2,"minecraft:trader_llama":1,"minecraft:zombie":37,"minecraft:cow":10,"minecraft:llama":5,"minecraft:squid":10,"minecraft:villager":2},"minecraft:used":{"minecraft:iron_shovel":473,"minecraft:dispenser":6,"minecraft:ladder":18,"minecraft:diamond_hoe":140,"minecraft:oak_sign":10,"betternether:flaming_ruby_pickaxe":563,"minecraft:chest":37,"minecraft:stone":1764,"minecraft:iron_sword":319,"minecraft:player_head":1,"minecraft:rotten_flesh":8,"minecraft:soul_sand":5,"minecraft:jungle_planks":35,"minecraft:carrot":247,"minecraft:jungle_slab":1,"minecraft:jungle_sapling":76,"minecraft:glass":108,"minecraft:lava_bucket":1,"minecraft:grass_block":5,"minecraft:item_frame":12,"minecraft:red_carpet":1,"minecraft:bow":3,"minecraft:furnace":4,"minecraft:gray_bed":51,"minecraft:acacia_fence":1,"minecraft:skeleton_skull":1,"minecraft:egg":3,"minecraft:potato":1,"minecraft:diorite":1,"minecraft:acacia_trapdoor":4,"minecraft:stone_pickaxe":246,"minecraft:powered_rail":42,"minecraft:wooden_pickaxe":19,"minecraft:composter":1,"minecraft:redstone_block":4,"minecraft:diamond_axe":1746,"minecraft:yellow_terracotta":11,"minecraft:shears":202,"minecraft:redstone_torch":1,"minecraft:zombie_head":1,"minecraft:lime_carpet":1,"minecraft:stone_button":4,"minecraft:bread":140,"minecraft:lectern":6,"minecraft:red_terracotta":1,"minecraft:gravel":1,"minecraft:grindstone":1,"minecraft:oak_boat":2,"minecraft:bone_meal":81,"minecraft:experience_bottle":5,"minecraft:oak_fence":48,"minecraft:stone_sword":5,"minecraft:armor_stand":1,"minecraft:redstone":3,"minecraft:dirt":2369,"minecraft:brewing_stand":1,"minecraft:torch":85,"minecraft:anvil":1,"minecraft:hopper":10,"minecraft:stone_stairs":246,"minecraft:granite":2,"minecraft:oak_fence_gate":109,"minecraft:bookshelf":1,"minecraft:iron_axe":2,"minecraft:minecart":3,"minecraft:cooked_beef":20,"minecraft:acacia_planks":1,"minecraft:orange_terracotta":2,"sophisticatedbackpacks:gold_backpack":1,"minecraft:cooked_mutton":1,"minecraft:water_bucket":237,"minecraft:cobblestone_stairs":2,"minecraft:cartography_table":2,"minecraft:spruce_sign":9,"minecraft:fletching_table":6,"minecraft:rail":190,"minecraft:crafting_table":7,"minecraft:white_bed":4,"minecraft:campfire":9,"minecraft:diamond_pickaxe":2597,"minecraft:flower_pot":1,"minecraft:acacia_stairs":1,"minecraft:apple":5,"minecraft:diamond_shovel":2370,"minecraft:iron_pickaxe":266,"minecraft:stone_slab":675,"minecraft:yellow_wool":4,"minecraft:stone_axe":69,"minecraft:cobblestone":198,"minecraft:acacia_pressure_plate":1,"minecraft:cooked_porkchop":19,"minecraft:bucket":238,"minecraft:glass_pane":4,"minecraft:yellow_bed":3,"minecraft:gray_wool":126},"minecraft:dropped":{"minecraft:spruce_sign":4,"minecraft:lapis_lazuli":25,"minecraft:oak_pressure_plate":1,"minecraft:rail":64,"betternether:black_bush":2,"minecraft:red_carpet":1,"minecraft:item_frame":4,"minecraft:flint":6,"minecraft:dirt":8,"minecraft:grass":2,"minecraft:mutton":2,"minecraft:iron_pickaxe":1,"minecraft:white_wool":1,"minecraft:armor_stand":1,"minecraft:bone":2,"minecraft:gravel":23,"minecraft:stone_axe":2,"minecraft:lever":1,"minecraft:wheat":4,"minecraft:rotten_flesh":20,"minecraft:oak_planks":1,"minecraft:salmon":1,"minecraft:carrot":164,"minecraft:poppy":4,"minecraft:leather_chestplate":1,"minecraft:gunpowder":1,"minecraft:melon_seeds":8,"minecraft:jungle_log":1,"minecraft:acacia_sapling":21,"minecraft:ladder":18,"minecraft:leather_leggings":1,"minecraft:arrow":1,"minecraft:scaffolding":4,"minecraft:cartography_table":2,"minecraft:egg":3,"minecraft:water_bucket":1,"minecraft:enchanted_book":1,"minecraft:golden_boots":1,"minecraft:wheat_seeds":525,"minecraft:cobblestone":13,"minecraft:book":1,"minecraft:apple":1,"minecraft:amethyst_block":2,"minecraft:granite":6,"minecraft:spruce_stairs":6,"minecraft:chainmail_helmet":1,"minecraft:acacia_trapdoor":2,"minecraft:coal":2,"minecraft:stick":12,"minecraft:oxeye_daisy":2,"minecraft:jungle_slab":2,"minecraft:diorite":7,"minecraft:lime_carpet":1,"sophisticatedbackpacks:advanced_tool_swapper_upgrade":1,"minecraft:iron_axe":1,"minecraft:string":21,"minecraft:acacia_planks":4,"minecraft:dandelion":6,"minecraft:polished_diorite":1,"minecraft:tall_grass":4,"minecraft:white_carpet":5,"sophisticatedbackpacks:backpack":1,"minecraft:glass_pane":12,"betternether:geyser":1,"minecraft:oak_boat":1,"minecraft:oak_sapling":23,"minecraft:spider_eye":1,"minecraft:slime_ball":3,"minecraft:bow":2,"minecraft:stone_pickaxe":4,"minecraft:calcite":1,"betternether:flaming_ruby_pickaxe":1},"minecraft:mined":{"minecraft:spruce_planks":5,"minecraft:white_bed":5,"minecraft:cobblestone_stairs":2,"sophisticatedbackpacks:gold_backpack":1,"minecraft:jungle_leaves":21,"minecraft:brewing_stand":1,"minecraft:granite":8,"minecraft:acacia_log":93,"minecraft:grass_block":1709,"minecraft:jungle_log":1364,"minecraft:oak_pressure_plate":1,"minecraft:coal_block":6,"minecraft:polished_diorite":1,"minecraft:composter":1,"minecraft:hopper":1,"minecraft:oxeye_daisy":1,"minecraft:oak_wall_sign":1,"minecraft:spawner":1,"minecraft:iron_ore":340,"minecraft:deepslate_lapis_ore":2,"minecraft:fletching_table":2,"minecraft:sculk_shrieker":3,"minecraft:dirt_path":15,"minecraft:spruce_wood":6,"minecraft:player_head":1,"minecraft:deepslate_redstone_ore":3,"minecraft:melon_stem":3,"minecraft:amethyst_cluster":4,"minecraft:orange_terracotta":2,"minecraft:blue_stained_glass":12,"minecraft:torch":3,"minecraft:calcite":1,"minecraft:chest":5,"minecraft:spruce_wall_sign":1,"minecraft:glass":5,"minecraft:cobblestone":46,"minecraft:sugar_cane":26,"minecraft:grindstone":1,"minecraft:wall_torch":20,"minecraft:amethyst_block":2,"minecraft:skeleton_skull":1,"minecraft:stone_stairs":14,"minecraft:powered_rail":21,"minecraft:yellow_wool":4,"minecraft:wheat":208,"betternether:geyser":1,"minecraft:grass":346,"minecraft:oak_log":120,"minecraft:oak_fence_gate":9,"minecraft:acacia_fence":6,"minecraft:sand":139,"minecraft:dirt":953,"minecraft:dispenser":5,"minecraft:oak_leaves":25,"minecraft:deepslate":60,"minecraft:red_carpet":1,"minecraft:deepslate_diamond_ore":10,"minecraft:jungle_planks":65,"minecraft:redstone_wire":3,"minecraft:potted_bamboo":1,"minecraft:cartography_table":3,"minecraft:hay_block":31,"minecraft:furnace":1,"minecraft:carrots":143,"minecraft:acacia_trapdoor":1,"minecraft:acacia_stairs":1,"minecraft:bookshelf":4,"minecraft:deepslate_iron_ore":5,"minecraft:vine":16,"minecraft:rail":81,"betternether:nether_lapis_ore":4,"minecraft:stone":2733,"minecraft:acacia_leaves":3,"minecraft:scaffolding":4,"minecraft:redstone_block":4,"minecraft:glass_pane":4,"minecraft:soul_sand":5,"minecraft:dandelion":1,"minecraft:crafting_table":7,"minecraft:emerald_ore":5,"minecraft:lime_carpet":3,"minecraft:lectern":4,"minecraft:stone_slab":28,"minecraft:copper_ore":5,"minecraft:tall_grass":8,"minecraft:lapis_ore":14,"minecraft:diorite":15,"minecraft:sculk":7,"minecraft:spruce_stairs":6,"minecraft:gray_wool":206,"minecraft:red_terracotta":1,"minecraft:gray_bed":13,"minecraft:white_carpet":2,"minecraft:yellow_bed":9,"minecraft:coal_ore":225,"minecraft:zombie_head":1,"minecraft:gravel":30,"minecraft:cobweb":12,"minecraft:acacia_planks":3,"minecraft:gold_ore":1,"minecraft:fern":1},"minecraft:crafted":{"minecraft:black_dye":21,"minecraft:oak_planks":392,"minecraft:acacia_pressure_plate":1,"minecraft:stone":1910,"minecraft:diamond_shovel":1,"sophisticatedbackpacks:crafting_upgrade":1,"minecraft:bookshelf":6,"minecraft:glass":138,"minecraft:bow":1,"minecraft:chest":38,"minecraft:rail":128,"minecraft:oak_fence":48,"minecraft:gray_bed":24,"minecraft:raw_iron_block":13,"minecraft:wooden_shovel":1,"sophisticatedbackpacks:backpack":1,"minecraft:arrow":64,"minecraft:emerald":300,"minecraft:cooked_porkchop":4,"minecraft:crafting_table":4,"minecraft:spruce_planks":24,"minecraft:acacia_slab":24,"minecraft:wooden_pickaxe":2,"minecraft:copper_ingot":18,"minecraft:campfire":9,"sophisticatedbackpacks:upgrade_base":2,"minecraft:dispenser":1,"minecraft:diamond_pickaxe":1,"minecraft:stick":10083,"minecraft:stone_slab":642,"minecraft:iron_ingot":181,"minecraft:iron_pickaxe":2,"minecraft:gold_ingot":24,"minecraft:redstone_torch":2,"minecraft:wooden_sword":1,"minecraft:raw_iron":189,"minecraft:coal":54,"sophisticatedbackpacks:tool_swapper_upgrade":1,"minecraft:furnace":4,"minecraft:stone_button":1,"minecraft:gray_dye":22,"minecraft:bone_meal":81,"minecraft:stone_stairs":248,"minecraft:iron_axe":1,"minecraft:ladder":27,"minecraft:stone_pickaxe":3,"minecraft:wheat":243,"sophisticatedbackpacks:iron_backpack":1,"minecraft:cooked_beef":20,"sophisticatedbackpacks:advanced_tool_swapper_upgrade":1,"minecraft:powered_rail":6,"sophisticatedbackpacks:gold_backpack":1,"minecraft:bucket":1,"minecraft:stone_axe":2,"minecraft:enchanted_book":10,"minecraft:jungle_slab":6,"minecraft:air":0,"minecraft:bread":96,"minecraft:jungle_planks":5220,"minecraft:oak_fence_gate":100,"minecraft:white_dye":11,"sophisticatedbackpacks:stonecutter_upgrade":1,"minecraft:wooden_axe":1,"minecraft:iron_shovel":1,"minecraft:stonecutter":1,"minecraft:acacia_planks":28,"minecraft:torch":56}},"DataVersion":3465}