{"stats":{"minecraft:mined":{"minecraft:white_bed":6,"minecraft:jungle_leaves":27,"minecraft:red_nether_bricks":2,"minecraft:obsidian":84,"minecraft:granite":20,"minecraft:acacia_log":157,"betternether:lumabus_vine":3,"betterend:aurora_crystal":27,"minecraft:jungle_log":3000,"minecraft:oak_pressure_plate":1,"minecraft:deepslate_bricks":1,"minecraft:coal_block":12,"minecraft:deepslate_tile_stairs":1,"minecraft:blue_wool":8,"minecraft:oxeye_daisy":1,"minecraft:hopper":1,"minecraft:oak_wall_sign":1,"minecraft:nether_wart":1,"minecraft:spawner":5,"minecraft:polished_blackstone_bricks":29,"minecraft:cobbled_deepslate":21,"minecraft:fire":20,"minecraft:fletching_table":5,"minecraft:deepslate_lapis_ore":14,"minecraft:sculk_shrieker":4,"minecraft:dirt_path":46,"minecraft:spruce_wood":6,"minecraft:iron_block":448,"minecraft:player_head":1,"betternether:sepia_bone_grass":1,"minecraft:smoker":1,"minecraft:amethyst_cluster":5,"deeperdarker:sculk_stone":34,"minecraft:blue_stained_glass":14,"minecraft:torch":14,"minecraft:note_block":2,"minecraft:blast_furnace":1,"minecraft:spruce_wall_sign":1,"minecraft:glass":9,"minecraft:sugar_cane":134,"minecraft:amethyst_block":3,"minecraft:skeleton_skull":1,"minecraft:cyan_wool":9,"minecraft:wheat":208,"minecraft:grass":470,"minecraft:oak_fence_gate":9,"deeperdarker:gloomy_cactus":1,"minecraft:smooth_basalt":1,"minecraft:deepslate":2358,"minecraft:deepslate_tiles":2,"minecraft:light_blue_wool":16,"minecraft:mossy_cobblestone":1,"deeperdarker:gloomslate_lapis_ore":3,"deeperdarker:gloomslate":17,"betternether:bone_grass":1,"minecraft:end_stone":22,"minecraft:nether_bricks":5,"minecraft:jungle_planks":71,"minecraft:redstone_wire":3,"betternether:stalagnate_roof":2,"minecraft:potted_bamboo":1,"minecraft:cartography_table":3,"minecraft:acacia_trapdoor":1,"minecraft:jungle_sapling":5,"betternether:cincinnasite_wall":2,"minecraft:andesite":8,"betternether:quartz_glass_framed_pane":1,"betternether:pig_statue_respawner":3,"minecraft:vine":50,"minecraft:rail":318,"minecraft:bone_block":4,"minecraft:smithing_table":4,"betterend:ender_ore":11,"gravestones:gravestone":7,"minecraft:redstone_block":4,"minecraft:glass_pane":6,"minecraft:soul_sand":5,"minecraft:dandelion":1,"minecraft:emerald_ore":5,"minecraft:copper_ore":5,"minecraft:tall_grass":20,"minecraft:deepslate_gold_ore":72,"minecraft:diorite":19,"minecraft:red_terracotta":1,"minecraft:white_carpet":3,"betternether:wall_mushroom_red":1,"betternether:bone_tile":4,"minecraft:zombie_head":1,"minecraft:gravel":70,"minecraft:cobweb":15,"minecraft:acacia_planks":37,"minecraft:gold_ore":1,"minecraft:fern":2,"minecraft:spruce_planks":5,"minecraft:stone_pressure_plate":2,"minecraft:cobblestone_stairs":2,"minecraft:sculk_vein":18,"sophisticatedbackpacks:gold_backpack":2,"minecraft:brewing_stand":2,"minecraft:grass_block":1816,"sophisticatedbackpacks:iron_backpack":2,"minecraft:cracked_polished_blackstone_bricks":12,"betternether:nether_brick_wall":2,"betternether:sepia_mushroom_grass":1,"deeperdarker:sculk_gleam":1,"minecraft:polished_diorite":1,"minecraft:composter":3,"minecraft:sculk_catalyst":2,"minecraft:iron_ore":351,"betternether:nether_reed_ladder":4,"minecraft:deepslate_redstone_ore":33,"minecraft:blackstone":10,"minecraft:melon_stem":3,"minecraft:orange_terracotta":2,"betterend:thallasium_ore":28,"deeperdarker:gloomslate_gold_ore":7,"minecraft:calcite":3,"minecraft:beacon":1,"minecraft:chest":13,"minecraft:cobblestone":72,"minecraft:grindstone":1,"minecraft:oak_planks":1,"minecraft:wall_torch":24,"minecraft:deepslate_copper_ore":5,"minecraft:stone_stairs":15,"minecraft:warped_nylium":2,"minecraft:powered_rail":22,"betternether:mushroom_fir_trunk":1,"minecraft:yellow_wool":4,"betternether:geyser":1,"minecraft:oak_log":123,"minecraft:acacia_fence":9,"minecraft:sand":191,"minecraft:dirt":1314,"minecraft:dispenser":5,"minecraft:netherrack":111,"minecraft:oak_leaves":26,"betterend:blooming_cooksonia":2,"minecraft:red_carpet":1,"minecraft:tuff":30,"minecraft:deepslate_diamond_ore":68,"minecraft:acacia_slab":7,"minecraft:hay_block":50,"deeperdarker:gloomy_sculk":13,"minecraft:furnace":1,"minecraft:carrots":243,"minecraft:acacia_stairs":6,"minecraft:chiseled_deepslate":1,"minecraft:gold_block":12,"minecraft:bookshelf":12,"minecraft:deepslate_iron_ore":27,"minecraft:stripped_acacia_log":2,"betternether:nether_lapis_ore":4,"minecraft:stone":3011,"betternether:nether_reed_planks":3,"minecraft:podzol":7,"minecraft:acacia_leaves":5,"minecraft:scaffolding":4,"betternether:cincinnasite_lantern":1,"minecraft:basalt":4,"minecraft:crafting_table":10,"betternether:mushroom_grass":1,"minecraft:lime_carpet":6,"minecraft:sculk_sensor":1,"minecraft:lectern":12,"minecraft:stone_slab":37,"minecraft:lapis_ore":16,"minecraft:polished_blackstone_brick_stairs":3,"minecraft:sculk":18,"minecraft:spruce_stairs":6,"minecraft:gray_wool":545,"minecraft:gray_bed":16,"minecraft:yellow_bed":9,"minecraft:coal_ore":279,"minecraft:gray_carpet":3,"minecraft:mossy_stone_bricks":2},"minecraft:killed_by":{"minecraft:zombie":1,"minecraft:wither_skeleton":18,"minecraft:creeper":1,"minecraft:player":3,"minecraft:iron_golem":3,"minecraft:skeleton":2},"minecraft:custom":{"minecraft:interact_with_crafting_table":163,"minecraft:open_barrel":64,"minecraft:bell_ring":3,"minecraft:eat_cake_slice":1,"minecraft:leave_game":25,"minecraft:time_since_death":42839,"minecraft:play_time":1483399,"minecraft:deaths":45,"minecraft:jump":21933,"minecraft:interact_with_furnace":392,"minecraft:traded_with_villager":985,"minecraft:sleep_in_bed":36,"minecraft:damage_dealt":59165,"minecraft:interact_with_smoker":18,"minecraft:inspect_dispenser":70,"minecraft:horse_one_cm":33554,"minecraft:interact_with_smithing_table":7,"minecraft:interact_with_anvil":50,"minecraft:damage_dealt_absorbed":40,"minecraft:sneak_time":142266,"minecraft:interact_with_blast_furnace":17,"minecraft:total_world_time":1483399,"minecraft:time_since_rest":42912,"minecraft:swim_one_cm":61802,"minecraft:fly_one_cm":4947612,"minecraft:open_chest":875,"minecraft:fall_one_cm":477594,"minecraft:sprint_one_cm":4383103,"minecraft:drop":601,"minecraft:play_noteblock":2,"minecraft:talked_to_villager":333,"minecraft:interact_with_brewingstand":3,"minecraft:walk_on_water_one_cm":222258,"minecraft:interact_with_loom":1,"minecraft:interact_with_beacon":3,"minecraft:player_kills":8,"minecraft:crouch_one_cm":600087,"minecraft:mob_kills":292,"minecraft:climb_one_cm":34413,"minecraft:walk_one_cm":1926823,"minecraft:raid_win":1,"minecraft:walk_under_water_one_cm":45014,"minecraft:boat_one_cm":6333,"minecraft:pot_flower":1,"minecraft:interact_with_grindstone":5,"minecraft:damage_taken":29893,"minecraft:damage_absorbed":77,"minecraft:aviate_one_cm":597111},"minecraft:killed":{"minecraft:cave_spider":3,"minecraft:skeleton":25,"minecraft:magma_cube":10,"minecraft:elder_guardian":1,"minecraft:iron_golem":3,"minecraft:pillager":3,"minecraft:zombie":81,"minecraft:cow":11,"minecraft:evoker":1,"minecraft:vindicator":3,"minecraft:horse":1,"minecraft:enderman":4,"minecraft:witch":2,"minecraft:spider":29,"minecraft:piglin_brute":4,"artifacts:mimic":3,"minecraft:piglin":7,"minecraft:zombie_villager":1,"minecraft:creeper":11,"minecraft:sheep":2,"minecraft:trader_llama":1,"minecraft:ghast":1,"minecraft:blaze":7,"minecraft:vex":3,"minecraft:llama":5,"minecraft:hoglin":1,"minecraft:squid":10,"minecraft:wither_skeleton":38,"minecraft:player":7,"minecraft:villager":2},"minecraft:used":{"minecraft:dispenser":7,"minecraft:elytra":1,"minecraft:ladder":18,"minecraft:chest":37,"minecraft:stone":1776,"minecraft:farmland":11,"minecraft:rotten_flesh":8,"minecraft:soul_sand":5,"minecraft:jungle_slab":1,"minecraft:jungle_sapling":137,"minecraft:lava_bucket":2,"betternether:stalagnate_roof":2,"minecraft:villager_spawn_egg":18,"minecraft:grass_block":5,"minecraft:bow":3,"minecraft:furnace":4,"minecraft:acacia_fence":3,"minecraft:egg":11,"minecraft:potato":1,"minecraft:diorite":1,"minecraft:acacia_trapdoor":4,"minecraft:powered_rail":44,"minecraft:blackstone":2,"minecraft:wooden_pickaxe":19,"minecraft:composter":1,"minecraft:golden_apple":6,"minecraft:zombie_head":1,"minecraft:stone_button":5,"minecraft:lectern":16,"minecraft:red_terracotta":1,"minecraft:diamond_sword":303,"minecraft:smithing_table":7,"minecraft:oak_boat":2,"minecraft:stone_sword":5,"minecraft:acacia_log":5,"minecraft:armor_stand":1,"betternether:nether_brick_wall":1,"minecraft:netherrack":369,"minecraft:torch":133,"minecraft:brewing_stand":1,"minecraft:anvil":5,"minecraft:stone_stairs":263,"betternether:mushroom_fir_stem":3,"minecraft:oak_fence_gate":109,"minecraft:iron_axe":1746,"minecraft:iron_block":171,"minecraft:jungle_log":31,"minecraft:totem_of_undying":1,"minecraft:basalt":3,"minecraft:cobbled_deepslate":550,"minecraft:acacia_planks":143,"minecraft:orange_terracotta":2,"sophisticatedbackpacks:gold_backpack":2,"minecraft:water_bucket":473,"minecraft:cartography_table":2,"minecraft:fletching_table":6,"minecraft:polished_blackstone_bricks":16,"minecraft:rail":460,"minecraft:crafting_table":10,"minecraft:white_bed":4,"minecraft:campfire":9,"minecraft:oak_log":2,"minecraft:diamond_pickaxe":2839,"minecraft:diamond_shovel":2950,"minecraft:iron_pickaxe":266,"minecraft:cobblestone":290,"minecraft:acacia_pressure_plate":1,"minecraft:cooked_porkchop":23,"minecraft:glass_pane":5,"minecraft:diamond_leggings":8,"minecraft:iron_shovel":473,"minecraft:oak_sign":10,"minecraft:diamond_hoe":162,"betternether:flaming_ruby_pickaxe":4536,"minecraft:iron_sword":386,"minecraft:zombie_spawn_egg":1,"minecraft:player_head":1,"betternether:nether_reed_planks":2,"minecraft:jungle_planks":50,"minecraft:nether_bricks":1,"minecraft:carrot":378,"minecraft:tuff":3,"minecraft:cyan_wool":9,"betternether:flaming_ruby_sword":226,"minecraft:obsidian":1043,"minecraft:glass":395,"minecraft:item_frame":13,"minecraft:red_carpet":1,"minecraft:gray_bed":66,"minecraft:skeleton_skull":1,"betternether:nether_cactus":3,"betternether:flaming_ruby_chestplate":1,"minecraft:stripped_acacia_log":1,"minecraft:elder_guardian_spawn_egg":4,"minecraft:stone_pickaxe":246,"minecraft:gray_carpet":3,"minecraft:oak_planks":1,"minecraft:redstone_block":5,"minecraft:diamond_axe":1876,"minecraft:yellow_terracotta":11,"minecraft:end_stone":21,"minecraft:shears":570,"betternether:pig_statue_respawner":3,"minecraft:redstone_torch":2,"minecraft:lime_carpet":24,"minecraft:bread":238,"minecraft:gravel":1,"betternether:mushroom_fir_sapling":1,"minecraft:grindstone":1,"minecraft:bone_meal":172,"minecraft:experience_bottle":5,"minecraft:oak_fence":48,"sophisticatedbackpacks:iron_backpack":2,"minecraft:redstone":3,"bosses_of_mass_destruction:void_lily":1,"minecraft:dirt":2748,"minecraft:white_carpet":12,"minecraft:hopper":10,"minecraft:granite":2,"minecraft:iron_hoe":19,"minecraft:bookshelf":1,"gravestones:gravestone":7,"minecraft:acacia_slab":2,"minecraft:golden_carrot":103,"minecraft:minecart":9,"minecraft:cooked_beef":20,"minecraft:iron_leggings":8,"minecraft:cooked_mutton":3,"minecraft:cobblestone_stairs":2,"minecraft:spruce_sign":9,"minecraft:beacon":1,"minecraft:flower_pot":1,"minecraft:acacia_stairs":1,"minecraft:apple":5,"minecraft:cracked_polished_blackstone_bricks":9,"minecraft:stone_slab":684,"betternether:nether_ruby_sword":74,"minecraft:yellow_wool":4,"minecraft:stone_axe":69,"morebows:flame_bow":5,"minecraft:bucket":413,"minecraft:yellow_bed":3,"minecraft:gray_wool":442},"minecraft:crafted":{"minecraft:black_dye":21,"minecraft:jungle_button":64,"minecraft:diamond_shovel":1,"sophisticatedbackpacks:crafting_upgrade":1,"minecraft:bookshelf":16,"minecraft:glass":138,"minecraft:diamond_helmet":1,"minecraft:diamond_leggings":1,"minecraft:netherite_boots":1,"minecraft:gray_bed":24,"minecraft:wooden_shovel":1,"minecraft:emerald":891,"minecraft:cooked_porkchop":4,"minecraft:diamond_axe":1,"minecraft:acacia_slab":24,"minecraft:smithing_table":2,"minecraft:copper_ingot":18,"minecraft:campfire":9,"minecraft:lectern":10,"minecraft:stone_slab":642,"minecraft:iron_pickaxe":2,"minecraft:iron_block":3,"minecraft:gold_ingot":69,"minecraft:golden_carrot":84,"minecraft:diamond_hoe":2,"sophisticatedbackpacks:stack_upgrade_tier_1":1,"minecraft:bone_meal":183,"betternether:nether_ruby_leggings":1,"minecraft:stone_stairs":248,"minecraft:ladder":27,"minecraft:stone_pickaxe":14,"minecraft:diamond_boots":1,"minecraft:redstone_block":1,"minecraft:wheat":702,"sophisticatedbackpacks:advanced_tool_swapper_upgrade":1,"sophisticatedbackpacks:gold_backpack":2,"minecraft:enchanted_book":37,"minecraft:jungle_slab":54,"minecraft:oak_fence_gate":100,"sophisticatedbackpacks:stonecutter_upgrade":1,"minecraft:wooden_axe":1,"minecraft:iron_shovel":2,"minecraft:oak_planks":396,"minecraft:acacia_pressure_plate":1,"minecraft:stone":1910,"minecraft:hopper":27,"betternether:nether_ruby_helmet":1,"minecraft:iron_boots":2,"minecraft:bow":11,"minecraft:chest":69,"minecraft:netherite_helmet":1,"minecraft:netherite_upgrade_smithing_template":14,"minecraft:rail":480,"minecraft:stone_hoe":12,"minecraft:oak_fence":48,"minecraft:raw_iron_block":13,"minecraft:dropper":3,"sophisticatedbackpacks:backpack":1,"minecraft:arrow":64,"minecraft:crafting_table":8,"minecraft:spruce_planks":24,"minecraft:wooden_pickaxe":2,"minecraft:iron_helmet":1,"sophisticatedbackpacks:upgrade_base":2,"minecraft:dispenser":11,"minecraft:iron_chestplate":1,"minecraft:paper":177,"minecraft:diamond_pickaxe":2,"minecraft:shield":1,"sophisticatedbackpacks:diamond_backpack":2,"minecraft:stick":20828,"minecraft:iron_ingot":799,"minecraft:redstone_torch":2,"betternether:nether_ruby_chestplate":2,"minecraft:shears":3,"minecraft:wooden_sword":1,"minecraft:cobbled_deepslate_slab":2950,"minecraft:raw_iron":189,"minecraft:coal":54,"minecraft:tripwire_hook":2,"sophisticatedbackpacks:tool_swapper_upgrade":1,"minecraft:furnace":4,"minecraft:stone_button":1,"minecraft:gray_dye":22,"minecraft:netherite_chestplate":1,"minecraft:netherite_leggings":1,"minecraft:iron_axe":6,"sophisticatedbackpacks:iron_backpack":2,"minecraft:cooked_beef":20,"minecraft:diamond_sword":1,"minecraft:powered_rail":6,"minecraft:bucket":1,"minecraft:stone_axe":13,"minecraft:air":0,"minecraft:bread":190,"minecraft:jungle_planks":10900,"minecraft:gold_nugget":768,"minecraft:white_dye":11,"minecraft:stonecutter":1,"minecraft:anvil":1,"minecraft:acacia_planks":300,"minecraft:torch":68,"minecraft:diamond_chestplate":1},"minecraft:picked_up":{"minecraft:creeper_head":1,"minecraft:flower_pot":1,"minecraft:lead":3,"minecraft:smithing_table":4,"minecraft:stone_slab":45,"minecraft:diamond_sword":1,"betternether:lumabus_seed":22,"artifacts:chorus_totem":1,"minecraft:enchanted_book":10,"minecraft:brewing_stand":3,"minecraft:amethyst_block":3,"minecraft:music_disc_cat":2,"minecraft:polished_blackstone_brick_stairs":2,"minecraft:string":80,"minecraft:red_nether_bricks":2,"minecraft:diamond_leggings":3,"minecraft:gold_nugget":6,"minecraft:cobbled_deepslate":771,"minecraft:spruce_planks":5,"minecraft:coal_block":12,"betternether:quartz_glass_framed_pane":1,"minecraft:composter":3,"minecraft:acacia_log":126,"minecraft:golden_axe":1,"minecraft:deepslate_tile_stairs":1,"minecraft:stone_sword":3,"minecraft:lime_carpet":26,"minecraft:light_blue_wool":16,"artifacts:villager_hat":1,"minecraft:iron_block":449,"minecraft:netherite_chestplate":3,"minecraft:blaze_rod":2,"minecraft:magma_block":16,"minecraft:cooked_beef":21,"deeperdarker:gloomy_cactus":1,"minecraft:water_bucket":2,"minecraft:jungle_log":2993,"minecraft:smoker":1,"minecraft:flint":11,"minecraft:netherite_leggings":2,"minecraft:lantern":5,"minecraft:disc_fragment_5":3,"artifacts:shock_pendant":8,"minecraft:twisting_vines":3,"betternether:geyser":1,"bosses_of_mass_destruction:void_lily":1,"betternether:wall_moss":1,"sophisticatedbackpacks:iron_backpack":3,"minecraft:ink_sac":21,"minecraft:acacia_stairs":6,"minecraft:red_terracotta":1,"minecraft:barrel":1,"minecraft:stripped_acacia_log":2,"minecraft:dispenser":6,"minecraft:lever":1,"minecraft:granite":18,"minecraft:chainmail_helmet":2,"minecraft:bread":1,"betterend:crystal_shards":107,"minecraft:diamond_pickaxe":1,"betterend:aeternium_chestplate":1,"sophisticatedbackpacks:gold_backpack":20,"minecraft:crafting_table":6,"minecraft:nether_wart":3,"minecraft:leather_leggings":3,"betternether:bone_slab":1,"betternether:flaming_ruby_sword":1,"minecraft:elytra":1,"minecraft:acacia_door":3,"minecraft:white_carpet":17,"minecraft:iron_shovel":4,"minecraft:glass_pane":12,"minecraft:cartography_table":4,"minecraft:music_disc_otherside":1,"minecraft:beef":26,"minecraft:cyan_wool":9,"minecraft:poppy":1361,"minecraft:jungle_sapling":234,"minecraft:minecart":75,"minecraft:chest":13,"minecraft:diamond_hoe":8,"minecraft:egg":15,"minecraft:stone":469,"sophisticatedbackpacks:backpack":2,"betternether:nether_reed_planks":2,"betternether:nether_ruby":24,"minecraft:carrot":816,"minecraft:redstone":74,"minecraft:diamond_chestplate":1,"minecraft:shears":1,"minecraft:deepslate_bricks":1,"minecraft:hay_block":78,"minecraft:yellow_terracotta":11,"artifacts:pocket_piston":8,"minecraft:gold_ingot":124,"minecraft:totem_of_undying":1,"gravestones:gravestone":6,"minecraft:mutton":2,"minecraft:white_wool":23,"minecraft:bone_block":4,"minecraft:rail":369,"minecraft:oxeye_daisy":2,"morebows:flame_bow":3,"betternether:flaming_ruby_pickaxe":2,"minecraft:oak_log":113,"minecraft:jungle_button":192,"betternether:blue_obsidian_glass":1,"minecraft:golden_boots":1,"minecraft:white_banner":1,"betternether:nether_cactus":3,"minecraft:apple":4,"deeperdarker:warden_upgrade_smithing_template":2,"minecraft:oak_fence_gate":9,"minecraft:stone_pickaxe":9,"minecraft:tall_grass":4,"minecraft:gray_bed":16,"minecraft:iron_sword":2,"minecraft:smooth_basalt":1,"betternether:black_bush":5,"betterend:thallasium_ingot":98,"minecraft:sculk":6,"betternether:bone_tile":4,"minecraft:gravel":59,"minecraft:dragon_egg":1,"betternether:cincinnasite_ingot":4,"minecraft:leather_helmet":2,"betterend:ender_shard":40,"minecraft:slime_ball":3,"minecraft:polished_diorite":1,"minecraft:stone_axe":2,"minecraft:gray_wool":534,"minecraft:melon_seeds":8,"minecraft:warped_nylium":1,"minecraft:hopper":1,"minecraft:ender_pearl":2,"minecraft:chiseled_deepslate":1,"minecraft:wheat":141,"minecraft:redstone_block":4,"minecraft:yellow_wool":4,"betternether:pig_statue_respawner":3,"minecraft:potion":3,"betternether:nether_reed_ladder":2,"minecraft:raw_copper":18,"betternether:cincinnasite_wall":2,"minecraft:zombie_head":1,"minecraft:iron_leggings":2,"minecraft:armor_stand":2,"minecraft:netherite_ingot":20,"minecraft:experience_bottle":7,"minecraft:oak_sign":1,"minecraft:deepslate_tiles":2,"betternether:golden_lumabus_seed":1,"minecraft:redstone_torch":1,"minecraft:ender_eye":9,"minecraft:calcite":3,"minecraft:iron_boots":1,"minecraft:furnace":1,"minecraft:blue_wool":8,"betterend:aeternium_boots":1,"minecraft:tipped_arrow":3,"minecraft:stick":356,"minecraft:acacia_fence":6,"minecraft:torch":53,"minecraft:spruce_stairs":6,"deeperdarker:heart_of_the_deep":2,"minecraft:diorite":15,"betternether:lapis_pile":20,"betterend:aeternium_helmet":1,"minecraft:rotten_flesh":83,"betternether:stalagnate_roof":2,"sophisticatedbackpacks:advanced_tool_swapper_upgrade":1,"betternether:mushroom_fir_sapling":6,"betternether:cincinnasite_bars":1,"minecraft:obsidian":82,"minecraft:cobblestone":2628,"deeperdarker:cobbled_sculk_stone":33,"minecraft:leather_chestplate":3,"betternether:glowstone_pile":20,"minecraft:magma_cream":1,"minecraft:andesite":8,"minecraft:beacon":1,"minecraft:potato":1,"minecraft:tuff":27,"minecraft:wither_skeleton_skull":1,"minecraft:lapis_lazuli":229,"minecraft:dirt":2982,"minecraft:name_tag":1,"minecraft:leather_boots":2,"minecraft:bone":57,"minecraft:acacia_planks":59,"minecraft:bow":3,"minecraft:wheat_seeds":553,"minecraft:raw_gold":1,"minecraft:cobbled_deepslate_slab":4,"minecraft:grindstone":1,"minecraft:mossy_stone_bricks":2,"minecraft:fletching_table":69,"minecraft:bamboo":26,"minecraft:powered_rail":34,"minecraft:oak_planks":3,"minecraft:cooked_porkchop":4,"minecraft:music_disc_13":1,"minecraft:oak_pressure_plate":2,"minecraft:sand":190,"minecraft:jungle_planks":195,"minecraft:grass_block":5,"minecraft:jungle_slab":1,"artifacts:plastic_drinking_hat":15,"minecraft:sugar":4,"minecraft:diamond":73,"minecraft:netherite_helmet":2,"minecraft:cracked_polished_blackstone_bricks":9,"minecraft:grass":2,"minecraft:golden_apple":2,"minecraft:spruce_sign":14,"minecraft:emerald":15,"minecraft:oak_sapling":34,"minecraft:netherrack":644,"minecraft:charcoal":2,"artifacts:night_vision_goggles":8,"minecraft:ladder":9,"deeperdarker:cobbled_gloomslate":17,"minecraft:gold_block":12,"minecraft:diamond_horse_armor":1,"minecraft:shield":1,"minecraft:stone_stairs":15,"minecraft:iron_axe":2,"minecraft:item_frame":20,"artifacts:fire_gauntlet":11,"minecraft:blackstone":4,"deeperdarker:warden_carapace":4,"simplyswords:runic_tablet":1,"minecraft:candle":10,"minecraft:echo_shard":7,"minecraft:oak_boat":3,"minecraft:player_head":1,"minecraft:lectern":12,"minecraft:sugar_cane":228,"minecraft:raw_iron":347,"betternether:nether_brick_wall":1,"minecraft:end_stone":21,"betternether:wall_mushroom_red":1,"minecraft:copper_ingot":31,"minecraft:polished_blackstone_bricks":19,"minecraft:stone_button":14,"betternether:mushroom_fir_stem":4,"minecraft:stone_pressure_plate":2,"betterend:aeternium_leggings":1,"minecraft:arrow":11,"deeperdarker:sculk_gleam":1,"minecraft:nether_bricks":5,"minecraft:saddle":5,"minecraft:skeleton_skull":1,"minecraft:netherite_boots":2,"minecraft:basalt":3,"minecraft:golden_carrot":4,"artifacts:novelty_drinking_hat":9,"minecraft:salmon":1,"minecraft:leather":17,"artifacts:anglers_hat":1,"minecraft:yellow_bed":9,"minecraft:gunpowder":15,"minecraft:cobblestone_stairs":2,"betternether:cincinnasite_pedestal":1,"minecraft:orange_terracotta":2,"minecraft:cooked_mutton":1,"minecraft:red_carpet":2,"minecraft:gray_carpet":3,"minecraft:acacia_trapdoor":2,"minecraft:spruce_wood":6,"minecraft:iron_ingot":164,"minecraft:acacia_sapling":23,"minecraft:soul_sand":5,"minecraft:book":120,"minecraft:sculk_catalyst":3,"minecraft:scaffolding":8,"minecraft:quartz":25,"minecraft:dandelion":6,"minecraft:amethyst_shard":25,"minecraft:soul_torch":19,"minecraft:blast_furnace":1,"minecraft:white_bed":6,"minecraft:spider_eye":22,"artifacts:helium_flamingo":1,"minecraft:sculk_sensor":4,"minecraft:chainmail_leggings":1,"minecraft:iron_helmet":2,"minecraft:acacia_slab":5,"minecraft:coal":542},"minecraft:dropped":{"minecraft:iron_sword":1,"minecraft:lapis_lazuli":25,"minecraft:oak_pressure_plate":2,"minecraft:cooked_beef":21,"minecraft:crafting_table":2,"betternether:nether_reed_ladder":2,"betterend:aeternium_leggings":1,"minecraft:fletching_table":60,"minecraft:rail":67,"minecraft:leather_helmet":1,"betternether:black_bush":2,"minecraft:red_carpet":1,"minecraft:item_frame":7,"sophisticatedbackpacks:gold_backpack":1,"minecraft:dirt":43,"minecraft:grass":2,"minecraft:stone_button":10,"minecraft:netherite_boots":2,"minecraft:jungle_sapling":4,"minecraft:gold_nugget":12,"minecraft:bone_meal":1,"minecraft:sand":52,"minecraft:sugar":4,"minecraft:iron_pickaxe":1,"minecraft:white_wool":2,"minecraft:bone":19,"minecraft:stone_axe":15,"betterend:aeternium_helmet":1,"minecraft:lever":1,"minecraft:cobbled_deepslate":20,"minecraft:wheat":8,"minecraft:obsidian":1,"minecraft:blue_wool":8,"minecraft:rotten_flesh":102,"deeperdarker:sculk_gleam":1,"minecraft:oak_planks":1,"deeperdarker:heart_of_the_deep":1,"minecraft:salmon":1,"betternether:flaming_ruby_boots":1,"minecraft:chiseled_deepslate":1,"minecraft:tipped_arrow":3,"minecraft:deepslate_tiles":2,"minecraft:charcoal":2,"minecraft:jungle_log":1,"minecraft:leather_boots":1,"minecraft:acacia_sapling":23,"minecraft:ladder":18,"minecraft:leather_leggings":1,"minecraft:glass":24,"minecraft:beef":6,"minecraft:acacia_fence":3,"minecraft:cartography_table":2,"minecraft:egg":5,"minecraft:enchanted_book":1,"minecraft:golden_boots":1,"minecraft:iron_ingot":108,"minecraft:wheat_seeds":555,"betternether:cincinnasite_pedestal":1,"minecraft:netherite_helmet":2,"minecraft:netherite_chestplate":3,"minecraft:cobblestone":30,"minecraft:iron_helmet":3,"minecraft:book":1,"minecraft:apple":2,"minecraft:granite":18,"minecraft:chainmail_helmet":1,"minecraft:coal":7,"minecraft:oxeye_daisy":2,"minecraft:diamond_horse_armor":1,"minecraft:jungle_slab":10,"minecraft:gray_wool":19,"minecraft:golden_carrot":4,"minecraft:gray_bed":1,"minecraft:lime_carpet":1,"sophisticatedbackpacks:advanced_tool_swapper_upgrade":1,"minecraft:white_banner":1,"minecraft:iron_shovel":4,"minecraft:paper":15,"minecraft:string":48,"betterend:aeternium_boots":1,"minecraft:acacia_planks":24,"betternether:bone_slab":1,"betternether:quartz_glass_framed_pane":1,"betternether:cincinnasite_bars":1,"minecraft:diamond_hoe":7,"minecraft:white_carpet":5,"minecraft:iron_boots":2,"deeperdarker:gloomy_cactus":1,"sophisticatedbackpacks:backpack":1,"minecraft:name_tag":1,"gravestones:gravestone":2,"minecraft:shears":1,"betternether:geyser":1,"minecraft:diamond_sword":1,"minecraft:diamond_pickaxe":1,"minecraft:redstone_torch":1,"minecraft:stone_pressure_plate":2,"minecraft:spider_eye":22,"minecraft:barrel":1,"minecraft:bamboo":25,"minecraft:bow":4,"minecraft:magma_block":1,"betternether:flaming_ruby_pickaxe":1,"artifacts:fire_gauntlet":1,"minecraft:spruce_sign":4,"minecraft:candle":10,"deeperdarker:warden_carapace":1,"minecraft:lantern":5,"minecraft:jungle_planks":26,"minecraft:flint":6,"minecraft:deepslate_tile_stairs":1,"minecraft:jungle_button":256,"artifacts:novelty_drinking_hat":1,"minecraft:polished_blackstone_brick_stairs":2,"minecraft:mutton":2,"minecraft:polished_blackstone_bricks":3,"minecraft:acacia_door":3,"betternether:wall_moss":1,"minecraft:gold_ingot":1,"minecraft:armor_stand":1,"minecraft:gravel":54,"minecraft:blackstone":2,"minecraft:twisting_vines":3,"artifacts:villager_hat":1,"minecraft:carrot":167,"minecraft:poppy":4695,"minecraft:leather_chestplate":1,"betterend:aeternium_chestplate":1,"minecraft:gunpowder":17,"minecraft:dropper":2,"morebows:flame_bow":2,"minecraft:melon_seeds":8,"minecraft:acacia_slab":4,"minecraft:chest":8,"minecraft:arrow":2,"minecraft:scaffolding":4,"minecraft:netherrack":194,"minecraft:stone_hoe":12,"minecraft:water_bucket":2,"deeperdarker:cobbled_gloomslate":17,"minecraft:bread":87,"minecraft:vine":1,"minecraft:diamond_leggings":1,"minecraft:amethyst_block":3,"minecraft:spruce_stairs":6,"minecraft:acacia_trapdoor":2,"minecraft:stick":16,"minecraft:diorite":7,"minecraft:torch":5,"minecraft:sculk_catalyst":1,"minecraft:light_blue_wool":16,"minecraft:brown_wool":1,"minecraft:iron_axe":3,"minecraft:tripwire_hook":2,"minecraft:dandelion":6,"minecraft:smooth_basalt":1,"minecraft:redstone":3,"minecraft:polished_diorite":1,"minecraft:warped_nylium":1,"minecraft:tuff":24,"betternether:flaming_ruby_chestplate":1,"minecraft:tall_grass":4,"minecraft:sculk_sensor":3,"minecraft:glass_pane":12,"minecraft:netherite_leggings":2,"betternether:lapis_pile":6,"minecraft:deepslate_bricks":1,"minecraft:shield":1,"minecraft:diamond_chestplate":1,"minecraft:iron_chestplate":1,"minecraft:andesite":2,"minecraft:mossy_stone_bricks":2,"minecraft:oak_boat":1,"minecraft:oak_sapling":34,"betternether:lumabus_seed":22,"minecraft:slime_ball":3,"minecraft:stripped_acacia_log":1,"betternether:nether_ruby_helmet":1,"minecraft:stone_pickaxe":22,"minecraft:calcite":3},"minecraft:broken":{"minecraft:shears":1,"minecraft:iron_axe":6,"minecraft:iron_shovel":1,"minecraft:stone_pickaxe":1}},"DataVersion":3465}