{"stats":{"minecraft:used":{"minecraft:iron_shovel":473,"minecraft:dispenser":7,"minecraft:oak_sign":10,"betternether:flaming_ruby_pickaxe":822,"minecraft:ladder":18,"minecraft:diamond_hoe":144,"minecraft:chest":37,"minecraft:stone":1776,"minecraft:iron_sword":386,"minecraft:zombie_spawn_egg":1,"minecraft:rotten_flesh":8,"minecraft:farmland":11,"minecraft:player_head":1,"minecraft:nether_bricks":1,"minecraft:soul_sand":5,"betternether:nether_reed_planks":2,"minecraft:jungle_planks":35,"minecraft:carrot":338,"minecraft:jungle_slab":1,"minecraft:jungle_sapling":76,"minecraft:glass":119,"minecraft:lava_bucket":2,"betternether:stalagnate_roof":2,"minecraft:villager_spawn_egg":18,"minecraft:grass_block":5,"minecraft:item_frame":12,"minecraft:red_carpet":1,"minecraft:bow":3,"minecraft:furnace":4,"minecraft:gray_bed":51,"minecraft:acacia_fence":2,"minecraft:skeleton_skull":1,"minecraft:egg":6,"minecraft:potato":1,"betternether:nether_cactus":3,"minecraft:diorite":1,"minecraft:stone_pickaxe":246,"minecraft:stripped_acacia_log":1,"minecraft:acacia_trapdoor":4,"minecraft:powered_rail":43,"minecraft:redstone_block":4,"minecraft:blackstone":2,"minecraft:wooden_pickaxe":19,"minecraft:composter":1,"minecraft:diamond_axe":1838,"minecraft:yellow_terracotta":11,"minecraft:shears":202,"betternether:pig_statue_respawner":3,"minecraft:redstone_torch":2,"minecraft:lime_carpet":1,"minecraft:zombie_head":1,"minecraft:stone_button":5,"minecraft:bread":237,"minecraft:red_terracotta":1,"minecraft:lectern":6,"minecraft:gravel":1,"minecraft:diamond_sword":303,"betternether:mushroom_fir_sapling":1,"minecraft:grindstone":1,"minecraft:smithing_table":6,"minecraft:oak_boat":2,"minecraft:bone_meal":81,"minecraft:oak_fence":48,"minecraft:experience_bottle":5,"minecraft:stone_sword":5,"minecraft:acacia_log":5,"minecraft:armor_stand":1,"minecraft:redstone":3,"minecraft:dirt":2717,"betternether:nether_brick_wall":1,"minecraft:netherrack":369,"minecraft:torch":87,"minecraft:brewing_stand":1,"minecraft:anvil":2,"minecraft:hopper":10,"minecraft:stone_stairs":263,"minecraft:granite":2,"betternether:mushroom_fir_stem":3,"minecraft:oak_fence_gate":109,"minecraft:iron_hoe":19,"minecraft:bookshelf":1,"gravestones:gravestone":1,"minecraft:iron_axe":173,"minecraft:acacia_slab":1,"minecraft:basalt":3,"minecraft:golden_carrot":11,"minecraft:minecart":9,"minecraft:orange_terracotta":2,"minecraft:cooked_beef":20,"sophisticatedbackpacks:gold_backpack":1,"minecraft:acacia_planks":142,"minecraft:cooked_mutton":1,"minecraft:water_bucket":253,"minecraft:cobblestone_stairs":2,"minecraft:cartography_table":2,"minecraft:spruce_sign":9,"minecraft:fletching_table":6,"minecraft:polished_blackstone_bricks":16,"minecraft:crafting_table":8,"minecraft:rail":349,"minecraft:white_bed":4,"minecraft:campfire":9,"minecraft:flower_pot":1,"minecraft:acacia_stairs":1,"minecraft:diamond_pickaxe":2839,"minecraft:apple":5,"minecraft:diamond_shovel":2788,"minecraft:cracked_polished_blackstone_bricks":9,"minecraft:iron_pickaxe":266,"minecraft:stone_slab":684,"betternether:nether_ruby_sword":10,"minecraft:yellow_wool":4,"minecraft:stone_axe":69,"minecraft:cobblestone":198,"minecraft:bucket":254,"minecraft:cooked_porkchop":19,"minecraft:acacia_pressure_plate":1,"minecraft:glass_pane":5,"minecraft:yellow_bed":3,"minecraft:gray_wool":126},"minecraft:picked_up":{"minecraft:wheat":141,"minecraft:redstone_block":4,"minecraft:flower_pot":1,"minecraft:yellow_wool":4,"minecraft:diamond_sword":1,"minecraft:lead":1,"minecraft:smithing_table":3,"minecraft:stone_slab":45,"betternether:pig_statue_respawner":3,"betternether:lumabus_seed":22,"betternether:nether_reed_ladder":2,"minecraft:brewing_stand":3,"minecraft:amethyst_block":2,"minecraft:polished_blackstone_brick_stairs":2,"minecraft:string":44,"minecraft:raw_copper":18,"betternether:cincinnasite_wall":2,"minecraft:red_nether_bricks":2,"minecraft:iron_leggings":1,"minecraft:armor_stand":2,"minecraft:netherite_ingot":20,"minecraft:experience_bottle":5,"minecraft:zombie_head":1,"minecraft:oak_sign":1,"minecraft:diamond_leggings":1,"betternether:golden_lumabus_seed":1,"minecraft:cobbled_deepslate":65,"minecraft:spruce_planks":5,"minecraft:redstone_torch":1,"minecraft:calcite":1,"minecraft:coal_block":6,"betternether:quartz_glass_framed_pane":1,"minecraft:iron_boots":1,"minecraft:furnace":1,"minecraft:stick":178,"minecraft:acacia_fence":4,"minecraft:composter":3,"minecraft:torch":34,"minecraft:acacia_log":122,"minecraft:spruce_stairs":6,"minecraft:golden_axe":1,"minecraft:diorite":8,"betternether:lapis_pile":20,"minecraft:stone_sword":3,"minecraft:lime_carpet":2,"minecraft:rotten_flesh":35,"betternether:stalagnate_roof":2,"sophisticatedbackpacks:advanced_tool_swapper_upgrade":1,"betternether:mushroom_fir_sapling":6,"minecraft:blaze_rod":2,"betternether:cincinnasite_bars":1,"minecraft:cobblestone":2350,"minecraft:magma_block":16,"minecraft:leather_chestplate":3,"betternether:glowstone_pile":20,"minecraft:cooked_beef":21,"minecraft:magma_cream":1,"minecraft:water_bucket":2,"minecraft:jungle_log":1503,"minecraft:potato":1,"minecraft:flint":6,"minecraft:wither_skeleton_skull":1,"minecraft:lapis_lazuli":89,"minecraft:dirt":2857,"minecraft:lantern":1,"minecraft:disc_fragment_5":1,"minecraft:name_tag":1,"minecraft:twisting_vines":3,"minecraft:leather_boots":2,"minecraft:bone":28,"minecraft:acacia_planks":38,"betternether:geyser":1,"minecraft:bow":2,"minecraft:wheat_seeds":533,"minecraft:raw_gold":1,"minecraft:grindstone":1,"minecraft:bamboo":1,"minecraft:fletching_table":67,"minecraft:powered_rail":33,"minecraft:oak_planks":2,"minecraft:cooked_porkchop":4,"betternether:wall_moss":1,"minecraft:oak_pressure_plate":1,"minecraft:sand":138,"minecraft:jungle_planks":55,"minecraft:grass_block":5,"sophisticatedbackpacks:iron_backpack":1,"minecraft:ink_sac":21,"minecraft:acacia_stairs":6,"minecraft:red_terracotta":1,"minecraft:jungle_slab":1,"artifacts:plastic_drinking_hat":15,"minecraft:stripped_acacia_log":1,"minecraft:dispenser":6,"minecraft:diamond":11,"minecraft:lever":1,"minecraft:cracked_polished_blackstone_bricks":9,"minecraft:granite":8,"minecraft:grass":2,"minecraft:spruce_sign":14,"minecraft:bread":1,"minecraft:chainmail_helmet":2,"minecraft:emerald":11,"minecraft:oak_sapling":23,"minecraft:netherrack":642,"minecraft:diamond_pickaxe":1,"sophisticatedbackpacks:gold_backpack":12,"minecraft:crafting_table":6,"minecraft:ladder":9,"minecraft:nether_wart":3,"betternether:bone_slab":1,"minecraft:leather_leggings":3,"minecraft:gold_block":12,"minecraft:shield":1,"minecraft:stone_stairs":15,"minecraft:iron_axe":1,"artifacts:fire_gauntlet":2,"minecraft:item_frame":16,"minecraft:white_carpet":5,"minecraft:iron_shovel":4,"minecraft:blackstone":4,"minecraft:glass_pane":12,"minecraft:cartography_table":4,"minecraft:echo_shard":1,"minecraft:beef":21,"minecraft:oak_boat":3,"minecraft:player_head":1,"minecraft:jungle_sapling":124,"minecraft:poppy":4,"minecraft:lectern":4,"minecraft:minecart":70,"minecraft:sugar_cane":51,"minecraft:chest":5,"minecraft:diamond_hoe":6,"minecraft:egg":8,"minecraft:raw_iron":347,"betternether:nether_brick_wall":1,"minecraft:stone":469,"betternether:wall_mushroom_red":1,"sophisticatedbackpacks:backpack":1,"minecraft:polished_blackstone_bricks":19,"betternether:nether_reed_planks":2,"minecraft:stone_button":4,"betternether:mushroom_fir_stem":4,"minecraft:carrot":682,"betternether:nether_ruby":24,"minecraft:redstone":16,"minecraft:arrow":10,"minecraft:diamond_chestplate":1,"minecraft:nether_bricks":5,"minecraft:hay_block":78,"minecraft:yellow_terracotta":11,"minecraft:saddle":1,"minecraft:gold_ingot":11,"gravestones:gravestone":3,"minecraft:mutton":2,"minecraft:skeleton_skull":1,"minecraft:white_wool":23,"minecraft:bone_block":4,"minecraft:rail":299,"minecraft:oxeye_daisy":2,"minecraft:basalt":3,"minecraft:golden_carrot":4,"artifacts:novelty_drinking_hat":7,"betternether:flaming_ruby_pickaxe":2,"minecraft:salmon":1,"minecraft:leather":17,"minecraft:oak_log":111,"betternether:blue_obsidian_glass":1,"minecraft:golden_boots":1,"minecraft:yellow_bed":9,"minecraft:gunpowder":3,"minecraft:cobblestone_stairs":2,"betternether:cincinnasite_pedestal":1,"betternether:nether_cactus":3,"minecraft:orange_terracotta":2,"minecraft:cooked_mutton":1,"minecraft:red_carpet":2,"minecraft:apple":3,"minecraft:acacia_trapdoor":2,"minecraft:spruce_wood":6,"minecraft:iron_ingot":39,"minecraft:oak_fence_gate":9,"minecraft:stone_pickaxe":9,"minecraft:tall_grass":4,"minecraft:gray_bed":13,"minecraft:acacia_sapling":21,"minecraft:iron_sword":1,"minecraft:soul_sand":5,"minecraft:book":43,"minecraft:scaffolding":8,"betternether:black_bush":5,"minecraft:quartz":25,"minecraft:dandelion":6,"betternether:bone_tile":4,"minecraft:gravel":24,"minecraft:amethyst_shard":12,"minecraft:white_bed":6,"minecraft:spider_eye":2,"betternether:cincinnasite_ingot":4,"minecraft:leather_helmet":1,"minecraft:slime_ball":3,"minecraft:polished_diorite":1,"minecraft:stone_axe":2,"minecraft:chainmail_leggings":1,"minecraft:iron_helmet":2,"minecraft:gray_wool":199,"minecraft:acacia_slab":1,"minecraft:melon_seeds":8,"minecraft:warped_nylium":1,"minecraft:coal":262,"minecraft:hopper":1,"minecraft:ender_pearl":2},"minecraft:custom":{"minecraft:interact_with_crafting_table":97,"minecraft:open_barrel":40,"minecraft:bell_ring":3,"minecraft:eat_cake_slice":1,"minecraft:leave_game":15,"minecraft:time_since_death":67652,"minecraft:sprint_one_cm":3099811,"minecraft:drop":293,"minecraft:talked_to_villager":158,"minecraft:play_time":952545,"minecraft:deaths":33,"minecraft:jump":13583,"minecraft:interact_with_brewingstand":1,"minecraft:walk_on_water_one_cm":155673,"minecraft:interact_with_furnace":367,"minecraft:traded_with_villager":404,"minecraft:interact_with_loom":1,"minecraft:sleep_in_bed":30,"minecraft:damage_dealt":37522,"minecraft:player_kills":2,"minecraft:crouch_one_cm":310906,"minecraft:interact_with_smoker":15,"minecraft:inspect_dispenser":58,"minecraft:interact_with_anvil":13,"minecraft:mob_kills":187,"minecraft:climb_one_cm":17880,"minecraft:walk_one_cm":1419085,"minecraft:damage_dealt_absorbed":40,"minecraft:sneak_time":81725,"minecraft:walk_under_water_one_cm":19621,"minecraft:boat_one_cm":6333,"minecraft:interact_with_blast_furnace":11,"minecraft:total_world_time":952545,"minecraft:pot_flower":1,"minecraft:interact_with_grindstone":3,"minecraft:time_since_rest":67681,"minecraft:damage_taken":20753,"minecraft:swim_one_cm":48239,"minecraft:fly_one_cm":2685244,"minecraft:open_chest":606,"minecraft:fall_one_cm":276902},"minecraft:killed":{"minecraft:cave_spider":3,"minecraft:spider":12,"minecraft:skeleton":14,"minecraft:piglin_brute":4,"minecraft:magma_cube":10,"minecraft:piglin":7,"minecraft:zombie_villager":1,"minecraft:iron_golem":3,"minecraft:creeper":4,"minecraft:sheep":2,"minecraft:trader_llama":1,"minecraft:zombie":44,"minecraft:ghast":1,"minecraft:blaze":7,"minecraft:cow":11,"minecraft:llama":5,"minecraft:hoglin":1,"minecraft:squid":10,"minecraft:wither_skeleton":38,"minecraft:player":2,"minecraft:villager":2,"minecraft:enderman":1},"minecraft:broken":{"minecraft:iron_shovel":1,"minecraft:stone_pickaxe":1},"minecraft:crafted":{"minecraft:black_dye":21,"minecraft:oak_planks":392,"minecraft:acacia_pressure_plate":1,"minecraft:stone":1910,"minecraft:diamond_shovel":1,"sophisticatedbackpacks:crafting_upgrade":1,"minecraft:bookshelf":6,"minecraft:glass":138,"minecraft:bow":1,"minecraft:iron_boots":1,"minecraft:chest":38,"minecraft:rail":416,"minecraft:stone_hoe":12,"minecraft:oak_fence":48,"minecraft:gray_bed":24,"minecraft:raw_iron_block":13,"minecraft:wooden_shovel":1,"sophisticatedbackpacks:backpack":1,"minecraft:arrow":64,"minecraft:emerald":348,"minecraft:cooked_porkchop":4,"minecraft:crafting_table":6,"minecraft:spruce_planks":24,"minecraft:acacia_slab":24,"minecraft:wooden_pickaxe":2,"minecraft:iron_helmet":1,"minecraft:smithing_table":1,"minecraft:copper_ingot":18,"minecraft:campfire":9,"sophisticatedbackpacks:upgrade_base":2,"minecraft:dispenser":1,"minecraft:iron_chestplate":1,"minecraft:diamond_pickaxe":2,"minecraft:stick":10163,"minecraft:stone_slab":642,"minecraft:iron_ingot":620,"minecraft:iron_pickaxe":2,"minecraft:gold_ingot":24,"minecraft:redstone_torch":2,"betternether:nether_ruby_chestplate":1,"minecraft:wooden_sword":1,"minecraft:raw_iron":189,"minecraft:coal":54,"sophisticatedbackpacks:tool_swapper_upgrade":1,"minecraft:diamond_hoe":2,"sophisticatedbackpacks:stack_upgrade_tier_1":1,"minecraft:furnace":4,"minecraft:stone_button":1,"minecraft:gray_dye":22,"minecraft:bone_meal":81,"betternether:nether_ruby_leggings":1,"minecraft:stone_stairs":248,"minecraft:iron_axe":1,"minecraft:ladder":27,"minecraft:stone_pickaxe":13,"sophisticatedbackpacks:iron_backpack":1,"minecraft:wheat":702,"minecraft:cooked_beef":20,"minecraft:diamond_sword":1,"sophisticatedbackpacks:advanced_tool_swapper_upgrade":1,"minecraft:powered_rail":6,"sophisticatedbackpacks:gold_backpack":1,"minecraft:bucket":1,"minecraft:stone_axe":13,"minecraft:enchanted_book":10,"minecraft:jungle_slab":6,"minecraft:air":0,"minecraft:bread":190,"minecraft:jungle_planks":5308,"minecraft:oak_fence_gate":100,"minecraft:gold_nugget":90,"minecraft:white_dye":11,"sophisticatedbackpacks:stonecutter_upgrade":1,"minecraft:wooden_axe":1,"minecraft:iron_shovel":2,"minecraft:stonecutter":1,"minecraft:acacia_planks":124,"minecraft:torch":56},"minecraft:dropped":{"minecraft:spruce_sign":4,"minecraft:lapis_lazuli":25,"minecraft:oak_pressure_plate":1,"minecraft:cooked_beef":21,"minecraft:crafting_table":2,"minecraft:lantern":1,"betternether:nether_reed_ladder":2,"minecraft:fletching_table":60,"minecraft:rail":65,"sophisticatedbackpacks:gold_backpack":1,"betternether:black_bush":2,"minecraft:item_frame":4,"minecraft:red_carpet":1,"minecraft:flint":6,"minecraft:dirt":10,"minecraft:grass":2,"minecraft:polished_blackstone_brick_stairs":2,"minecraft:mutton":2,"minecraft:jungle_sapling":4,"minecraft:polished_blackstone_bricks":3,"minecraft:iron_pickaxe":1,"minecraft:white_wool":1,"betternether:wall_moss":1,"minecraft:armor_stand":1,"minecraft:bone":3,"minecraft:gravel":23,"minecraft:stone_axe":15,"minecraft:blackstone":2,"minecraft:lever":1,"minecraft:cobbled_deepslate":6,"minecraft:twisting_vines":3,"minecraft:wheat":4,"minecraft:rotten_flesh":24,"minecraft:oak_planks":1,"minecraft:salmon":1,"minecraft:carrot":164,"minecraft:poppy":4,"minecraft:leather_chestplate":1,"minecraft:gunpowder":1,"minecraft:melon_seeds":8,"minecraft:jungle_log":1,"minecraft:acacia_slab":1,"minecraft:leather_boots":1,"minecraft:acacia_sapling":21,"minecraft:ladder":18,"minecraft:leather_leggings":1,"minecraft:arrow":1,"minecraft:glass":24,"minecraft:beef":1,"minecraft:scaffolding":4,"minecraft:acacia_fence":2,"minecraft:cartography_table":2,"minecraft:egg":3,"minecraft:enchanted_book":1,"minecraft:water_bucket":2,"minecraft:stone_hoe":12,"minecraft:golden_boots":1,"minecraft:iron_ingot":4,"minecraft:bread":87,"minecraft:wheat_seeds":535,"betternether:cincinnasite_pedestal":1,"minecraft:diamond_leggings":1,"minecraft:iron_helmet":3,"minecraft:cobblestone":16,"minecraft:book":1,"minecraft:apple":1,"minecraft:amethyst_block":2,"minecraft:granite":6,"minecraft:spruce_stairs":6,"minecraft:chainmail_helmet":1,"minecraft:acacia_trapdoor":2,"minecraft:coal":3,"minecraft:stick":12,"minecraft:oxeye_daisy":2,"minecraft:jungle_slab":2,"minecraft:diorite":7,"minecraft:golden_carrot":4,"minecraft:sculk_catalyst":1,"minecraft:torch":4,"minecraft:lime_carpet":1,"sophisticatedbackpacks:advanced_tool_swapper_upgrade":1,"minecraft:iron_axe":2,"minecraft:iron_shovel":4,"minecraft:string":22,"minecraft:acacia_planks":4,"minecraft:dandelion":6,"betternether:bone_slab":1,"minecraft:polished_diorite":1,"betternether:quartz_glass_framed_pane":1,"minecraft:warped_nylium":1,"minecraft:diamond_hoe":7,"betternether:cincinnasite_bars":1,"minecraft:tall_grass":4,"minecraft:white_carpet":5,"minecraft:iron_boots":2,"sophisticatedbackpacks:backpack":1,"minecraft:name_tag":1,"gravestones:gravestone":2,"minecraft:glass_pane":12,"betternether:geyser":1,"betternether:lapis_pile":6,"minecraft:diamond_sword":1,"minecraft:shield":1,"minecraft:diamond_chestplate":1,"minecraft:diamond_pickaxe":1,"minecraft:iron_chestplate":1,"minecraft:oak_boat":1,"minecraft:oak_sapling":23,"betternether:lumabus_seed":22,"minecraft:redstone_torch":1,"minecraft:spider_eye":2,"minecraft:slime_ball":3,"minecraft:bow":2,"minecraft:stone_pickaxe":21,"minecraft:magma_block":1,"minecraft:calcite":1,"betternether:flaming_ruby_pickaxe":1},"minecraft:killed_by":{"minecraft:wither_skeleton":18,"minecraft:zombie":1,"minecraft:player":2,"minecraft:iron_golem":3,"minecraft:skeleton":2},"minecraft:mined":{"minecraft:spruce_planks":5,"minecraft:white_bed":6,"minecraft:cobblestone_stairs":2,"sophisticatedbackpacks:gold_backpack":1,"minecraft:red_nether_bricks":2,"minecraft:jungle_leaves":21,"minecraft:brewing_stand":2,"minecraft:obsidian":1,"minecraft:granite":8,"betternether:lumabus_vine":3,"minecraft:acacia_log":140,"minecraft:grass_block":1794,"minecraft:jungle_log":1509,"minecraft:cracked_polished_blackstone_bricks":12,"betternether:nether_brick_wall":2,"betternether:sepia_mushroom_grass":1,"minecraft:oak_pressure_plate":1,"minecraft:coal_block":6,"minecraft:polished_diorite":1,"minecraft:composter":3,"minecraft:hopper":1,"minecraft:oxeye_daisy":1,"minecraft:oak_wall_sign":1,"minecraft:nether_wart":1,"minecraft:spawner":2,"minecraft:polished_blackstone_bricks":29,"minecraft:iron_ore":340,"minecraft:fire":2,"minecraft:cobbled_deepslate":6,"minecraft:deepslate_lapis_ore":2,"minecraft:fletching_table":3,"minecraft:sculk_shrieker":3,"minecraft:dirt_path":44,"betternether:nether_reed_ladder":4,"minecraft:spruce_wood":6,"minecraft:player_head":1,"minecraft:deepslate_redstone_ore":3,"minecraft:blackstone":10,"betternether:sepia_bone_grass":1,"minecraft:melon_stem":3,"minecraft:amethyst_cluster":4,"minecraft:orange_terracotta":2,"minecraft:blue_stained_glass":12,"minecraft:torch":5,"minecraft:calcite":1,"minecraft:chest":5,"minecraft:spruce_wall_sign":1,"minecraft:glass":5,"minecraft:cobblestone":54,"minecraft:sugar_cane":26,"minecraft:grindstone":1,"minecraft:wall_torch":21,"minecraft:amethyst_block":2,"minecraft:skeleton_skull":1,"minecraft:stone_stairs":15,"minecraft:warped_nylium":2,"minecraft:powered_rail":22,"betternether:mushroom_fir_trunk":1,"minecraft:yellow_wool":4,"minecraft:wheat":208,"betternether:geyser":1,"minecraft:grass":418,"minecraft:oak_log":120,"minecraft:oak_fence_gate":9,"minecraft:dirt":1261,"minecraft:acacia_fence":7,"minecraft:sand":139,"minecraft:dispenser":5,"minecraft:netherrack":111,"minecraft:oak_leaves":25,"minecraft:deepslate":60,"minecraft:red_carpet":1,"minecraft:deepslate_diamond_ore":10,"betternether:bone_grass":1,"minecraft:nether_bricks":5,"minecraft:jungle_planks":65,"minecraft:redstone_wire":3,"betternether:stalagnate_roof":2,"minecraft:acacia_slab":2,"minecraft:potted_bamboo":1,"minecraft:cartography_table":3,"minecraft:hay_block":50,"minecraft:furnace":1,"minecraft:carrots":214,"minecraft:acacia_trapdoor":1,"betternether:cincinnasite_wall":2,"minecraft:acacia_stairs":6,"betternether:quartz_glass_framed_pane":1,"minecraft:gold_block":12,"betternether:pig_statue_respawner":3,"minecraft:bookshelf":4,"minecraft:deepslate_iron_ore":5,"minecraft:vine":24,"minecraft:rail":250,"minecraft:stripped_acacia_log":1,"betternether:nether_lapis_ore":4,"minecraft:stone":2751,"minecraft:bone_block":4,"betternether:nether_reed_planks":3,"minecraft:smithing_table":3,"gravestones:gravestone":3,"minecraft:scaffolding":4,"minecraft:acacia_leaves":3,"minecraft:redstone_block":4,"minecraft:glass_pane":4,"betternether:cincinnasite_lantern":1,"minecraft:soul_sand":5,"minecraft:basalt":4,"minecraft:dandelion":1,"minecraft:crafting_table":8,"minecraft:emerald_ore":5,"betternether:mushroom_grass":1,"minecraft:lime_carpet":3,"minecraft:lectern":4,"minecraft:stone_slab":37,"minecraft:copper_ore":5,"minecraft:tall_grass":11,"minecraft:lapis_ore":14,"minecraft:diorite":15,"minecraft:polished_blackstone_brick_stairs":3,"minecraft:sculk":7,"minecraft:spruce_stairs":6,"minecraft:gray_wool":206,"minecraft:red_terracotta":1,"minecraft:white_carpet":2,"minecraft:gray_bed":13,"minecraft:yellow_bed":9,"betternether:bone_tile":4,"betternether:wall_mushroom_red":1,"minecraft:coal_ore":225,"minecraft:zombie_head":1,"minecraft:gravel":30,"minecraft:cobweb":12,"minecraft:acacia_planks":36,"minecraft:gold_ore":1,"minecraft:fern":1}},"DataVersion":3465}