{"stats":{"minecraft:killed":{"minecraft:cave_spider":3,"minecraft:spider":5,"minecraft:skeleton":7,"minecraft:zombie_villager":1,"minecraft:creeper":2,"minecraft:sheep":1,"minecraft:trader_llama":1,"minecraft:zombie":19,"minecraft:cow":10,"minecraft:llama":4},"minecraft:dropped":{"minecraft:spruce_sign":4,"minecraft:lapis_lazuli":25,"minecraft:oak_pressure_plate":1,"betternether:black_bush":2,"minecraft:red_carpet":1,"minecraft:item_frame":3,"minecraft:dirt":3,"minecraft:grass":2,"minecraft:bone":1,"minecraft:armor_stand":1,"minecraft:stone_axe":2,"minecraft:lever":1,"minecraft:rotten_flesh":11,"minecraft:salmon":1,"minecraft:poppy":4,"minecraft:leather_chestplate":1,"minecraft:gunpowder":1,"minecraft:acacia_sapling":8,"minecraft:leather_leggings":1,"minecraft:arrow":1,"minecraft:scaffolding":4,"minecraft:cartography_table":2,"minecraft:egg":2,"minecraft:golden_boots":1,"minecraft:wheat_seeds":36,"minecraft:cobblestone":2,"minecraft:apple":1,"minecraft:amethyst_block":2,"minecraft:granite":6,"minecraft:spruce_stairs":6,"minecraft:chainmail_helmet":1,"minecraft:acacia_trapdoor":1,"minecraft:coal":1,"minecraft:stick":12,"minecraft:oxeye_daisy":2,"minecraft:diorite":7,"minecraft:lime_carpet":1,"sophisticatedbackpacks:advanced_tool_swapper_upgrade":1,"minecraft:iron_axe":1,"minecraft:string":15,"minecraft:acacia_planks":2,"minecraft:dandelion":6,"minecraft:polished_diorite":1,"minecraft:tall_grass":4,"minecraft:white_carpet":5,"minecraft:glass_pane":12,"betternether:geyser":1,"minecraft:oak_boat":1,"minecraft:oak_sapling":3,"minecraft:spider_eye":1,"minecraft:slime_ball":3,"minecraft:bow":1,"minecraft:stone_pickaxe":4,"minecraft:calcite":1},"minecraft:crafted":{"minecraft:acacia_pressure_plate":1,"sophisticatedbackpacks:crafting_upgrade":1,"minecraft:glass":138,"minecraft:chest":28,"minecraft:gray_bed":6,"minecraft:raw_iron_block":13,"minecraft:wooden_shovel":1,"sophisticatedbackpacks:backpack":1,"minecraft:crafting_table":4,"minecraft:spruce_planks":24,"minecraft:wooden_pickaxe":2,"minecraft:copper_ingot":18,"sophisticatedbackpacks:upgrade_base":2,"minecraft:stick":32,"minecraft:iron_ingot":154,"minecraft:iron_pickaxe":2,"minecraft:gold_ingot":24,"minecraft:wooden_sword":1,"minecraft:raw_iron":189,"minecraft:coal":54,"sophisticatedbackpacks:tool_swapper_upgrade":1,"minecraft:furnace":4,"minecraft:bone_meal":81,"minecraft:iron_axe":1,"minecraft:stone_pickaxe":3,"minecraft:wheat":162,"sophisticatedbackpacks:iron_backpack":1,"sophisticatedbackpacks:advanced_tool_swapper_upgrade":1,"sophisticatedbackpacks:gold_backpack":1,"minecraft:stone_axe":2,"minecraft:jungle_slab":6,"minecraft:bread":54,"minecraft:air":0,"minecraft:jungle_planks":248,"minecraft:wooden_axe":1,"minecraft:iron_shovel":1,"minecraft:acacia_planks":28,"minecraft:torch":56},"minecraft:picked_up":{"minecraft:wheat":6,"minecraft:redstone_block":1,"minecraft:flower_pot":1,"minecraft:yellow_wool":4,"minecraft:lead":1,"minecraft:brewing_stand":2,"minecraft:amethyst_block":2,"minecraft:string":37,"minecraft:raw_copper":18,"minecraft:iron_leggings":1,"minecraft:armor_stand":2,"minecraft:zombie_head":1,"minecraft:experience_bottle":5,"minecraft:cobbled_deepslate":59,"minecraft:spruce_planks":5,"minecraft:calcite":1,"minecraft:coal_block":6,"minecraft:furnace":1,"minecraft:stick":121,"minecraft:acacia_fence":1,"minecraft:composter":1,"minecraft:torch":24,"minecraft:acacia_log":41,"minecraft:spruce_stairs":6,"minecraft:diorite":8,"betternether:lapis_pile":14,"minecraft:stone_sword":1,"minecraft:lime_carpet":1,"minecraft:rotten_flesh":16,"sophisticatedbackpacks:advanced_tool_swapper_upgrade":1,"minecraft:cobblestone":191,"minecraft:magma_block":15,"minecraft:leather_chestplate":3,"minecraft:jungle_log":1182,"minecraft:lapis_lazuli":89,"minecraft:dirt":254,"minecraft:disc_fragment_5":1,"minecraft:leather_boots":1,"minecraft:bone":2,"minecraft:acacia_planks":3,"betternether:geyser":1,"minecraft:bow":2,"minecraft:wheat_seeds":62,"minecraft:raw_gold":1,"minecraft:grindstone":1,"minecraft:bamboo":1,"minecraft:oak_planks":1,"minecraft:cooked_porkchop":2,"minecraft:oak_pressure_plate":1,"minecraft:jungle_planks":4,"minecraft:sand":138,"minecraft:acacia_stairs":1,"minecraft:red_terracotta":1,"minecraft:diamond":11,"minecraft:lever":1,"minecraft:granite":8,"minecraft:grass":2,"minecraft:bread":1,"minecraft:spruce_sign":14,"minecraft:emerald":6,"minecraft:chainmail_helmet":2,"minecraft:oak_sapling":5,"minecraft:netherrack":91,"minecraft:crafting_table":5,"minecraft:leather_leggings":3,"minecraft:white_carpet":5,"minecraft:item_frame":14,"minecraft:iron_shovel":1,"minecraft:cartography_table":4,"minecraft:beef":20,"minecraft:oak_boat":2,"minecraft:player_head":1,"minecraft:poppy":4,"minecraft:jungle_sapling":98,"minecraft:sugar_cane":15,"minecraft:chest":4,"minecraft:egg":2,"minecraft:raw_iron":90,"minecraft:carrot":89,"minecraft:redstone":16,"minecraft:arrow":4,"minecraft:hay_block":27,"minecraft:gold_ingot":8,"minecraft:mutton":1,"minecraft:skeleton_skull":1,"minecraft:oxeye_daisy":2,"minecraft:salmon":1,"minecraft:leather":14,"minecraft:oak_log":7,"betternether:blue_obsidian_glass":1,"minecraft:golden_boots":1,"minecraft:yellow_bed":2,"minecraft:gunpowder":3,"minecraft:cobblestone_stairs":2,"minecraft:cooked_mutton":1,"minecraft:red_carpet":2,"minecraft:apple":3,"minecraft:acacia_trapdoor":1,"minecraft:iron_ingot":11,"minecraft:spruce_wood":6,"minecraft:stone_pickaxe":2,"minecraft:tall_grass":4,"minecraft:acacia_sapling":14,"minecraft:iron_sword":1,"minecraft:book":12,"minecraft:scaffolding":8,"betternether:black_bush":2,"minecraft:quartz":10,"minecraft:dandelion":6,"minecraft:amethyst_shard":12,"minecraft:white_bed":5,"minecraft:spider_eye":1,"minecraft:leather_helmet":1,"minecraft:slime_ball":3,"minecraft:polished_diorite":1,"minecraft:iron_helmet":1,"minecraft:chainmail_leggings":1,"minecraft:gray_wool":199,"minecraft:coal":71,"minecraft:ender_pearl":1},"minecraft:used":{"minecraft:iron_shovel":427,"minecraft:diamond_hoe":128,"minecraft:chest":30,"minecraft:iron_sword":159,"minecraft:player_head":1,"minecraft:jungle_planks":10,"minecraft:carrot":81,"minecraft:jungle_slab":1,"minecraft:jungle_sapling":68,"minecraft:glass":102,"minecraft:item_frame":11,"minecraft:red_carpet":1,"minecraft:furnace":4,"minecraft:gray_bed":6,"minecraft:acacia_fence":1,"minecraft:skeleton_skull":1,"minecraft:diorite":1,"minecraft:acacia_trapdoor":4,"minecraft:stone_pickaxe":246,"minecraft:wooden_pickaxe":19,"minecraft:composter":1,"minecraft:diamond_axe":1262,"minecraft:shears":202,"minecraft:zombie_head":1,"minecraft:bread":73,"minecraft:red_terracotta":1,"minecraft:grindstone":1,"minecraft:oak_boat":2,"minecraft:bone_meal":81,"minecraft:experience_bottle":5,"minecraft:stone_sword":5,"minecraft:armor_stand":1,"minecraft:redstone":3,"minecraft:torch":58,"minecraft:brewing_stand":1,"minecraft:dirt":250,"minecraft:granite":2,"minecraft:iron_axe":2,"minecraft:acacia_planks":1,"minecraft:cooked_mutton":1,"minecraft:water_bucket":61,"minecraft:cobblestone_stairs":2,"minecraft:cartography_table":2,"minecraft:spruce_sign":9,"minecraft:crafting_table":7,"minecraft:white_bed":4,"minecraft:flower_pot":1,"minecraft:acacia_stairs":1,"minecraft:apple":5,"minecraft:iron_pickaxe":203,"minecraft:yellow_wool":4,"minecraft:stone_axe":69,"minecraft:cobblestone":83,"minecraft:acacia_pressure_plate":1,"minecraft:cooked_porkchop":2,"minecraft:bucket":61,"minecraft:glass_pane":4,"minecraft:gray_wool":126},"minecraft:mined":{"minecraft:spruce_planks":5,"minecraft:white_bed":5,"minecraft:cobblestone_stairs":2,"minecraft:jungle_leaves":21,"minecraft:brewing_stand":1,"minecraft:granite":8,"minecraft:acacia_log":41,"minecraft:grass_block":210,"minecraft:jungle_log":1182,"minecraft:oak_pressure_plate":1,"minecraft:coal_block":6,"minecraft:polished_diorite":1,"minecraft:composter":1,"minecraft:oxeye_daisy":1,"minecraft:spawner":1,"minecraft:iron_ore":63,"minecraft:deepslate_lapis_ore":2,"minecraft:sculk_shrieker":3,"minecraft:dirt_path":1,"minecraft:spruce_wood":6,"minecraft:player_head":1,"minecraft:deepslate_redstone_ore":3,"minecraft:amethyst_cluster":4,"minecraft:blue_stained_glass":12,"minecraft:torch":1,"minecraft:calcite":1,"minecraft:chest":4,"minecraft:spruce_wall_sign":1,"minecraft:glass":5,"minecraft:cobblestone":40,"minecraft:grindstone":1,"minecraft:sugar_cane":8,"minecraft:wall_torch":20,"minecraft:amethyst_block":2,"minecraft:skeleton_skull":1,"minecraft:yellow_wool":4,"minecraft:wheat":7,"betternether:geyser":1,"minecraft:grass":129,"minecraft:oak_log":4,"minecraft:acacia_fence":1,"minecraft:sand":139,"minecraft:dirt":54,"minecraft:oak_leaves":24,"minecraft:deepslate":60,"minecraft:red_carpet":1,"minecraft:deepslate_diamond_ore":10,"minecraft:jungle_planks":4,"minecraft:redstone_wire":3,"minecraft:potted_bamboo":1,"minecraft:cartography_table":3,"minecraft:hay_block":27,"minecraft:furnace":1,"minecraft:carrots":73,"minecraft:acacia_trapdoor":1,"minecraft:acacia_stairs":1,"minecraft:bookshelf":2,"minecraft:deepslate_iron_ore":5,"minecraft:vine":12,"betternether:nether_lapis_ore":4,"minecraft:stone":152,"minecraft:acacia_leaves":3,"minecraft:scaffolding":4,"minecraft:redstone_block":1,"minecraft:glass_pane":4,"minecraft:dandelion":1,"minecraft:crafting_table":6,"minecraft:tall_grass":4,"minecraft:copper_ore":5,"minecraft:lapis_ore":14,"minecraft:sculk":7,"minecraft:diorite":15,"minecraft:spruce_stairs":6,"minecraft:gray_wool":206,"minecraft:red_terracotta":1,"minecraft:white_carpet":2,"minecraft:yellow_bed":2,"minecraft:coal_ore":43,"minecraft:zombie_head":1,"minecraft:cobweb":12,"minecraft:acacia_planks":1,"minecraft:gold_ore":1,"minecraft:fern":1},"minecraft:custom":{"minecraft:interact_with_crafting_table":42,"minecraft:open_barrel":8,"minecraft:bell_ring":3,"minecraft:eat_cake_slice":1,"minecraft:leave_game":5,"minecraft:time_since_death":244553,"minecraft:sprint_one_cm":858952,"minecraft:drop":105,"minecraft:talked_to_villager":13,"minecraft:play_time":244553,"minecraft:jump":3497,"minecraft:interact_with_brewingstand":1,"minecraft:walk_on_water_one_cm":24284,"minecraft:interact_with_furnace":92,"minecraft:interact_with_loom":1,"minecraft:sleep_in_bed":9,"minecraft:damage_dealt":9815,"minecraft:crouch_one_cm":73710,"minecraft:interact_with_smoker":6,"minecraft:inspect_dispenser":1,"minecraft:mob_kills":53,"minecraft:climb_one_cm":2740,"minecraft:walk_one_cm":338003,"minecraft:sneak_time":21453,"minecraft:walk_under_water_one_cm":3772,"minecraft:boat_one_cm":6333,"minecraft:interact_with_blast_furnace":1,"minecraft:total_world_time":244553,"minecraft:pot_flower":1,"minecraft:interact_with_grindstone":3,"minecraft:time_since_rest":9974,"minecraft:damage_taken":2766,"minecraft:swim_one_cm":10322,"minecraft:fly_one_cm":670834,"minecraft:open_chest":308,"minecraft:fall_one_cm":88224},"minecraft:broken":{"minecraft:iron_shovel":1,"minecraft:stone_pickaxe":1}},"DataVersion":3465}