{"stats":{"minecraft:broken":{"minecraft:iron_shovel":1,"minecraft:stone_pickaxe":1},"minecraft:picked_up":{"minecraft:wheat":64,"minecraft:redstone_block":1,"minecraft:flower_pot":1,"minecraft:yellow_wool":4,"minecraft:stone_slab":32,"minecraft:lead":1,"minecraft:brewing_stand":2,"minecraft:amethyst_block":2,"minecraft:string":37,"minecraft:raw_copper":18,"minecraft:iron_leggings":1,"minecraft:armor_stand":2,"minecraft:experience_bottle":5,"minecraft:zombie_head":1,"minecraft:oak_sign":1,"minecraft:cobbled_deepslate":59,"minecraft:spruce_planks":5,"minecraft:calcite":1,"minecraft:coal_block":6,"minecraft:furnace":1,"minecraft:stick":170,"minecraft:acacia_fence":1,"minecraft:composter":1,"minecraft:torch":25,"minecraft:acacia_log":74,"minecraft:spruce_stairs":6,"minecraft:diorite":8,"betternether:lapis_pile":14,"minecraft:stone_sword":1,"minecraft:lime_carpet":1,"minecraft:rotten_flesh":22,"sophisticatedbackpacks:advanced_tool_swapper_upgrade":1,"minecraft:cobblestone":2346,"minecraft:magma_block":15,"minecraft:leather_chestplate":3,"minecraft:water_bucket":1,"minecraft:jungle_log":1365,"minecraft:potato":1,"minecraft:flint":6,"minecraft:lapis_lazuli":89,"minecraft:dirt":2388,"minecraft:disc_fragment_5":1,"minecraft:leather_boots":1,"minecraft:bone":2,"minecraft:acacia_planks":3,"betternether:geyser":1,"minecraft:bow":2,"minecraft:wheat_seeds":276,"minecraft:raw_gold":1,"minecraft:grindstone":1,"minecraft:fletching_table":6,"minecraft:bamboo":1,"minecraft:oak_planks":2,"minecraft:cooked_porkchop":2,"minecraft:oak_pressure_plate":1,"minecraft:jungle_planks":7,"minecraft:sand":138,"minecraft:ink_sac":21,"minecraft:acacia_stairs":1,"minecraft:jungle_slab":1,"minecraft:red_terracotta":1,"artifacts:plastic_drinking_hat":8,"minecraft:diamond":11,"minecraft:lever":1,"minecraft:granite":8,"minecraft:grass":2,"minecraft:emerald":11,"minecraft:spruce_sign":14,"minecraft:chainmail_helmet":2,"minecraft:bread":1,"minecraft:oak_sapling":23,"minecraft:netherrack":91,"sophisticatedbackpacks:gold_backpack":7,"minecraft:crafting_table":5,"minecraft:ladder":9,"minecraft:leather_leggings":3,"minecraft:stone_stairs":14,"minecraft:item_frame":16,"minecraft:white_carpet":5,"minecraft:iron_shovel":1,"minecraft:glass_pane":12,"minecraft:cartography_table":4,"minecraft:echo_shard":1,"minecraft:beef":20,"minecraft:oak_boat":3,"minecraft:minecart":9,"minecraft:player_head":1,"minecraft:poppy":4,"minecraft:jungle_sapling":110,"minecraft:lectern":4,"minecraft:sugar_cane":15,"minecraft:chest":5,"minecraft:egg":6,"minecraft:raw_iron":347,"minecraft:stone":439,"minecraft:carrot":153,"minecraft:redstone":16,"minecraft:arrow":4,"minecraft:hay_block":27,"minecraft:yellow_terracotta":11,"minecraft:gold_ingot":8,"minecraft:mutton":2,"minecraft:rail":90,"minecraft:skeleton_skull":1,"minecraft:white_wool":23,"minecraft:oxeye_daisy":2,"betternether:flaming_ruby_pickaxe":2,"minecraft:salmon":1,"minecraft:leather":14,"minecraft:oak_log":111,"betternether:blue_obsidian_glass":1,"minecraft:golden_boots":1,"minecraft:yellow_bed":9,"minecraft:gunpowder":3,"minecraft:cobblestone_stairs":2,"minecraft:orange_terracotta":2,"minecraft:cooked_mutton":1,"minecraft:red_carpet":2,"minecraft:apple":3,"minecraft:acacia_trapdoor":2,"minecraft:oak_fence_gate":9,"minecraft:iron_ingot":31,"minecraft:spruce_wood":6,"minecraft:stone_pickaxe":2,"minecraft:tall_grass":4,"minecraft:gray_bed":13,"minecraft:iron_sword":1,"minecraft:acacia_sapling":21,"minecraft:soul_sand":5,"minecraft:book":19,"minecraft:scaffolding":8,"betternether:black_bush":2,"minecraft:quartz":10,"minecraft:dandelion":6,"minecraft:gravel":24,"minecraft:amethyst_shard":12,"minecraft:white_bed":5,"minecraft:spider_eye":1,"minecraft:leather_helmet":1,"minecraft:slime_ball":3,"minecraft:polished_diorite":1,"minecraft:chainmail_leggings":1,"minecraft:iron_helmet":1,"minecraft:gray_wool":199,"minecraft:coal":253,"minecraft:hopper":1,"minecraft:ender_pearl":1},"minecraft:custom":{"minecraft:interact_with_crafting_table":81,"minecraft:open_barrel":8,"minecraft:bell_ring":3,"minecraft:eat_cake_slice":1,"minecraft:leave_game":7,"minecraft:time_since_death":121361,"minecraft:sprint_one_cm":2018889,"minecraft:drop":159,"minecraft:talked_to_villager":92,"minecraft:play_time":567502,"minecraft:deaths":8,"minecraft:jump":7520,"minecraft:interact_with_brewingstand":1,"minecraft:walk_on_water_one_cm":70046,"minecraft:interact_with_furnace":334,"minecraft:traded_with_villager":320,"minecraft:interact_with_loom":1,"minecraft:sleep_in_bed":27,"minecraft:damage_dealt":12152,"minecraft:crouch_one_cm":172997,"minecraft:interact_with_smoker":15,"minecraft:inspect_dispenser":15,"minecraft:interact_with_anvil":8,"minecraft:mob_kills":72,"minecraft:climb_one_cm":5581,"minecraft:walk_one_cm":914570,"minecraft:sneak_time":40860,"minecraft:walk_under_water_one_cm":17997,"minecraft:boat_one_cm":6333,"minecraft:interact_with_blast_furnace":11,"minecraft:total_world_time":567502,"minecraft:pot_flower":1,"minecraft:interact_with_grindstone":3,"minecraft:time_since_rest":21689,"minecraft:damage_taken":6602,"minecraft:swim_one_cm":47643,"minecraft:fly_one_cm":1550339,"minecraft:open_chest":434,"minecraft:fall_one_cm":173548},"minecraft:killed_by":{"minecraft:player":2,"minecraft:skeleton":2},"minecraft:killed":{"minecraft:cave_spider":3,"minecraft:spider":5,"minecraft:skeleton":8,"minecraft:zombie_villager":1,"minecraft:creeper":3,"minecraft:sheep":2,"minecraft:trader_llama":1,"minecraft:zombie":24,"minecraft:cow":10,"minecraft:llama":4,"minecraft:squid":10},"minecraft:used":{"minecraft:iron_shovel":473,"minecraft:dispenser":1,"minecraft:ladder":18,"minecraft:diamond_hoe":128,"minecraft:oak_sign":10,"betternether:flaming_ruby_pickaxe":465,"minecraft:chest":37,"minecraft:stone":1753,"minecraft:iron_sword":214,"minecraft:player_head":1,"minecraft:rotten_flesh":2,"minecraft:soul_sand":5,"minecraft:jungle_planks":13,"minecraft:carrot":89,"minecraft:jungle_slab":1,"minecraft:jungle_sapling":76,"minecraft:glass":108,"minecraft:lava_bucket":1,"minecraft:item_frame":12,"minecraft:red_carpet":1,"minecraft:bow":3,"minecraft:furnace":4,"minecraft:gray_bed":51,"minecraft:acacia_fence":1,"minecraft:skeleton_skull":1,"minecraft:egg":3,"minecraft:potato":1,"minecraft:diorite":1,"minecraft:acacia_trapdoor":4,"minecraft:stone_pickaxe":246,"minecraft:powered_rail":6,"minecraft:wooden_pickaxe":19,"minecraft:composter":1,"minecraft:redstone_block":1,"minecraft:diamond_axe":1677,"minecraft:yellow_terracotta":11,"minecraft:shears":202,"minecraft:zombie_head":1,"minecraft:stone_button":1,"minecraft:bread":90,"minecraft:lectern":6,"minecraft:red_terracotta":1,"minecraft:gravel":1,"minecraft:grindstone":1,"minecraft:oak_boat":2,"minecraft:bone_meal":81,"minecraft:experience_bottle":5,"minecraft:oak_fence":48,"minecraft:stone_sword":5,"minecraft:armor_stand":1,"minecraft:redstone":3,"minecraft:dirt":2101,"minecraft:brewing_stand":1,"minecraft:torch":73,"minecraft:anvil":1,"minecraft:hopper":10,"minecraft:stone_stairs":246,"minecraft:granite":2,"minecraft:oak_fence_gate":109,"minecraft:bookshelf":1,"minecraft:iron_axe":2,"minecraft:cooked_beef":19,"minecraft:acacia_planks":1,"sophisticatedbackpacks:gold_backpack":1,"minecraft:orange_terracotta":2,"minecraft:cooked_mutton":1,"minecraft:water_bucket":176,"minecraft:cobblestone_stairs":2,"minecraft:cartography_table":2,"minecraft:spruce_sign":9,"minecraft:fletching_table":6,"minecraft:rail":55,"minecraft:crafting_table":7,"minecraft:campfire":9,"minecraft:white_bed":4,"minecraft:diamond_pickaxe":2597,"minecraft:flower_pot":1,"minecraft:acacia_stairs":1,"minecraft:apple":5,"minecraft:diamond_shovel":2199,"minecraft:iron_pickaxe":266,"minecraft:stone_slab":664,"minecraft:yellow_wool":4,"minecraft:stone_axe":69,"minecraft:cobblestone":198,"minecraft:acacia_pressure_plate":1,"minecraft:cooked_porkchop":19,"minecraft:bucket":177,"minecraft:glass_pane":4,"minecraft:yellow_bed":3,"minecraft:gray_wool":126},"minecraft:dropped":{"minecraft:spruce_sign":4,"minecraft:lapis_lazuli":25,"minecraft:oak_pressure_plate":1,"minecraft:rail":64,"betternether:black_bush":2,"minecraft:red_carpet":1,"minecraft:item_frame":4,"minecraft:flint":6,"minecraft:dirt":8,"minecraft:grass":2,"minecraft:mutton":2,"minecraft:iron_pickaxe":1,"minecraft:white_wool":1,"minecraft:armor_stand":1,"minecraft:bone":2,"minecraft:gravel":23,"minecraft:stone_axe":2,"minecraft:lever":1,"minecraft:wheat":2,"minecraft:rotten_flesh":15,"minecraft:oak_planks":1,"minecraft:carrot":64,"minecraft:salmon":1,"minecraft:poppy":4,"minecraft:leather_chestplate":1,"minecraft:gunpowder":1,"minecraft:jungle_log":1,"minecraft:acacia_sapling":21,"minecraft:ladder":9,"minecraft:leather_leggings":1,"minecraft:arrow":1,"minecraft:scaffolding":4,"minecraft:cartography_table":2,"minecraft:egg":3,"minecraft:enchanted_book":1,"minecraft:water_bucket":1,"minecraft:golden_boots":1,"minecraft:wheat_seeds":278,"minecraft:cobblestone":13,"minecraft:book":1,"minecraft:amethyst_block":2,"minecraft:apple":1,"minecraft:granite":6,"minecraft:spruce_stairs":6,"minecraft:chainmail_helmet":1,"minecraft:acacia_trapdoor":2,"minecraft:coal":2,"minecraft:stick":12,"minecraft:oxeye_daisy":2,"minecraft:jungle_slab":2,"minecraft:diorite":7,"minecraft:lime_carpet":1,"sophisticatedbackpacks:advanced_tool_swapper_upgrade":1,"minecraft:iron_axe":1,"minecraft:string":18,"minecraft:acacia_planks":2,"minecraft:dandelion":6,"minecraft:polished_diorite":1,"minecraft:tall_grass":4,"minecraft:white_carpet":5,"minecraft:glass_pane":12,"betternether:geyser":1,"minecraft:oak_boat":1,"minecraft:oak_sapling":23,"minecraft:spider_eye":1,"minecraft:slime_ball":3,"minecraft:bow":2,"minecraft:stone_pickaxe":4,"minecraft:calcite":1,"betternether:flaming_ruby_pickaxe":1},"minecraft:mined":{"minecraft:spruce_planks":5,"minecraft:white_bed":5,"minecraft:cobblestone_stairs":2,"sophisticatedbackpacks:gold_backpack":1,"minecraft:jungle_leaves":21,"minecraft:brewing_stand":1,"minecraft:granite":8,"minecraft:acacia_log":93,"minecraft:grass_block":1675,"minecraft:jungle_log":1364,"minecraft:oak_pressure_plate":1,"minecraft:coal_block":6,"minecraft:polished_diorite":1,"minecraft:composter":1,"minecraft:hopper":1,"minecraft:oak_wall_sign":1,"minecraft:oxeye_daisy":1,"minecraft:spawner":1,"minecraft:iron_ore":340,"minecraft:fletching_table":2,"minecraft:deepslate_lapis_ore":2,"minecraft:sculk_shrieker":3,"minecraft:dirt_path":11,"minecraft:spruce_wood":6,"minecraft:player_head":1,"minecraft:deepslate_redstone_ore":3,"minecraft:amethyst_cluster":4,"minecraft:orange_terracotta":2,"minecraft:blue_stained_glass":12,"minecraft:torch":2,"minecraft:calcite":1,"minecraft:chest":5,"minecraft:spruce_wall_sign":1,"minecraft:glass":5,"minecraft:cobblestone":46,"minecraft:grindstone":1,"minecraft:sugar_cane":8,"minecraft:wall_torch":20,"minecraft:amethyst_block":2,"minecraft:skeleton_skull":1,"minecraft:stone_stairs":14,"minecraft:yellow_wool":4,"minecraft:wheat":64,"betternether:geyser":1,"minecraft:grass":340,"minecraft:oak_log":120,"minecraft:oak_fence_gate":9,"minecraft:acacia_fence":1,"minecraft:sand":139,"minecraft:dirt":792,"minecraft:oak_leaves":25,"minecraft:deepslate":60,"minecraft:red_carpet":1,"minecraft:deepslate_diamond_ore":10,"minecraft:jungle_planks":7,"minecraft:redstone_wire":3,"minecraft:potted_bamboo":1,"minecraft:cartography_table":3,"minecraft:hay_block":27,"minecraft:furnace":1,"minecraft:carrots":73,"minecraft:acacia_trapdoor":1,"minecraft:acacia_stairs":1,"minecraft:bookshelf":4,"minecraft:deepslate_iron_ore":5,"minecraft:vine":16,"minecraft:rail":47,"betternether:nether_lapis_ore":4,"minecraft:stone":2720,"minecraft:acacia_leaves":3,"minecraft:scaffolding":4,"minecraft:redstone_block":1,"minecraft:glass_pane":4,"minecraft:soul_sand":5,"minecraft:dandelion":1,"minecraft:crafting_table":6,"minecraft:emerald_ore":5,"minecraft:lectern":4,"minecraft:stone_slab":20,"minecraft:tall_grass":5,"minecraft:copper_ore":5,"minecraft:lapis_ore":14,"minecraft:sculk":7,"minecraft:diorite":15,"minecraft:spruce_stairs":6,"minecraft:gray_wool":206,"minecraft:red_terracotta":1,"minecraft:gray_bed":13,"minecraft:white_carpet":2,"minecraft:yellow_bed":9,"minecraft:coal_ore":225,"minecraft:zombie_head":1,"minecraft:gravel":30,"minecraft:cobweb":12,"minecraft:acacia_planks":1,"minecraft:gold_ore":1,"minecraft:fern":1},"minecraft:crafted":{"minecraft:black_dye":21,"minecraft:oak_planks":392,"minecraft:acacia_pressure_plate":1,"minecraft:stone":1888,"minecraft:diamond_shovel":1,"sophisticatedbackpacks:crafting_upgrade":1,"minecraft:bookshelf":6,"minecraft:glass":138,"minecraft:bow":1,"minecraft:chest":38,"minecraft:rail":128,"minecraft:oak_fence":48,"minecraft:gray_bed":24,"minecraft:raw_iron_block":13,"minecraft:wooden_shovel":1,"sophisticatedbackpacks:backpack":1,"minecraft:arrow":64,"minecraft:emerald":300,"minecraft:cooked_porkchop":4,"minecraft:crafting_table":4,"minecraft:spruce_planks":24,"minecraft:acacia_slab":24,"minecraft:wooden_pickaxe":2,"minecraft:copper_ingot":18,"minecraft:campfire":9,"sophisticatedbackpacks:upgrade_base":2,"minecraft:dispenser":1,"minecraft:diamond_pickaxe":1,"minecraft:stick":10083,"minecraft:stone_slab":642,"minecraft:iron_ingot":181,"minecraft:iron_pickaxe":2,"minecraft:gold_ingot":24,"minecraft:wooden_sword":1,"minecraft:raw_iron":189,"minecraft:coal":54,"sophisticatedbackpacks:tool_swapper_upgrade":1,"minecraft:furnace":4,"minecraft:stone_button":1,"minecraft:gray_dye":22,"minecraft:bone_meal":81,"minecraft:stone_stairs":248,"minecraft:iron_axe":1,"minecraft:ladder":27,"minecraft:stone_pickaxe":3,"minecraft:wheat":162,"sophisticatedbackpacks:iron_backpack":1,"minecraft:cooked_beef":20,"sophisticatedbackpacks:advanced_tool_swapper_upgrade":1,"minecraft:powered_rail":6,"sophisticatedbackpacks:gold_backpack":1,"minecraft:bucket":1,"minecraft:stone_axe":2,"minecraft:enchanted_book":10,"minecraft:jungle_slab":6,"minecraft:air":0,"minecraft:bread":54,"minecraft:jungle_planks":5220,"minecraft:oak_fence_gate":100,"minecraft:white_dye":11,"sophisticatedbackpacks:stonecutter_upgrade":1,"minecraft:wooden_axe":1,"minecraft:iron_shovel":1,"minecraft:stonecutter":1,"minecraft:acacia_planks":28,"minecraft:torch":56}},"DataVersion":3465}