{"stats":{"minecraft:broken":{"minecraft:stone_pickaxe":1},"minecraft:killed":{"minecraft:cave_spider":3,"minecraft:spider":2,"minecraft:skeleton":3,"minecraft:creeper":1,"minecraft:trader_llama":1,"minecraft:zombie":14},"minecraft:mined":{"minecraft:spruce_planks":5,"minecraft:white_bed":1,"minecraft:deepslate_diamond_ore":10,"minecraft:brewing_stand":1,"minecraft:granite":8,"minecraft:acacia_log":7,"minecraft:grass_block":1,"minecraft:jungle_planks":4,"minecraft:jungle_log":7,"minecraft:redstone_wire":3,"minecraft:oak_pressure_plate":1,"minecraft:coal_block":6,"minecraft:polished_diorite":1,"minecraft:potted_bamboo":1,"minecraft:spawner":1,"minecraft:hay_block":27,"minecraft:furnace":1,"minecraft:iron_ore":53,"minecraft:acacia_stairs":1,"minecraft:deepslate_lapis_ore":2,"minecraft:sculk_shrieker":3,"minecraft:deepslate_iron_ore":5,"minecraft:vine":2,"minecraft:spruce_wood":6,"minecraft:stone":148,"minecraft:deepslate_redstone_ore":3,"minecraft:acacia_leaves":1,"minecraft:scaffolding":4,"minecraft:redstone_block":1,"minecraft:amethyst_cluster":4,"minecraft:blue_stained_glass":12,"minecraft:crafting_table":5,"minecraft:calcite":1,"minecraft:chest":3,"minecraft:spruce_wall_sign":1,"minecraft:cobblestone":1,"minecraft:lapis_ore":14,"minecraft:grindstone":1,"minecraft:sugar_cane":8,"minecraft:sculk":7,"minecraft:diorite":15,"minecraft:wall_torch":4,"minecraft:amethyst_block":2,"minecraft:skeleton_skull":1,"minecraft:spruce_stairs":6,"minecraft:gray_wool":206,"minecraft:yellow_wool":2,"minecraft:wheat":6,"minecraft:white_carpet":2,"minecraft:grass":6,"minecraft:coal_ore":37,"minecraft:acacia_fence":1,"minecraft:dirt":3,"minecraft:cobweb":8,"minecraft:acacia_planks":1,"minecraft:gold_ore":1,"minecraft:deepslate":60},"minecraft:picked_up":{"minecraft:crafting_table":5,"minecraft:wheat":6,"minecraft:redstone_block":1,"minecraft:flower_pot":1,"minecraft:yellow_wool":2,"minecraft:leather_leggings":3,"minecraft:lead":1,"minecraft:brewing_stand":2,"minecraft:amethyst_block":2,"minecraft:string":15,"minecraft:iron_leggings":1,"minecraft:item_frame":3,"minecraft:armor_stand":2,"minecraft:white_carpet":5,"minecraft:experience_bottle":4,"minecraft:cobbled_deepslate":59,"minecraft:spruce_planks":5,"minecraft:calcite":1,"minecraft:coal_block":6,"minecraft:sugar_cane":15,"minecraft:chest":3,"minecraft:furnace":1,"minecraft:stick":1,"minecraft:raw_iron":80,"minecraft:acacia_fence":1,"minecraft:torch":2,"minecraft:acacia_log":7,"minecraft:spruce_stairs":6,"minecraft:diorite":8,"minecraft:redstone":16,"minecraft:stone_sword":1,"minecraft:lime_carpet":1,"minecraft:arrow":1,"minecraft:rotten_flesh":10,"minecraft:hay_block":27,"minecraft:gold_ingot":8,"minecraft:skeleton_skull":1,"minecraft:cobblestone":155,"minecraft:leather_chestplate":3,"minecraft:jungle_log":7,"minecraft:oak_log":3,"minecraft:golden_boots":1,"minecraft:gunpowder":1,"minecraft:lapis_lazuli":89,"minecraft:dirt":4,"minecraft:leather_boots":1,"minecraft:bone":1,"minecraft:acacia_planks":1,"minecraft:bow":1,"minecraft:wheat_seeds":2,"minecraft:raw_gold":1,"minecraft:spruce_wood":6,"minecraft:grindstone":1,"minecraft:iron_ingot":10,"minecraft:stone_pickaxe":2,"minecraft:tall_grass":4,"minecraft:bamboo":1,"minecraft:acacia_sapling":1,"minecraft:iron_sword":1,"minecraft:oak_planks":1,"minecraft:book":4,"minecraft:scaffolding":8,"minecraft:cooked_porkchop":2,"minecraft:oak_pressure_plate":1,"minecraft:jungle_planks":4,"minecraft:amethyst_shard":12,"minecraft:white_bed":1,"minecraft:acacia_stairs":1,"minecraft:spider_eye":1,"minecraft:leather_helmet":1,"minecraft:polished_diorite":1,"minecraft:diamond":10,"minecraft:lever":1,"minecraft:chainmail_leggings":1,"minecraft:iron_helmet":1,"minecraft:granite":8,"minecraft:grass":2,"minecraft:gray_wool":199,"minecraft:spruce_sign":13,"minecraft:emerald":5,"minecraft:chainmail_helmet":2,"minecraft:coal":64,"minecraft:ender_pearl":1},"minecraft:used":{"minecraft:stone_sword":5,"minecraft:armor_stand":1,"minecraft:redstone":3,"minecraft:chest":7,"minecraft:iron_sword":62,"minecraft:torch":8,"minecraft:brewing_stand":1,"minecraft:dirt":4,"minecraft:jungle_planks":9,"minecraft:granite":2,"minecraft:iron_axe":2,"minecraft:item_frame":1,"minecraft:furnace":1,"minecraft:acacia_fence":1,"minecraft:skeleton_skull":1,"minecraft:acacia_planks":1,"minecraft:water_bucket":7,"minecraft:diorite":1,"minecraft:stone_pickaxe":246,"minecraft:wooden_pickaxe":19,"minecraft:spruce_sign":9,"minecraft:diamond_axe":1,"minecraft:crafting_table":7,"minecraft:shears":202,"minecraft:flower_pot":1,"minecraft:acacia_stairs":1,"minecraft:bread":34,"minecraft:iron_pickaxe":125,"minecraft:yellow_wool":2,"minecraft:stone_axe":69,"minecraft:cobblestone":21,"minecraft:grindstone":1,"minecraft:cooked_porkchop":2,"minecraft:bucket":7,"minecraft:gray_wool":126,"minecraft:experience_bottle":4},"minecraft:dropped":{"minecraft:golden_boots":1,"minecraft:spruce_sign":3,"minecraft:wheat_seeds":2,"minecraft:lapis_lazuli":25,"minecraft:oak_pressure_plate":1,"minecraft:cobblestone":1,"minecraft:amethyst_block":2,"minecraft:granite":6,"minecraft:spruce_stairs":6,"minecraft:chainmail_helmet":1,"minecraft:item_frame":2,"minecraft:grass":2,"minecraft:diorite":7,"minecraft:lime_carpet":1,"minecraft:iron_axe":1,"minecraft:string":15,"minecraft:bone":1,"minecraft:armor_stand":1,"minecraft:polished_diorite":1,"minecraft:stone_axe":2,"minecraft:lever":1,"minecraft:tall_grass":4,"minecraft:white_carpet":5,"minecraft:rotten_flesh":10,"minecraft:leather_chestplate":1,"minecraft:gunpowder":1,"minecraft:acacia_sapling":1,"minecraft:leather_leggings":1,"minecraft:spider_eye":1,"minecraft:arrow":1,"minecraft:stone_pickaxe":4,"minecraft:calcite":1,"minecraft:scaffolding":4},"minecraft:custom":{"minecraft:mob_kills":24,"minecraft:interact_with_crafting_table":15,"minecraft:open_barrel":8,"minecraft:bell_ring":1,"minecraft:eat_cake_slice":1,"minecraft:leave_game":4,"minecraft:time_since_death":99061,"minecraft:climb_one_cm":1860,"minecraft:sprint_one_cm":347447,"minecraft:walk_one_cm":135154,"minecraft:drop":45,"minecraft:talked_to_villager":7,"minecraft:play_time":99061,"minecraft:sneak_time":13478,"minecraft:walk_under_water_one_cm":1038,"minecraft:jump":1664,"minecraft:walk_on_water_one_cm":1191,"minecraft:total_world_time":99061,"minecraft:interact_with_furnace":11,"minecraft:pot_flower":1,"minecraft:interact_with_grindstone":3,"minecraft:sleep_in_bed":1,"minecraft:time_since_rest":87009,"minecraft:damage_taken":1326,"minecraft:damage_dealt":5305,"minecraft:fly_one_cm":263552,"minecraft:open_chest":101,"minecraft:crouch_one_cm":41346,"minecraft:interact_with_smoker":5,"minecraft:fall_one_cm":43237},"minecraft:crafted":{"minecraft:raw_iron":72,"minecraft:furnace":1,"minecraft:iron_axe":1,"minecraft:stone_pickaxe":3,"minecraft:chest":4,"minecraft:raw_iron_block":13,"minecraft:wheat":162,"minecraft:crafting_table":3,"minecraft:spruce_planks":24,"minecraft:wooden_pickaxe":1,"minecraft:stone_axe":2,"minecraft:bread":54,"minecraft:air":0,"minecraft:jungle_planks":28,"minecraft:stick":24,"minecraft:iron_ingot":7,"minecraft:iron_pickaxe":2,"minecraft:iron_shovel":1,"minecraft:acacia_planks":28,"minecraft:torch":4}},"DataVersion":3465}