{"stats":{"minecraft:broken":{"minecraft:iron_shovel":1,"minecraft:stone_pickaxe":1},"minecraft:picked_up":{"minecraft:wheat":62,"minecraft:redstone_block":1,"minecraft:flower_pot":1,"minecraft:yellow_wool":4,"minecraft:lead":1,"minecraft:brewing_stand":2,"minecraft:amethyst_block":2,"minecraft:string":37,"minecraft:raw_copper":18,"minecraft:iron_leggings":1,"minecraft:armor_stand":2,"minecraft:experience_bottle":5,"minecraft:zombie_head":1,"minecraft:cobbled_deepslate":59,"minecraft:spruce_planks":5,"minecraft:calcite":1,"minecraft:coal_block":6,"minecraft:furnace":1,"minecraft:stick":139,"minecraft:acacia_fence":1,"minecraft:composter":1,"minecraft:torch":24,"minecraft:acacia_log":41,"minecraft:spruce_stairs":6,"minecraft:diorite":8,"betternether:lapis_pile":14,"minecraft:stone_sword":1,"minecraft:lime_carpet":1,"minecraft:rotten_flesh":20,"sophisticatedbackpacks:advanced_tool_swapper_upgrade":1,"minecraft:cobblestone":797,"minecraft:magma_block":15,"minecraft:leather_chestplate":3,"minecraft:jungle_log":1182,"minecraft:flint":4,"minecraft:lapis_lazuli":89,"minecraft:dirt":294,"minecraft:disc_fragment_5":1,"minecraft:leather_boots":1,"minecraft:bone":2,"minecraft:acacia_planks":3,"betternether:geyser":1,"minecraft:bow":2,"minecraft:wheat_seeds":228,"minecraft:raw_gold":1,"minecraft:grindstone":1,"minecraft:fletching_table":6,"minecraft:bamboo":1,"minecraft:oak_planks":2,"minecraft:cooked_porkchop":2,"minecraft:oak_pressure_plate":1,"minecraft:jungle_planks":7,"minecraft:sand":138,"minecraft:ink_sac":21,"minecraft:acacia_stairs":1,"minecraft:jungle_slab":1,"minecraft:red_terracotta":1,"artifacts:plastic_drinking_hat":6,"minecraft:diamond":11,"minecraft:lever":1,"minecraft:granite":8,"minecraft:grass":2,"minecraft:emerald":10,"minecraft:spruce_sign":14,"minecraft:chainmail_helmet":2,"minecraft:bread":1,"minecraft:oak_sapling":18,"minecraft:netherrack":91,"sophisticatedbackpacks:gold_backpack":5,"minecraft:crafting_table":5,"minecraft:leather_leggings":3,"minecraft:item_frame":14,"minecraft:white_carpet":5,"minecraft:iron_shovel":1,"minecraft:glass_pane":12,"minecraft:cartography_table":4,"minecraft:beef":20,"minecraft:oak_boat":3,"minecraft:minecart":8,"minecraft:player_head":1,"minecraft:poppy":4,"minecraft:jungle_sapling":98,"minecraft:lectern":4,"minecraft:sugar_cane":15,"minecraft:chest":4,"minecraft:egg":2,"minecraft:raw_iron":262,"minecraft:carrot":89,"minecraft:redstone":16,"minecraft:arrow":4,"minecraft:hay_block":27,"minecraft:gold_ingot":8,"minecraft:mutton":1,"minecraft:rail":89,"minecraft:skeleton_skull":1,"minecraft:white_wool":22,"minecraft:oxeye_daisy":2,"minecraft:salmon":1,"minecraft:leather":14,"minecraft:oak_log":105,"betternether:blue_obsidian_glass":1,"minecraft:golden_boots":1,"minecraft:yellow_bed":9,"minecraft:gunpowder":3,"minecraft:cobblestone_stairs":2,"minecraft:orange_terracotta":2,"minecraft:cooked_mutton":1,"minecraft:red_carpet":2,"minecraft:apple":3,"minecraft:acacia_trapdoor":2,"minecraft:iron_ingot":11,"minecraft:spruce_wood":6,"minecraft:stone_pickaxe":2,"minecraft:tall_grass":4,"minecraft:soul_sand":5,"minecraft:iron_sword":1,"minecraft:acacia_sapling":14,"minecraft:book":12,"minecraft:scaffolding":8,"betternether:black_bush":2,"minecraft:quartz":10,"minecraft:dandelion":6,"minecraft:gravel":14,"minecraft:amethyst_shard":12,"minecraft:white_bed":5,"minecraft:spider_eye":1,"minecraft:leather_helmet":1,"minecraft:slime_ball":3,"minecraft:polished_diorite":1,"minecraft:chainmail_leggings":1,"minecraft:iron_helmet":1,"minecraft:gray_wool":199,"minecraft:coal":141,"minecraft:ender_pearl":1},"minecraft:crafted":{"minecraft:black_dye":21,"minecraft:oak_planks":392,"minecraft:acacia_pressure_plate":1,"minecraft:stone":343,"minecraft:diamond_shovel":1,"sophisticatedbackpacks:crafting_upgrade":1,"minecraft:bookshelf":5,"minecraft:glass":138,"minecraft:bow":1,"minecraft:chest":38,"minecraft:rail":128,"minecraft:oak_fence":48,"minecraft:gray_bed":24,"minecraft:raw_iron_block":13,"minecraft:wooden_shovel":1,"sophisticatedbackpacks:backpack":1,"minecraft:emerald":115,"minecraft:cooked_porkchop":4,"minecraft:crafting_table":4,"minecraft:spruce_planks":24,"minecraft:acacia_slab":24,"minecraft:wooden_pickaxe":2,"minecraft:copper_ingot":18,"minecraft:campfire":9,"sophisticatedbackpacks:upgrade_base":2,"minecraft:dispenser":1,"minecraft:diamond_pickaxe":1,"minecraft:stick":4236,"minecraft:stone_slab":142,"minecraft:iron_ingot":181,"minecraft:iron_pickaxe":2,"minecraft:gold_ingot":24,"minecraft:wooden_sword":1,"minecraft:raw_iron":189,"minecraft:coal":54,"sophisticatedbackpacks:tool_swapper_upgrade":1,"minecraft:furnace":4,"minecraft:stone_button":1,"minecraft:gray_dye":22,"minecraft:bone_meal":81,"minecraft:stone_stairs":248,"minecraft:iron_axe":1,"minecraft:ladder":27,"minecraft:stone_pickaxe":3,"minecraft:wheat":162,"sophisticatedbackpacks:iron_backpack":1,"sophisticatedbackpacks:advanced_tool_swapper_upgrade":1,"minecraft:powered_rail":6,"sophisticatedbackpacks:gold_backpack":1,"minecraft:stone_axe":2,"minecraft:enchanted_book":4,"minecraft:jungle_slab":6,"minecraft:bread":54,"minecraft:air":0,"minecraft:jungle_planks":2296,"minecraft:oak_fence_gate":100,"minecraft:white_dye":11,"sophisticatedbackpacks:stonecutter_upgrade":1,"minecraft:wooden_axe":1,"minecraft:iron_shovel":1,"minecraft:stonecutter":1,"minecraft:acacia_planks":28,"minecraft:torch":56},"minecraft:custom":{"minecraft:interact_with_crafting_table":66,"minecraft:open_barrel":8,"minecraft:bell_ring":3,"minecraft:eat_cake_slice":1,"minecraft:leave_game":7,"minecraft:time_since_death":101070,"minecraft:sprint_one_cm":1174183,"minecraft:drop":130,"minecraft:talked_to_villager":61,"minecraft:play_time":351555,"minecraft:deaths":5,"minecraft:jump":4929,"minecraft:interact_with_brewingstand":1,"minecraft:walk_on_water_one_cm":39979,"minecraft:interact_with_furnace":163,"minecraft:traded_with_villager":124,"minecraft:interact_with_loom":1,"minecraft:sleep_in_bed":15,"minecraft:damage_dealt":11656,"minecraft:crouch_one_cm":91389,"minecraft:interact_with_smoker":12,"minecraft:inspect_dispenser":14,"minecraft:interact_with_anvil":4,"minecraft:mob_kills":68,"minecraft:climb_one_cm":2812,"minecraft:walk_one_cm":471279,"minecraft:sneak_time":24901,"minecraft:walk_under_water_one_cm":17978,"minecraft:boat_one_cm":6333,"minecraft:interact_with_blast_furnace":6,"minecraft:total_world_time":351555,"minecraft:pot_flower":1,"minecraft:interact_with_grindstone":3,"minecraft:time_since_rest":3339,"minecraft:damage_taken":4374,"minecraft:swim_one_cm":47337,"minecraft:fly_one_cm":1009344,"minecraft:open_chest":384,"minecraft:fall_one_cm":118769},"minecraft:dropped":{"minecraft:spruce_sign":4,"minecraft:lapis_lazuli":25,"minecraft:oak_pressure_plate":1,"minecraft:rail":64,"betternether:black_bush":2,"minecraft:red_carpet":1,"minecraft:item_frame":3,"minecraft:flint":4,"minecraft:dirt":7,"minecraft:grass":2,"minecraft:mutton":1,"minecraft:iron_pickaxe":1,"minecraft:armor_stand":1,"minecraft:bone":2,"minecraft:gravel":14,"minecraft:stone_axe":2,"minecraft:lever":1,"minecraft:rotten_flesh":15,"minecraft:oak_planks":1,"minecraft:salmon":1,"minecraft:poppy":4,"minecraft:leather_chestplate":1,"minecraft:gunpowder":1,"minecraft:acacia_sapling":14,"minecraft:leather_leggings":1,"minecraft:arrow":1,"minecraft:scaffolding":4,"minecraft:cartography_table":2,"minecraft:egg":2,"minecraft:golden_boots":1,"minecraft:wheat_seeds":231,"minecraft:cobblestone":2,"minecraft:amethyst_block":2,"minecraft:apple":1,"minecraft:granite":6,"minecraft:spruce_stairs":6,"minecraft:chainmail_helmet":1,"minecraft:acacia_trapdoor":2,"minecraft:coal":2,"minecraft:stick":12,"minecraft:oxeye_daisy":2,"minecraft:jungle_slab":2,"minecraft:diorite":7,"minecraft:lime_carpet":1,"sophisticatedbackpacks:advanced_tool_swapper_upgrade":1,"minecraft:iron_axe":1,"minecraft:string":15,"minecraft:acacia_planks":2,"minecraft:dandelion":6,"minecraft:polished_diorite":1,"minecraft:tall_grass":4,"minecraft:white_carpet":5,"minecraft:glass_pane":12,"betternether:geyser":1,"minecraft:oak_boat":1,"minecraft:oak_sapling":18,"minecraft:spider_eye":1,"minecraft:slime_ball":3,"minecraft:bow":2,"minecraft:stone_pickaxe":4,"minecraft:calcite":1},"minecraft:mined":{"minecraft:spruce_planks":5,"minecraft:white_bed":5,"minecraft:cobblestone_stairs":2,"minecraft:jungle_leaves":21,"minecraft:brewing_stand":1,"minecraft:granite":8,"minecraft:acacia_log":41,"minecraft:grass_block":219,"minecraft:jungle_log":1182,"minecraft:oak_pressure_plate":1,"minecraft:coal_block":6,"minecraft:polished_diorite":1,"minecraft:composter":1,"minecraft:oxeye_daisy":1,"minecraft:spawner":1,"minecraft:iron_ore":235,"minecraft:fletching_table":2,"minecraft:deepslate_lapis_ore":2,"minecraft:sculk_shrieker":3,"minecraft:dirt_path":9,"minecraft:spruce_wood":6,"minecraft:player_head":1,"minecraft:deepslate_redstone_ore":3,"minecraft:amethyst_cluster":4,"minecraft:orange_terracotta":2,"minecraft:blue_stained_glass":12,"minecraft:torch":1,"minecraft:calcite":1,"minecraft:chest":4,"minecraft:spruce_wall_sign":1,"minecraft:glass":5,"minecraft:cobblestone":40,"minecraft:grindstone":1,"minecraft:sugar_cane":8,"minecraft:wall_torch":20,"minecraft:amethyst_block":2,"minecraft:skeleton_skull":1,"minecraft:yellow_wool":4,"minecraft:wheat":64,"betternether:geyser":1,"minecraft:grass":133,"minecraft:oak_log":105,"minecraft:acacia_fence":1,"minecraft:sand":139,"minecraft:dirt":73,"minecraft:oak_leaves":24,"minecraft:deepslate":60,"minecraft:red_carpet":1,"minecraft:deepslate_diamond_ore":10,"minecraft:jungle_planks":7,"minecraft:redstone_wire":3,"minecraft:potted_bamboo":1,"minecraft:cartography_table":3,"minecraft:hay_block":27,"minecraft:furnace":1,"minecraft:carrots":73,"minecraft:acacia_trapdoor":1,"minecraft:acacia_stairs":1,"minecraft:bookshelf":2,"minecraft:deepslate_iron_ore":5,"minecraft:vine":12,"minecraft:rail":46,"betternether:nether_lapis_ore":4,"minecraft:stone":742,"minecraft:acacia_leaves":3,"minecraft:scaffolding":4,"minecraft:redstone_block":1,"minecraft:glass_pane":4,"minecraft:soul_sand":5,"minecraft:dandelion":1,"minecraft:crafting_table":6,"minecraft:emerald_ore":4,"minecraft:lectern":4,"minecraft:tall_grass":5,"minecraft:copper_ore":5,"minecraft:lapis_ore":14,"minecraft:sculk":7,"minecraft:diorite":15,"minecraft:spruce_stairs":6,"minecraft:gray_wool":206,"minecraft:red_terracotta":1,"minecraft:white_carpet":2,"minecraft:yellow_bed":9,"minecraft:coal_ore":112,"minecraft:zombie_head":1,"minecraft:gravel":18,"minecraft:cobweb":12,"minecraft:acacia_planks":1,"minecraft:gold_ore":1,"minecraft:fern":1},"minecraft:used":{"minecraft:iron_shovel":473,"minecraft:dispenser":1,"minecraft:diamond_hoe":128,"minecraft:chest":30,"minecraft:iron_sword":204,"minecraft:player_head":1,"minecraft:soul_sand":1,"minecraft:jungle_planks":13,"minecraft:carrot":89,"minecraft:jungle_slab":1,"minecraft:jungle_sapling":68,"minecraft:glass":102,"minecraft:item_frame":11,"minecraft:red_carpet":1,"minecraft:bow":3,"minecraft:furnace":4,"minecraft:gray_bed":6,"minecraft:acacia_fence":1,"minecraft:skeleton_skull":1,"minecraft:diorite":1,"minecraft:acacia_trapdoor":4,"minecraft:stone_pickaxe":246,"minecraft:powered_rail":6,"minecraft:wooden_pickaxe":19,"minecraft:composter":1,"minecraft:redstone_block":1,"minecraft:diamond_axe":1396,"minecraft:shears":202,"minecraft:zombie_head":1,"minecraft:stone_button":1,"minecraft:bread":90,"minecraft:lectern":5,"minecraft:red_terracotta":1,"minecraft:grindstone":1,"minecraft:oak_boat":2,"minecraft:bone_meal":81,"minecraft:experience_bottle":5,"minecraft:stone_sword":5,"minecraft:armor_stand":1,"minecraft:redstone":3,"minecraft:dirt":275,"minecraft:brewing_stand":1,"minecraft:torch":64,"minecraft:granite":2,"minecraft:iron_axe":2,"minecraft:acacia_planks":1,"minecraft:orange_terracotta":2,"minecraft:cooked_mutton":1,"minecraft:water_bucket":78,"minecraft:cobblestone_stairs":2,"minecraft:cartography_table":2,"minecraft:spruce_sign":9,"minecraft:fletching_table":6,"minecraft:rail":55,"minecraft:crafting_table":7,"minecraft:white_bed":4,"minecraft:diamond_pickaxe":819,"minecraft:flower_pot":1,"minecraft:acacia_stairs":1,"minecraft:apple":5,"minecraft:iron_pickaxe":266,"minecraft:yellow_wool":4,"minecraft:stone_axe":69,"minecraft:cobblestone":83,"minecraft:acacia_pressure_plate":1,"minecraft:cooked_porkchop":9,"minecraft:bucket":78,"minecraft:glass_pane":4,"minecraft:yellow_bed":3,"minecraft:gray_wool":126},"minecraft:killed_by":{"minecraft:player":2,"minecraft:skeleton":1},"minecraft:killed":{"minecraft:cave_spider":3,"minecraft:spider":5,"minecraft:skeleton":7,"minecraft:zombie_villager":1,"minecraft:creeper":3,"minecraft:sheep":1,"minecraft:trader_llama":1,"minecraft:zombie":23,"minecraft:cow":10,"minecraft:llama":4,"minecraft:squid":10}},"DataVersion":3465}