{"stats":{"minecraft:mined":{"betternether:mushroom_fir_stem":20,"minecraft:sculk_vein":11,"minecraft:jungle_leaves":1,"minecraft:obsidian":15,"minecraft:granite":29,"minecraft:acacia_log":300,"minecraft:grass_block":42,"minecraft:jungle_log":208,"minecraft:cracked_polished_blackstone_bricks":15,"betternether:nether_mycelium":9,"deeperdarker:sculk_gleam":3,"deeperdarker:gloomy_grass":11,"minecraft:deepslate_tile_stairs":1,"betternether:cincinnasite_ore":7,"minecraft:spawner":4,"minecraft:polished_blackstone_bricks":23,"bosses_of_mass_destruction:void_lily":31,"minecraft:magma_block":18,"minecraft:sculk_catalyst":1,"minecraft:cobbled_deepslate":16,"minecraft:iron_ore":12,"minecraft:fire":4,"minecraft:barrel":3,"minecraft:sculk_shrieker":1,"betternether:black_vine":1,"minecraft:green_bed":2,"minecraft:quartz_block":1,"minecraft:blackstone":52,"betternether:sepia_bone_grass":1,"minecraft:soul_fire":4,"minecraft:amethyst_cluster":1,"deeperdarker:sculk_stone":1,"minecraft:torch":7,"minecraft:calcite":2,"minecraft:mushroom_stem":2,"minecraft:nether_quartz_ore":18,"minecraft:cobblestone":29,"minecraft:sugar_cane":144,"betternether:nether_ruby_ore":21,"minecraft:wall_torch":8,"minecraft:amethyst_block":4,"minecraft:acacia_sapling":1,"betternether:mushroom_fir_trunk":3,"deeperdarker:gloomslate_diamond_ore":15,"minecraft:stone_brick_stairs":1,"minecraft:grass":32,"minecraft:oak_log":18,"minecraft:acacia_fence":8,"minecraft:dirt":59,"minecraft:smooth_basalt":2,"minecraft:netherrack":1598,"minecraft:ancient_debris":50,"minecraft:oak_leaves":13,"minecraft:deepslate":625,"minecraft:emerald_block":15,"minecraft:nether_gold_ore":14,"minecraft:deepslate_tiles":1,"minecraft:crying_obsidian":2,"minecraft:tuff":60,"minecraft:deepslate_diamond_ore":55,"deeperdarker:gloomslate_lapis_ore":4,"deeperdarker:gloomslate":11,"minecraft:jungle_planks":5,"deeperdarker:gloomslate_emerald_ore":1,"betternether:stalagnate_roof":2,"minecraft:moss_block":1,"deeperdarker:gloomy_sculk":4448,"minecraft:furnace":1,"minecraft:carrots":40,"bosses_of_mass_destruction:void_blossom":2,"minecraft:jungle_sapling":1,"minecraft:andesite":36,"minecraft:gold_block":1,"minecraft:bookshelf":6,"minecraft:deepslate_iron_ore":2,"minecraft:vine":6,"minecraft:stone":526,"minecraft:soul_sand":3,"betternether:cincinnasite_block":3,"minecraft:lily_of_the_valley":6,"minecraft:stone_brick_slab":2,"minecraft:crafting_table":14,"minecraft:emerald_ore":2,"betternether:gray_mold":1,"minecraft:lime_carpet":11,"minecraft:sculk_sensor":16,"minecraft:tall_grass":4,"minecraft:copper_ore":4,"minecraft:sculk":184,"minecraft:diorite":24,"minecraft:gray_wool":37,"minecraft:bee_nest":1,"betternether:wall_mushroom_red":2,"minecraft:coal_ore":34,"minecraft:gravel":72,"minecraft:acacia_planks":1,"minecraft:gold_ore":4,"deeperdarker:gloomy_geyser":22,"minecraft:fern":3},"minecraft:killed_by":{"minecraft:wither_skeleton":3,"minecraft:piglin_brute":5,"minecraft:player":1,"minecraft:enderman":1,"bosses_of_mass_destruction:void_blossom":4,"minecraft:skeleton":1},"minecraft:custom":{"minecraft:interact_with_crafting_table":55,"minecraft:open_barrel":13,"minecraft:leave_game":7,"minecraft:time_since_death":154597,"minecraft:sprint_one_cm":1383906,"minecraft:damage_blocked_by_shield":1325,"minecraft:drop":191,"minecraft:talked_to_villager":144,"minecraft:play_time":375817,"minecraft:deaths":15,"minecraft:jump":6270,"minecraft:walk_on_water_one_cm":4959,"minecraft:enchant_item":1,"minecraft:interact_with_furnace":18,"minecraft:traded_with_villager":184,"minecraft:sleep_in_bed":2,"minecraft:damage_dealt":19433,"minecraft:crouch_one_cm":71053,"minecraft:interact_with_smoker":6,"minecraft:interact_with_smithing_table":5,"minecraft:mob_kills":122,"minecraft:interact_with_anvil":12,"minecraft:climb_one_cm":4643,"minecraft:walk_one_cm":900778,"minecraft:sneak_time":29317,"minecraft:walk_under_water_one_cm":2114,"minecraft:interact_with_blast_furnace":37,"minecraft:total_world_time":375817,"minecraft:time_since_rest":65275,"minecraft:damage_taken":12347,"minecraft:minecart_one_cm":10,"minecraft:swim_one_cm":5440,"minecraft:fly_one_cm":1421707,"minecraft:open_chest":59,"minecraft:fall_one_cm":188589},"minecraft:killed":{"minecraft:spider":11,"minecraft:skeleton":20,"artifacts:mimic":2,"minecraft:piglin":2,"minecraft:zombie_villager":1,"minecraft:creeper":3,"minecraft:sheep":3,"minecraft:zombie":35,"minecraft:cow":5,"minecraft:blaze":8,"minecraft:warden":3,"betternether:naga":4,"bosses_of_mass_destruction:void_blossom":1,"minecraft:wither_skeleton":23,"minecraft:villager":1},"minecraft:used":{"minecraft:moss_block":1,"betternether:stalagnate_ladder":1,"minecraft:diamond_hoe":4632,"minecraft:chest":1,"minecraft:shield":21,"minecraft:stone":4,"simplyswords:gold_warglaive":3,"minecraft:lily_of_the_valley":5,"minecraft:jungle_planks":7,"minecraft:carrot":78,"minecraft:acacia_sapling":87,"minecraft:tuff":1,"minecraft:obsidian":7,"minecraft:jungle_sapling":11,"betternether:stalagnate_roof":2,"minecraft:grass_block":21,"minecraft:quartz_block":5,"minecraft:stone_brick_stairs":2,"minecraft:rabbit_stew":3,"minecraft:bow":2,"minecraft:jungle_button":1,"minecraft:oak_sapling":6,"minecraft:furnace":1,"minecraft:acacia_fence":8,"minecraft:egg":12,"deeperdarker:gloomy_cactus":23,"minecraft:diorite":2,"minecraft:diamond_boots":1,"minecraft:blackstone":43,"minecraft:diamond_axe":647,"minecraft:sugar_cane":40,"morebows:ender_bow":4,"minecraft:netherite_leggings":1,"minecraft:blast_furnace":1,"minecraft:netherite_helmet":2,"minecraft:deepslate_tiles":1,"minecraft:lime_carpet":11,"minecraft:gravel":55,"minecraft:diamond_sword":396,"deeperdarker:cobbled_gloomslate":11,"minecraft:andesite":10,"betternether:wall_moss":1,"minecraft:bone_meal":12,"minecraft:experience_bottle":3,"minecraft:flint_and_steel":1,"morebows:diamond_bow":195,"bosses_of_mass_destruction:void_lily":30,"minecraft:netherrack":389,"minecraft:torch":84,"minecraft:dirt":91,"minecraft:anvil":1,"minecraft:ancient_debris":2,"minecraft:diamond_helmet":1,"sophisticatedbackpacks:netherite_backpack":1,"minecraft:granite":7,"betternether:mushroom_fir_stem":34,"minecraft:stone_brick_slab":2,"minecraft:bookshelf":4,"minecraft:smooth_basalt":2,"minecraft:diamond_chestplate":1,"minecraft:golden_carrot":46,"minecraft:emerald_block":4,"minecraft:deepslate_tile_stairs":1,"minecraft:netherite_pickaxe":1254,"minecraft:acacia_planks":3,"minecraft:cobbled_deepslate":194,"deeperdarker:sculk_gleam":3,"minecraft:calcite":2,"minecraft:water_bucket":6,"minecraft:amethyst_block":4,"minecraft:netherite_chestplate":1,"betternether:wall_mushroom_red":3,"minecraft:green_bed":1,"betternether:cincinnasite_block":6,"minecraft:polished_blackstone_bricks":7,"minecraft:rail":1,"minecraft:crafting_table":12,"minecraft:white_bed":1,"minecraft:diamond_pickaxe":2210,"minecraft:diamond_shovel":109,"minecraft:cracked_polished_blackstone_bricks":8,"betterend:terminite_hammer":1,"minecraft:cobblestone":272,"minecraft:cooked_porkchop":53,"minecraft:bucket":7,"minecraft:gray_wool":36,"minecraft:diamond_leggings":1,"minecraft:sculk_catalyst":2,"minecraft:smooth_stone":2},"minecraft:crafted":{"minecraft:jungle_button":1,"minecraft:smooth_stone":5,"minecraft:oak_planks":68,"minecraft:blaze_powder":6,"minecraft:stone":9,"minecraft:diamond_shovel":1,"minecraft:bookshelf":4,"minecraft:quartz_block":4,"minecraft:bow":1,"minecraft:netherite_boots":1,"minecraft:tipped_arrow":115,"minecraft:netherite_helmet":1,"minecraft:chest":2,"minecraft:netherite_upgrade_smithing_template":14,"morebows:iron_bow":1,"minecraft:ender_eye":1,"sophisticatedbackpacks:backpack":1,"minecraft:emerald":238,"minecraft:arrow":112,"minecraft:diamond_axe":1,"minecraft:crafting_table":1,"bosses_of_mass_destruction:void_lily":1,"minecraft:paper":232,"minecraft:diamond_pickaxe":2,"minecraft:shield":1,"minecraft:stick":4037,"minecraft:iron_ingot":9,"minecraft:iron_block":3,"minecraft:gold_ingot":9,"minecraft:netherite_ingot":11,"morebows:diamond_bow":1,"minecraft:golden_carrot":32,"minecraft:furnace":1,"minecraft:blast_furnace":1,"minecraft:bone_meal":12,"minecraft:netherite_chestplate":1,"minecraft:netherite_leggings":1,"minecraft:netherite_scrap":47,"betternether:cincinnasite_block":3,"sophisticatedbackpacks:iron_backpack":1,"minecraft:netherite_pickaxe":1,"minecraft:diamond_sword":1,"minecraft:bucket":1,"minecraft:enchanted_book":10,"minecraft:air":0,"minecraft:jungle_planks":830,"minecraft:gold_nugget":208,"morebows:ender_bow":1,"minecraft:anvil":1,"minecraft:white_bed":1,"minecraft:acacia_planks":1180,"minecraft:torch":68},"minecraft:picked_up":{"minecraft:stone_brick_stairs":2,"minecraft:golden_sword":1,"minecraft:amethyst_block":4,"minecraft:raw_copper":29,"minecraft:string":15,"minecraft:deepslate_tiles":1,"minecraft:diamond_leggings":1,"minecraft:cobbled_deepslate":444,"minecraft:gold_nugget":56,"bosses_of_mass_destruction:soul_star":2,"minecraft:calcite":2,"minecraft:netherite_upgrade_smithing_template":2,"minecraft:furnace":1,"minecraft:tipped_arrow":1,"minecraft:stick":161,"minecraft:acacia_fence":8,"minecraft:acacia_log":295,"minecraft:torch":19,"minecraft:green_bed":2,"deeperdarker:heart_of_the_deep":5,"minecraft:diorite":24,"minecraft:deepslate_tile_stairs":1,"betternether:cincinnasite":14,"minecraft:quartz_block":1,"minecraft:stone_sword":2,"minecraft:lime_carpet":11,"minecraft:rotten_flesh":34,"artifacts:villager_hat":1,"betternether:stalagnate_roof":3,"betternether:mushroom_fir_sapling":11,"minecraft:netherite_chestplate":1,"minecraft:blaze_rod":3,"minecraft:obsidian":15,"morebows:diamond_bow":2,"minecraft:cobblestone":532,"minecraft:magma_block":18,"deeperdarker:cobbled_sculk_stone":1,"deeperdarker:gloomy_cactus":24,"minecraft:andesite":30,"minecraft:jungle_log":214,"minecraft:flint":3,"minecraft:tuff":60,"minecraft:netherite_leggings":1,"minecraft:lapis_lazuli":64,"minecraft:dirt":87,"minecraft:bone":28,"minecraft:acacia_planks":49,"minecraft:bow":4,"minecraft:wheat_seeds":10,"minecraft:raw_gold":8,"bosses_of_mass_destruction:void_lily":31,"minecraft:diamond_helmet":1,"minecraft:glowstone_dust":2,"minecraft:moss_block":2,"minecraft:cooked_porkchop":16,"betternether:wall_moss":1,"bosses_of_mass_destruction:crystal_fruit":1,"minecraft:jungle_planks":50,"sophisticatedbackpacks:iron_backpack":2,"minecraft:grass_block":22,"minecraft:lily_of_the_valley":5,"minecraft:diamond":142,"minecraft:netherite_helmet":1,"minecraft:cracked_polished_blackstone_bricks":14,"minecraft:granite":21,"minecraft:emerald":42,"minecraft:oak_sapling":8,"minecraft:netherrack":1003,"minecraft:crafting_table":13,"deeperdarker:cobbled_gloomslate":11,"minecraft:rabbit_stew":7,"minecraft:gold_block":1,"minecraft:blackstone":52,"deeperdarker:warden_carapace":7,"minecraft:beef":2,"minecraft:jungle_sapling":11,"minecraft:minecart":1,"minecraft:sugar_cane":277,"minecraft:egg":12,"minecraft:raw_iron":30,"betternether:wall_mushroom_red":3,"minecraft:bowl":2,"artifacts:vampiric_glove":1,"minecraft:polished_blackstone_bricks":23,"bosses_of_mass_destruction:void_thorn":1,"betternether:mushroom_fir_stem":34,"betternether:nether_ruby":31,"minecraft:carrot":149,"artifacts:snorkel":1,"minecraft:diamond_chestplate":1,"minecraft:arrow":106,"deeperdarker:sculk_gleam":6,"minecraft:diamond_boots":1,"minecraft:glow_berries":1,"minecraft:mutton":4,"minecraft:white_wool":4,"minecraft:rail":1,"minecraft:netherite_boots":1,"minecraft:golden_carrot":15,"minecraft:leather":4,"minecraft:oak_log":17,"minecraft:ancient_debris":49,"minecraft:jungle_button":64,"minecraft:gunpowder":4,"minecraft:paper":2,"minecraft:apple":2,"minecraft:iron_ingot":3,"minecraft:cooked_chicken":64,"minecraft:soul_sand":3,"minecraft:acacia_sapling":113,"minecraft:book":21,"minecraft:sculk_catalyst":2,"artifacts:obsidian_skull":1,"minecraft:smooth_basalt":2,"minecraft:emerald_block":15,"betternether:stalagnate_ladder":1,"minecraft:stone_brick_slab":2,"minecraft:quartz":18,"minecraft:gravel":95,"minecraft:amethyst_shard":16,"minecraft:crying_obsidian":2,"minecraft:spider_eye":5,"betternether:cincinnasite_block":3,"minecraft:gray_wool":36,"minecraft:coal":74,"minecraft:ender_pearl":4},"minecraft:dropped":{"minecraft:moss_block":1,"minecraft:diamond":24,"minecraft:netherite_upgrade_smithing_template":1,"minecraft:glow_berries":1,"minecraft:emerald":19,"minecraft:flint":3,"morebows:ender_bow":1,"minecraft:dirt":5,"minecraft:cracked_polished_blackstone_bricks":6,"minecraft:netherite_scrap":3,"minecraft:jungle_button":64,"minecraft:mutton":4,"minecraft:netherite_boots":1,"bosses_of_mass_destruction:void_lily":1,"minecraft:gold_nugget":7,"minecraft:polished_blackstone_bricks":16,"minecraft:white_wool":1,"minecraft:gravel":40,"minecraft:blackstone":9,"minecraft:sugar_cane":3,"minecraft:cooked_chicken":64,"minecraft:cobbled_deepslate":250,"minecraft:rotten_flesh":34,"deeperdarker:sculk_gleam":3,"minecraft:glowstone_dust":2,"deeperdarker:heart_of_the_deep":3,"bosses_of_mass_destruction:soul_star":1,"minecraft:jungle_log":6,"minecraft:acacia_sapling":26,"minecraft:arrow":66,"minecraft:beef":2,"betternether:mushroom_fir_sapling":11,"minecraft:quartz":2,"minecraft:netherrack":489,"minecraft:enchanted_book":2,"morebows:diamond_bow":2,"minecraft:wheat_seeds":10,"minecraft:minecart":1,"minecraft:netherite_helmet":1,"minecraft:netherite_chestplate":1,"minecraft:cobblestone":210,"minecraft:book":3,"minecraft:granite":13,"minecraft:grass_block":1,"minecraft:coal":1,"minecraft:stick":2,"minecraft:paper":3,"minecraft:string":2,"minecraft:acacia_planks":2,"minecraft:stone_sword":2,"minecraft:bowl":5,"minecraft:tuff":59,"deeperdarker:gloomy_cactus":1,"betternether:cincinnasite":2,"minecraft:netherite_leggings":1,"minecraft:diamond_pickaxe":1,"minecraft:andesite":6,"minecraft:oak_sapling":2,"minecraft:golden_sword":1,"minecraft:spider_eye":4,"minecraft:rabbit_stew":4,"minecraft:bow":3,"minecraft:magma_block":18}},"DataVersion":3465}