{"stats":{"minecraft:broken":{"minecraft:iron_axe":2,"minecraft:iron_helmet":1},"minecraft:picked_up":{"minecraft:wooden_axe":1,"minecraft:wheat":8,"minecraft:flower_pot":4,"minecraft:anvil":1,"minecraft:diamond_sword":1,"betternether:nether_reed_ladder":6,"minecraft:string":30,"minecraft:armor_stand":2,"minecraft:experience_bottle":1,"minecraft:zombie_head":2,"betternether:netherrack_furnace":3,"minecraft:cobbled_deepslate":125,"minecraft:gold_nugget":173,"minecraft:comparator":1,"minecraft:spruce_planks":10,"minecraft:acacia_fence_gate":13,"minecraft:furnace":4,"minecraft:stick":79,"minecraft:acacia_fence":16,"minecraft:oak_fence":2,"minecraft:torch":25,"minecraft:acacia_log":378,"minecraft:spruce_stairs":13,"minecraft:porkchop":17,"minecraft:pointed_dripstone":2,"minecraft:diorite":9,"betternether:cincinnasite":10,"minecraft:brown_carpet":4,"betternether:lapis_pile":58,"minecraft:orange_bed":10,"betternether:cincinnasite_lantern_small":2,"minecraft:stone_sword":2,"minecraft:lime_carpet":1,"minecraft:rotten_flesh":75,"minecraft:blaze_rod":8,"minecraft:obsidian":2,"minecraft:cobblestone":199,"minecraft:feather":1,"betternether:glowstone_pile":9,"betternether:jungle_moss":1,"minecraft:andesite":18,"minecraft:jungle_log":21,"minecraft:orange_carpet":4,"minecraft:brown_wool":1,"minecraft:smoker":1,"minecraft:flint":2,"minecraft:tuff":2,"artifacts:flame_pendant":6,"minecraft:lapis_lazuli":100,"minecraft:dirt":145,"minecraft:lantern":5,"minecraft:bone":52,"minecraft:chipped_anvil":1,"minecraft:acacia_planks":28,"betternether:lucis_spore":4,"minecraft:bow":4,"minecraft:cobbled_deepslate_wall":1,"minecraft:wheat_seeds":76,"minecraft:raw_gold":127,"minecraft:glowstone_dust":36,"minecraft:bamboo":25,"minecraft:oak_planks":2,"minecraft:cooked_porkchop":6,"minecraft:oak_pressure_plate":3,"betternether:wall_moss":1,"minecraft:jungle_planks":2,"minecraft:acacia_stairs":1,"minecraft:red_terracotta":2,"minecraft:diamond":23,"betternether:cincinnasite_pillar":2,"minecraft:grass":3,"minecraft:granite":1,"minecraft:bone_meal":36,"minecraft:spruce_sign":9,"minecraft:emerald":6,"minecraft:bread":1,"minecraft:oak_sapling":8,"minecraft:netherrack":87,"betternether:nether_brick_tile_stairs":1,"minecraft:cocoa_beans":1,"minecraft:crafting_table":4,"minecraft:firework_star":1,"minecraft:chicken":3,"minecraft:nether_wart":4,"minecraft:shield":1,"minecraft:acacia_door":3,"minecraft:flint_and_steel":1,"artifacts:feral_claws":2,"minecraft:item_frame":8,"minecraft:quartz_slab":3,"minecraft:white_carpet":7,"minecraft:beef":62,"minecraft:player_head":3,"minecraft:jungle_sapling":3,"minecraft:poppy":3,"minecraft:light_gray_wool":3,"minecraft:quartz_stairs":2,"minecraft:sugar_cane":41,"minecraft:chest":3,"minecraft:piston":1,"minecraft:spruce_trapdoor":6,"minecraft:egg":5,"minecraft:raw_iron":441,"betternether:nether_brick_wall":7,"betternether:wall_mushroom_red":3,"sophisticatedbackpacks:backpack":9,"betternether:nether_reed_planks":7,"betternether:nether_ruby":11,"minecraft:carrot":276,"minecraft:redstone":251,"minecraft:stone_pressure_plate":1,"minecraft:tnt":2,"betternether:anchor_tree_log":8,"minecraft:arrow":31,"minecraft:hay_block":33,"minecraft:yellow_terracotta":3,"minecraft:saddle":1,"minecraft:gold_ingot":3,"betternether:cincinnasite_fire_bowl":1,"minecraft:glow_berries":5,"minecraft:mutton":53,"minecraft:skeleton_skull":1,"minecraft:white_wool":18,"minecraft:oxeye_daisy":3,"minecraft:glow_ink_sac":4,"minecraft:leather":31,"minecraft:red_mushroom":6,"minecraft:oak_log":80,"minecraft:gunpowder":8,"minecraft:cooked_mutton":3,"minecraft:iron_ingot":4,"minecraft:stone_pickaxe":1,"minecraft:polished_andesite_slab":6,"minecraft:acacia_sapling":111,"minecraft:book":110,"minecraft:scaffolding":8,"betternether:anchor_tree_bark":4,"minecraft:quartz":1,"minecraft:cracked_nether_bricks":1,"minecraft:gravel":15,"minecraft:blast_furnace":1,"betternether:cincinnasite_forged":12,"minecraft:spider_eye":7,"minecraft:polished_diorite":5,"minecraft:light_blue_carpet":1,"minecraft:chainmail_leggings":1,"minecraft:painting":4,"minecraft:gray_wool":1,"minecraft:acacia_slab":18,"minecraft:coal":310},"minecraft:custom":{"minecraft:animals_bred":1,"minecraft:interact_with_crafting_table":77,"minecraft:open_barrel":45,"minecraft:eat_cake_slice":3,"minecraft:leave_game":14,"minecraft:time_since_death":15003,"minecraft:sprint_one_cm":741262,"minecraft:damage_blocked_by_shield":4213,"minecraft:drop":331,"minecraft:talked_to_villager":10,"minecraft:play_time":468394,"minecraft:deaths":18,"minecraft:jump":10671,"minecraft:walk_on_water_one_cm":91751,"minecraft:interact_with_furnace":80,"minecraft:traded_with_villager":71,"minecraft:interact_with_cartography_table":2,"minecraft:sleep_in_bed":2,"minecraft:damage_dealt":31550,"minecraft:player_kills":1,"minecraft:crouch_one_cm":17252,"minecraft:interact_with_smoker":20,"minecraft:mob_kills":225,"minecraft:damage_dealt_resisted":77,"minecraft:climb_one_cm":5371,"minecraft:walk_one_cm":1484331,"minecraft:damage_dealt_absorbed":80,"minecraft:sneak_time":7259,"minecraft:walk_under_water_one_cm":10797,"minecraft:interact_with_blast_furnace":23,"minecraft:total_world_time":468394,"minecraft:pot_flower":1,"minecraft:interact_with_grindstone":1,"minecraft:time_since_rest":15026,"minecraft:damage_taken":12402,"minecraft:swim_one_cm":1074,"minecraft:fly_one_cm":1753943,"minecraft:open_chest":290,"minecraft:fall_one_cm":313261},"minecraft:killed_by":{"minecraft:wither_skeleton":1,"minecraft:zombie":2,"minecraft:player":1},"minecraft:killed":{"minecraft:cave_spider":2,"minecraft:witch":1,"betternether:skull":2,"minecraft:spider":22,"betternether:firefly":1,"minecraft:skeleton":43,"minecraft:chicken":2,"minecraft:piglin":1,"minecraft:pig":10,"minecraft:creeper":6,"minecraft:sheep":20,"minecraft:zombie":57,"minecraft:blaze":10,"minecraft:cow":30,"minecraft:wither_skeleton":3,"minecraft:player":1,"minecraft:villager":4},"minecraft:used":{"minecraft:iron_shovel":110,"betternether:chest_of_drawers":1,"minecraft:chest":11,"minecraft:shield":42,"minecraft:iron_sword":140,"minecraft:quartz_stairs":2,"minecraft:player_head":3,"minecraft:carrot":203,"minecraft:acacia_sapling":41,"minecraft:obsidian":1,"minecraft:lava_bucket":18,"minecraft:lantern":7,"minecraft:quartz_slab":3,"minecraft:item_frame":2,"minecraft:bow":112,"minecraft:furnace":6,"minecraft:acacia_fence":62,"minecraft:skeleton_skull":1,"minecraft:egg":4,"minecraft:light_blue_carpet":1,"minecraft:diorite":2,"minecraft:oak_planks":2,"minecraft:stone_pickaxe":36,"minecraft:wooden_pickaxe":8,"minecraft:sugar_cane":18,"minecraft:white_wool":15,"minecraft:glow_berries":5,"minecraft:yellow_terracotta":3,"minecraft:blast_furnace":1,"sophisticatedbackpacks:backpack":3,"minecraft:zombie_head":2,"minecraft:acacia_door":2,"minecraft:lime_carpet":1,"minecraft:bread":107,"minecraft:deepslate":64,"minecraft:gravel":11,"minecraft:diamond_sword":618,"minecraft:wooden_sword":17,"minecraft:stripped_oak_wood":16,"minecraft:andesite":13,"minecraft:bone_meal":124,"minecraft:stone_sword":18,"minecraft:acacia_log":6,"minecraft:flint_and_steel":9,"minecraft:armor_stand":2,"minecraft:spruce_planks":4,"betternether:nether_brick_wall":1,"minecraft:cooked_salmon":5,"minecraft:netherrack":29,"minecraft:orange_bed":8,"minecraft:torch":370,"minecraft:dirt":8,"minecraft:anvil":1,"minecraft:white_carpet":7,"betternether:cincinnasite_pillar":2,"minecraft:wooden_axe":28,"minecraft:chipped_anvil":1,"minecraft:bookshelf":10,"minecraft:iron_axe":758,"minecraft:acacia_slab":54,"betternether:netherrack_furnace":3,"minecraft:glowstone":4,"minecraft:golden_carrot":34,"minecraft:cooked_beef":14,"minecraft:cobbled_deepslate":58,"minecraft:acacia_planks":32,"minecraft:wheat_seeds":7,"minecraft:cooked_mutton":7,"minecraft:water_bucket":232,"minecraft:copper_block":1,"minecraft:orange_carpet":4,"minecraft:crafting_table":14,"minecraft:painting":4,"minecraft:smoker":1,"minecraft:flower_pot":4,"minecraft:wooden_hoe":11,"minecraft:diamond_pickaxe":1082,"minecraft:acacia_stairs":1,"minecraft:iron_pickaxe":388,"minecraft:acacia_fence_gate":16,"minecraft:cobblestone":138,"minecraft:porkchop":1,"minecraft:cooked_porkchop":4,"minecraft:bucket":241},"minecraft:dropped":{"minecraft:spruce_sign":2,"minecraft:glow_ink_sac":4,"minecraft:leather":1,"betternether:nether_ruby":1,"minecraft:red_mushroom":3,"minecraft:item_frame":1,"minecraft:dirt":9,"minecraft:grass":2,"minecraft:jungle_sapling":3,"minecraft:wooden_sword":1,"minecraft:gold_nugget":2,"minecraft:white_wool":1,"minecraft:gravel":2,"minecraft:sugar_cane":6,"minecraft:cobbled_deepslate":18,"minecraft:obsidian":1,"minecraft:pointed_dripstone":2,"minecraft:rotten_flesh":60,"minecraft:oak_planks":1,"minecraft:carrot":1,"minecraft:poppy":3,"minecraft:gunpowder":2,"minecraft:acacia_sapling":6,"minecraft:scaffolding":4,"minecraft:quartz":1,"minecraft:netherrack":3,"minecraft:iron_ingot":2,"minecraft:bread":1,"minecraft:wheat_seeds":51,"minecraft:cobbled_deepslate_wall":1,"minecraft:cobblestone":39,"minecraft:iron_helmet":1,"minecraft:feather":1,"minecraft:granite":1,"minecraft:copper_ingot":12,"minecraft:spruce_stairs":4,"minecraft:coal":2,"minecraft:oxeye_daisy":2,"minecraft:gray_wool":1,"minecraft:diorite":7,"minecraft:wooden_axe":2,"minecraft:brown_wool":1,"minecraft:iron_leggings":2,"minecraft:chainmail_leggings":1,"minecraft:string":9,"minecraft:polished_diorite":2,"minecraft:stone_sword":2,"minecraft:cocoa_beans":1,"minecraft:raw_iron":23,"minecraft:chicken":2,"minecraft:light_gray_wool":3,"minecraft:iron_boots":2,"artifacts:flame_pendant":1,"minecraft:diamond_sword":1,"minecraft:shield":2,"minecraft:spruce_trapdoor":1,"minecraft:iron_chestplate":2,"minecraft:diamond_pickaxe":1,"minecraft:andesite":5,"minecraft:oak_sapling":8,"minecraft:stone_pressure_plate":1,"minecraft:spider_eye":3,"minecraft:bamboo":1,"minecraft:brown_carpet":4,"minecraft:stone_pickaxe":2,"minecraft:bow":4,"minecraft:wooden_pickaxe":1},"minecraft:mined":{"betternether:netherrack_furnace":3,"minecraft:spruce_planks":10,"betternether:lucis_mushroom":1,"minecraft:light_blue_carpet":1,"minecraft:obsidian":3,"minecraft:spruce_trapdoor":5,"minecraft:granite":1,"minecraft:acacia_log":387,"minecraft:grass_block":109,"minecraft:jungle_log":21,"betternether:nether_brick_wall":7,"betternether:nether_mycelium":1,"minecraft:polished_diorite":5,"betternether:jungle_moss":1,"minecraft:oxeye_daisy":2,"minecraft:nether_wart":2,"betternether:cincinnasite_ore":4,"betternether:nether_grass":2,"minecraft:glowstone":12,"minecraft:sculk_catalyst":1,"minecraft:iron_ore":374,"minecraft:cobbled_deepslate":6,"minecraft:fire":11,"minecraft:anvil":1,"minecraft:deepslate_lapis_ore":8,"minecraft:pointed_dripstone":1,"minecraft:cave_vines":8,"minecraft:dirt_path":1,"betternether:nether_reed_ladder":5,"minecraft:quartz_slab":3,"betternether:cincinnasite_fire_bowl":1,"minecraft:player_head":2,"minecraft:orange_bed":10,"betternether:anchor_tree_log":8,"minecraft:deepslate_redstone_ore":45,"betternether:golden_vine":1,"minecraft:player_wall_head":1,"minecraft:smoker":1,"minecraft:crimson_nylium":2,"minecraft:torch":11,"minecraft:blast_furnace":1,"minecraft:calcite":2,"minecraft:poppy":3,"minecraft:melon":1,"minecraft:chest":3,"minecraft:spruce_wall_sign":1,"betternether:cincinnasite_forged":12,"minecraft:nether_quartz_ore":2,"minecraft:oak_planks":1,"minecraft:sugar_cane":27,"betternether:nether_ruby_ore":7,"minecraft:wall_torch":13,"minecraft:amethyst_block":1,"minecraft:skeleton_skull":1,"minecraft:wheat":12,"minecraft:lilac":1,"betternether:giant_lucis":4,"minecraft:tnt":2,"minecraft:grass":303,"minecraft:oak_log":79,"minecraft:acacia_fence":16,"minecraft:dirt":21,"minecraft:smooth_basalt":2,"minecraft:netherrack":39,"minecraft:piston":1,"minecraft:oak_leaves":8,"minecraft:deepslate":99,"minecraft:yellow_terracotta":3,"minecraft:nether_gold_ore":43,"minecraft:tuff":4,"minecraft:quartz_stairs":2,"minecraft:deepslate_diamond_ore":23,"minecraft:jungle_planks":2,"minecraft:redstone_wire":5,"minecraft:polished_andesite_slab":4,"minecraft:acacia_slab":11,"minecraft:hay_block":35,"minecraft:redstone_ore":8,"minecraft:furnace":4,"minecraft:carrots":58,"minecraft:acacia_stairs":1,"minecraft:andesite":19,"betternether:wall_moss":1,"minecraft:bookshelf":31,"minecraft:deepslate_iron_ore":79,"minecraft:vine":2,"minecraft:lantern":4,"betternether:nether_lapis_ore":13,"minecraft:bamboo":4,"minecraft:stone":208,"sophisticatedbackpacks:backpack":2,"minecraft:white_wool":1,"betternether:nether_reed_planks":9,"betternether:nether_brick_tile_stairs":1,"betternether:netherrack_moss":4,"minecraft:scaffolding":8,"minecraft:glass_pane":2,"minecraft:comparator":1,"minecraft:brown_carpet":1,"minecraft:oak_fence":2,"minecraft:crafting_table":4,"minecraft:cobbled_deepslate_wall":1,"minecraft:emerald_ore":4,"betternether:mushroom_grass":1,"minecraft:lime_carpet":1,"minecraft:sculk_sensor":13,"minecraft:potted_oxeye_daisy":1,"minecraft:tall_grass":28,"minecraft:lapis_ore":8,"minecraft:deepslate_gold_ore":130,"betternether:anchor_tree_bark":4,"minecraft:sculk":12,"minecraft:diorite":4,"minecraft:orange_carpet":3,"minecraft:spruce_stairs":13,"minecraft:red_terracotta":2,"minecraft:acacia_fence_gate":13,"minecraft:white_carpet":1,"betternether:cincinnasite_lantern_small":1,"betternether:bone_tile":1,"betternether:wall_mushroom_red":4,"minecraft:coal_ore":249,"minecraft:zombie_head":1,"minecraft:gravel":15,"minecraft:flower_pot":3,"minecraft:acacia_door":3,"minecraft:cobweb":11,"minecraft:acacia_planks":28,"minecraft:chipped_anvil":1,"betternether:cincinnasite_pillar":2,"minecraft:fern":7},"minecraft:crafted":{"minecraft:oak_planks":60,"betternether:chest_of_drawers":1,"minecraft:bookshelf":10,"minecraft:cooked_mutton":13,"minecraft:bow":1,"minecraft:diamond_leggings":1,"minecraft:iron_boots":2,"betternether:cincinnasite_ingot":16,"minecraft:chest":10,"minecraft:acacia_fence":48,"sophisticatedbackpacks:backpack":1,"minecraft:arrow":64,"minecraft:emerald":67,"minecraft:cooked_porkchop":6,"minecraft:crafting_table":10,"minecraft:acacia_slab":42,"minecraft:wooden_pickaxe":1,"minecraft:iron_helmet":1,"sophisticatedbackpacks:upgrade_base":1,"betternether:cincinnasite_boots":1,"minecraft:iron_chestplate":2,"minecraft:wooden_hoe":1,"minecraft:diamond_pickaxe":1,"minecraft:charcoal":35,"minecraft:shield":1,"minecraft:stick":2337,"minecraft:iron_ingot":358,"minecraft:iron_pickaxe":2,"minecraft:iron_block":28,"minecraft:stone_sword":1,"minecraft:gold_ingot":146,"minecraft:golden_carrot":78,"minecraft:wooden_sword":1,"betternether:cincinnasite_helmet":1,"minecraft:iron_nugget":18,"minecraft:furnace":3,"minecraft:acacia_fence_gate":3,"minecraft:bone_meal":99,"minecraft:lantern":2,"minecraft:iron_axe":8,"minecraft:stone_pickaxe":1,"sophisticatedbackpacks:iron_backpack":1,"minecraft:wheat":297,"minecraft:cooked_beef":22,"minecraft:diamond_sword":1,"minecraft:iron_sword":1,"minecraft:cooked_salmon":5,"sophisticatedbackpacks:gold_backpack":1,"minecraft:bucket":1,"minecraft:glowstone":4,"minecraft:bread":100,"minecraft:air":0,"minecraft:jungle_planks":84,"minecraft:gold_nugget":889,"minecraft:wooden_axe":1,"minecraft:iron_shovel":2,"minecraft:iron_leggings":2,"minecraft:acacia_planks":1488,"minecraft:torch":534,"minecraft:diamond_chestplate":1}},"DataVersion":3465}