{"stats":{"minecraft:custom":{"minecraft:interact_with_crafting_table":132,"minecraft:open_barrel":53,"minecraft:eat_cake_slice":3,"minecraft:leave_game":35,"minecraft:time_since_death":3612,"minecraft:damage_blocked_by_shield":4273,"minecraft:play_time":1131751,"minecraft:deaths":40,"minecraft:jump":23177,"minecraft:interact_with_furnace":98,"minecraft:traded_with_villager":1134,"minecraft:interact_with_cartography_table":2,"minecraft:sleep_in_bed":15,"minecraft:damage_dealt":60153,"minecraft:interact_with_smoker":26,"minecraft:inspect_dispenser":31,"minecraft:horse_one_cm":67971,"minecraft:interact_with_smithing_table":6,"minecraft:interact_with_anvil":37,"minecraft:damage_dealt_absorbed":80,"minecraft:sneak_time":18223,"minecraft:interact_with_blast_furnace":30,"minecraft:total_world_time":1131751,"minecraft:time_since_rest":3649,"minecraft:swim_one_cm":1677,"minecraft:fly_one_cm":4668343,"minecraft:open_chest":472,"minecraft:fall_one_cm":567075,"minecraft:animals_bred":1,"minecraft:sprint_one_cm":1741194,"minecraft:drop":1130,"minecraft:talked_to_villager":198,"minecraft:interact_with_brewingstand":1,"minecraft:walk_on_water_one_cm":150885,"minecraft:open_enderchest":2,"minecraft:player_kills":2,"minecraft:crouch_one_cm":56519,"minecraft:mob_kills":489,"minecraft:damage_dealt_resisted":77,"minecraft:climb_one_cm":38449,"minecraft:walk_one_cm":3430364,"minecraft:walk_under_water_one_cm":14695,"minecraft:raid_trigger":1,"minecraft:pot_flower":1,"minecraft:interact_with_grindstone":1,"minecraft:damage_taken":28745,"minecraft:aviate_one_cm":1229815},"minecraft:dropped":{"minecraft:lapis_lazuli":6,"minecraft:cooked_beef":1,"minecraft:glow_ink_sac":4,"betternether:rubeus_bark":1,"minecraft:crossbow":1,"minecraft:warped_roots":6,"minecraft:rail":1,"minecraft:red_mushroom":3,"minecraft:item_frame":1,"sophisticatedbackpacks:gold_backpack":1,"minecraft:dirt":12,"minecraft:grass":2,"minecraft:jungle_sapling":46,"minecraft:bone_meal":12,"minecraft:wooden_sword":1,"minecraft:gold_nugget":2,"minecraft:white_wool":1,"minecraft:bone":3,"minecraft:emerald_block":5,"minecraft:sugar_cane":7,"minecraft:cobbled_deepslate":186,"minecraft:netherite_sword":5,"betternether:nether_brick_wall":3,"minecraft:wheat":3,"minecraft:obsidian":1,"minecraft:rotten_flesh":133,"minecraft:oak_planks":1,"minecraft:white_bed":1,"minecraft:tipped_arrow":1,"minecraft:acacia_sapling":28,"minecraft:acacia_fence":3,"minecraft:egg":7,"minecraft:enchanted_book":1,"minecraft:iron_ingot":4,"minecraft:netherite_pickaxe":1,"minecraft:wheat_seeds":128,"betternether:nether_mushroom_plate":1,"minecraft:cobbled_deepslate_wall":1,"minecraft:cobblestone":104,"minecraft:feather":2,"minecraft:iron_helmet":1,"minecraft:book":24,"minecraft:granite":1,"minecraft:coal":8,"betternether:bone_block":11,"minecraft:oxeye_daisy":2,"minecraft:gray_wool":1,"minecraft:golden_carrot":2,"minecraft:wooden_axe":2,"minecraft:chainmail_leggings":1,"minecraft:string":18,"betterend:aeternium_boots":1,"minecraft:stone_sword":2,"minecraft:cocoa_beans":1,"betternether:cincinnasite_bars":1,"minecraft:chicken":3,"minecraft:iron_boots":2,"minecraft:diamond_sword":2,"minecraft:spruce_trapdoor":1,"minecraft:diamond_pickaxe":1,"minecraft:wooden_shovel":1,"minecraft:stone_pressure_plate":1,"minecraft:spider_eye":6,"minecraft:bamboo":1,"minecraft:brown_carpet":4,"minecraft:bow":5,"minecraft:spruce_sign":2,"minecraft:leather":2,"betternether:nether_ruby":1,"minecraft:jungle_button":129,"minecraft:polished_blackstone_brick_stairs":2,"betternether:wall_moss":1,"minecraft:gravel":2,"minecraft:blackstone":2,"betternether:jungle_moss":2,"minecraft:pointed_dripstone":2,"betternether:stalagnate_planks":2,"minecraft:carrot":2,"minecraft:poppy":4,"minecraft:gunpowder":5,"minecraft:chest":2,"minecraft:arrow":2,"minecraft:scaffolding":4,"minecraft:quartz":2,"minecraft:netherrack":19,"minecraft:water_bucket":1,"minecraft:bread":1,"minecraft:copper_ingot":12,"minecraft:spruce_stairs":4,"betternether:bone_mushroom":3,"minecraft:stick":32,"minecraft:diorite":8,"minecraft:brown_wool":1,"minecraft:iron_leggings":2,"minecraft:iron_axe":8,"minecraft:orange_bed":2,"minecraft:dandelion":1,"minecraft:polished_diorite":2,"minecraft:warped_nylium":1,"minecraft:tuff":7,"minecraft:raw_iron":32,"minecraft:light_gray_wool":3,"artifacts:flame_pendant":1,"minecraft:red_terracotta":1,"minecraft:shield":2,"minecraft:iron_chestplate":2,"minecraft:andesite":5,"minecraft:oak_sapling":8,"minecraft:stone_pickaxe":2,"minecraft:wooden_pickaxe":1},"minecraft:broken":{"minecraft:wooden_shovel":1,"betternether:cincinnasite_helmet":1,"betternether:cincinnasite_boots":1,"minecraft:iron_axe":15,"minecraft:iron_helmet":1,"minecraft:iron_shovel":1,"minecraft:stone_shovel":2},"minecraft:killed":{"minecraft:cave_spider":2,"betternether:skull":2,"betternether:firefly":1,"minecraft:shulker":1,"minecraft:skeleton":70,"minecraft:chicken":7,"minecraft:pillager":22,"minecraft:zombie":126,"betterend:shadow_walker":1,"minecraft:cow":33,"minecraft:vindicator":1,"minecraft:wandering_trader":2,"minecraft:ravager":1,"minecraft:enderman":15,"minecraft:witch":3,"minecraft:spider":37,"artifacts:mimic":1,"minecraft:piglin":1,"minecraft:pig":10,"minecraft:zombie_villager":5,"minecraft:creeper":32,"minecraft:sheep":42,"minecraft:trader_llama":4,"minecraft:blaze":10,"minecraft:llama":1,"betternether:naga":5,"minecraft:wither_skeleton":18,"minecraft:player":3,"minecraft:villager":15},"minecraft:killed_by":{"minecraft:ravager":1,"minecraft:zombie":4,"minecraft:wither_skeleton":12,"minecraft:creeper":3,"minecraft:player":3,"minecraft:enderman":1,"minecraft:iron_golem":1},"minecraft:picked_up":{"minecraft:wooden_axe":1,"betterend:tenanea_trapdoor":1,"minecraft:flower_pot":5,"minecraft:anvil":1,"minecraft:lead":1,"minecraft:diamond_sword":3,"betterend:tenanea_bark":80,"minecraft:brewing_stand":1,"minecraft:polished_blackstone_brick_stairs":2,"minecraft:string":40,"minecraft:red_nether_bricks":1,"minecraft:diamond_leggings":1,"minecraft:cobbled_deepslate":462,"minecraft:gold_nugget":173,"minecraft:spruce_planks":10,"minecraft:acacia_fence_gate":13,"minecraft:netherite_upgrade_smithing_template":4,"minecraft:purpur_pillar":3,"minecraft:acacia_log":728,"betternether:bone_mushroom":3,"betterend:tenanea_sapling":6,"betternether:cincinnasite":18,"minecraft:brown_carpet":4,"minecraft:orange_bed":14,"minecraft:stone_sword":2,"minecraft:lime_carpet":3,"minecraft:blaze_rod":8,"minecraft:feather":5,"minecraft:cooked_beef":22,"betternether:jungle_moss":3,"minecraft:jungle_log":4620,"minecraft:brown_wool":1,"minecraft:smoker":1,"minecraft:flint":10,"minecraft:lantern":5,"minecraft:twisting_vines":16,"minecraft:chipped_anvil":2,"betternether:lucis_spore":4,"minecraft:glowstone_dust":36,"betterend:amber_root_raw":1,"betternether:wall_moss":2,"minecraft:acacia_stairs":1,"betterend:glowing_pillar_luminophor":4,"minecraft:red_terracotta":3,"betterend:flavolite":1,"minecraft:stripped_acacia_log":1,"minecraft:granite":3,"minecraft:bread":1,"betterend:crystal_shards":708,"sophisticatedbackpacks:gold_backpack":3,"minecraft:diamond_pickaxe":1,"minecraft:crafting_table":4,"minecraft:nether_wart":4,"minecraft:dragon_head":2,"minecraft:purpur_block":7,"betterend:mossy_glowshroom_stripped_bark":2,"minecraft:flint_and_steel":1,"minecraft:elytra":1,"minecraft:acacia_door":3,"minecraft:white_carpet":7,"minecraft:netherite_sword":3,"minecraft:beef":64,"minecraft:jungle_sapling":363,"minecraft:poppy":4,"minecraft:minecart":31,"minecraft:quartz_stairs":2,"minecraft:chest":5,"minecraft:piston":1,"minecraft:egg":18,"sophisticatedbackpacks:backpack":9,"betternether:nether_reed_planks":7,"betternether:nether_ruby":11,"minecraft:carrot":361,"minecraft:redstone":258,"minecraft:netherite_pickaxe":1,"betterend:bolux_mushroom":1,"minecraft:tnt":2,"betternether:anchor_tree_log":8,"minecraft:diamond_chestplate":1,"minecraft:hay_block":33,"minecraft:purpur_slab":1,"minecraft:yellow_terracotta":4,"minecraft:gold_ingot":3,"minecraft:glow_berries":5,"gravestones:gravestone":3,"minecraft:mutton":82,"minecraft:oxeye_daisy":3,"minecraft:bone_block":1,"minecraft:white_wool":36,"minecraft:rail":185,"minecraft:red_mushroom":6,"minecraft:oak_log":80,"minecraft:jungle_button":4,"minecraft:white_banner":2,"minecraft:stone_pickaxe":1,"betternether:anchor_tree_bark":4,"minecraft:cracked_nether_bricks":1,"minecraft:gravel":45,"betternether:cincinnasite_forged":12,"betterend:ender_shard":11,"minecraft:polished_diorite":5,"betterend:thallasium_raw":13,"minecraft:light_blue_carpet":1,"minecraft:painting":4,"minecraft:gray_wool":1,"minecraft:warped_roots":9,"minecraft:warped_nylium":1,"minecraft:ender_pearl":7,"minecraft:wheat":12,"betternether:pig_statue_respawner":1,"minecraft:potion":2,"betternether:nether_reed_ladder":6,"betternether:bone_block":11,"minecraft:armor_stand":4,"minecraft:netherite_ingot":20,"minecraft:zombie_head":2,"minecraft:experience_bottle":1,"betternether:netherrack_furnace":3,"minecraft:comparator":1,"minecraft:redstone_torch":4,"minecraft:iron_boots":1,"minecraft:furnace":4,"betterend:aeternium_boots":1,"minecraft:tipped_arrow":1,"minecraft:stick":533,"minecraft:acacia_fence":22,"minecraft:oak_fence":2,"minecraft:torch":77,"minecraft:spruce_stairs":13,"betterend:lucernia_sapling":2,"minecraft:porkchop":17,"betterend:tenanea_log":3,"minecraft:pointed_dripstone":2,"minecraft:diorite":25,"betternether:lapis_pile":58,"betternether:cincinnasite_lantern_small":2,"minecraft:rotten_flesh":150,"minecraft:obsidian":2,"betternether:cincinnasite_bars":1,"minecraft:cobblestone":554,"betternether:glowstone_pile":9,"minecraft:orange_carpet":4,"minecraft:andesite":21,"betterend:amber_root_seed":5,"betternether:stalagnate_trapdoor":1,"minecraft:tuff":18,"artifacts:flame_pendant":6,"minecraft:wither_skeleton_skull":3,"minecraft:dirt":1189,"minecraft:lapis_lazuli":106,"minecraft:glass":24,"minecraft:bone":97,"minecraft:acacia_planks":28,"minecraft:bow":10,"minecraft:wheat_seeds":187,"minecraft:cobbled_deepslate_wall":2,"minecraft:raw_gold":177,"minecraft:fletching_table":74,"minecraft:bamboo":25,"minecraft:powered_rail":8,"minecraft:oak_planks":2,"betterend:umbralith":4,"minecraft:cooked_porkchop":6,"minecraft:oak_pressure_plate":3,"minecraft:jungle_planks":63,"minecraft:lily_of_the_valley":1,"minecraft:diamond":40,"betternether:cincinnasite_pillar":2,"minecraft:bone_meal":50,"minecraft:crossbow":2,"minecraft:grass":3,"minecraft:spruce_sign":9,"minecraft:emerald":10,"minecraft:oak_sapling":8,"minecraft:netherrack":300,"betternether:nether_brick_tile_stairs":1,"minecraft:end_stone_bricks":2,"minecraft:cocoa_beans":1,"minecraft:firework_star":1,"minecraft:chicken":4,"minecraft:shield":2,"minecraft:iron_axe":1,"artifacts:feral_claws":2,"minecraft:item_frame":8,"minecraft:quartz_slab":3,"minecraft:blackstone":2,"minecraft:player_head":4,"minecraft:light_gray_wool":3,"minecraft:sugar_cane":268,"betternether:rubeus_bark":1,"minecraft:spruce_trapdoor":6,"minecraft:raw_iron":492,"betternether:nether_brick_wall":10,"minecraft:end_stone":154,"betternether:wall_mushroom_red":3,"minecraft:stone_button":2,"betternether:nether_mushroom_plate":2,"minecraft:stone_pressure_plate":1,"minecraft:arrow":54,"deeperdarker:sculk_gleam":1,"minecraft:saddle":2,"minecraft:black_banner":2,"betternether:cincinnasite_fire_bowl":1,"minecraft:skeleton_skull":1,"minecraft:golden_carrot":6,"minecraft:glow_ink_sac":4,"minecraft:leather":35,"betterend:lanceleaf_seed":11,"artifacts:anglers_hat":5,"minecraft:gunpowder":33,"minecraft:cooked_mutton":3,"minecraft:iron_ingot":10,"minecraft:polished_andesite_slab":6,"minecraft:acacia_sapling":214,"minecraft:book":146,"minecraft:scaffolding":8,"minecraft:warped_fungus":1,"minecraft:emerald_block":1,"minecraft:quartz":2,"minecraft:dandelion":1,"minecraft:blast_furnace":1,"minecraft:white_bed":4,"minecraft:spider_eye":15,"minecraft:stripped_jungle_log":2,"artifacts:helium_flamingo":6,"betternether:cincinnasite_forge":1,"betternether:stalagnate_planks":2,"minecraft:chainmail_leggings":1,"minecraft:iron_helmet":1,"minecraft:acacia_slab":69,"betterend:glowing_pillar_seed":11,"minecraft:coal":570},"minecraft:used":{"minecraft:dispenser":16,"betternether:chest_of_drawers":1,"minecraft:elytra":3,"minecraft:chest":11,"minecraft:quartz_stairs":2,"minecraft:acacia_sapling":122,"minecraft:jungle_sapling":312,"minecraft:lava_bucket":18,"minecraft:villager_spawn_egg":1,"minecraft:netherite_hoe":100,"minecraft:bow":795,"minecraft:furnace":6,"minecraft:acacia_fence":62,"minecraft:egg":32,"minecraft:dragon_head":2,"minecraft:light_blue_carpet":1,"minecraft:diorite":2,"minecraft:powered_rail":20,"minecraft:acacia_trapdoor":4,"minecraft:wooden_pickaxe":8,"minecraft:composter":3,"minecraft:purpur_pillar":2,"minecraft:glow_berries":5,"betterend:tenanea_planks":64,"minecraft:blast_furnace":1,"minecraft:zombie_head":2,"minecraft:stone_button":7,"minecraft:diamond_sword":1011,"minecraft:wooden_sword":17,"minecraft:smithing_table":1,"minecraft:stone_sword":18,"minecraft:acacia_log":290,"minecraft:armor_stand":4,"minecraft:cooked_salmon":5,"betternether:nether_brick_wall":1,"minecraft:netherrack":263,"minecraft:orange_bed":9,"minecraft:torch":530,"minecraft:brewing_stand":1,"minecraft:anvil":3,"minecraft:twisting_vines":16,"betternether:cincinnasite_pillar":2,"minecraft:golden_shovel":13,"minecraft:jungle_trapdoor":1,"minecraft:chipped_anvil":2,"minecraft:iron_axe":6198,"minecraft:jungle_log":27,"betternether:netherrack_furnace":3,"minecraft:diamond_chestplate":2,"minecraft:glowstone":4,"minecraft:acacia_planks":32,"minecraft:cobbled_deepslate":115,"sophisticatedbackpacks:gold_backpack":1,"minecraft:wheat_seeds":7,"minecraft:water_bucket":292,"minecraft:fletching_table":18,"minecraft:orange_carpet":4,"minecraft:rail":203,"minecraft:crafting_table":16,"minecraft:white_bed":3,"minecraft:diamond_pickaxe":2728,"minecraft:iron_pickaxe":448,"betternether:cincinnasite_forge":1,"betterend:shadow_berry_cooked":1,"minecraft:cobblestone":230,"minecraft:porkchop":1,"minecraft:cooked_porkchop":4,"minecraft:candle":4,"minecraft:diamond_leggings":2,"minecraft:iron_shovel":551,"minecraft:shield":44,"minecraft:iron_sword":140,"minecraft:player_head":4,"minecraft:jungle_planks":75,"minecraft:carrot":359,"minecraft:obsidian":1,"minecraft:glass":136,"minecraft:quartz_slab":3,"minecraft:lantern":7,"betterend:tenanea_chest":2,"minecraft:item_frame":2,"minecraft:warped_fungus":1,"minecraft:jungle_button":1,"minecraft:gray_bed":6,"minecraft:skeleton_skull":1,"minecraft:diamond_boots":1,"minecraft:wither_skeleton_skull":2,"minecraft:stripped_acacia_log":1,"minecraft:stone_pickaxe":36,"minecraft:oak_planks":4,"minecraft:ender_pearl":14,"minecraft:sugar_cane":96,"minecraft:white_wool":15,"minecraft:golden_hoe":1,"minecraft:yellow_terracotta":4,"minecraft:end_stone":137,"minecraft:redstone_torch":5,"sophisticatedbackpacks:backpack":3,"minecraft:firework_rocket":83,"minecraft:acacia_door":2,"minecraft:lime_carpet":3,"minecraft:bread":107,"minecraft:deepslate":64,"minecraft:gravel":11,"minecraft:stripped_oak_wood":16,"minecraft:andesite":13,"betternether:nether_ruby_chestplate":1,"minecraft:bone_meal":312,"minecraft:purpur_block":3,"minecraft:netherite_sword":148,"minecraft:flint_and_steel":12,"minecraft:stone_shovel":427,"betterend:umbralith":4,"minecraft:spruce_planks":4,"minecraft:wooden_shovel":105,"minecraft:dirt":1026,"minecraft:white_carpet":7,"minecraft:diamond_helmet":1,"minecraft:wooden_axe":28,"minecraft:bookshelf":17,"gravestones:gravestone":1,"minecraft:acacia_slab":201,"minecraft:iron_boots":1,"minecraft:golden_carrot":88,"minecraft:emerald_block":64,"minecraft:netherite_pickaxe":128,"minecraft:cooked_beef":96,"minecraft:cooked_mutton":7,"minecraft:red_nether_bricks":1,"minecraft:copper_block":1,"minecraft:warped_roots":3,"minecraft:painting":4,"minecraft:smoker":1,"minecraft:wooden_hoe":11,"minecraft:flower_pot":4,"minecraft:acacia_stairs":1,"betternether:nether_ruby_sword":33,"minecraft:acacia_fence_gate":16,"minecraft:bucket":299},"minecraft:crafted":{"minecraft:jungle_button":128,"betternether:chest_of_drawers":1,"minecraft:bookshelf":17,"minecraft:cooked_mutton":13,"minecraft:diamond_helmet":2,"minecraft:diamond_leggings":1,"minecraft:netherite_boots":1,"minecraft:tipped_arrow":60,"minecraft:acacia_fence":48,"minecraft:wooden_shovel":2,"minecraft:emerald":1708,"minecraft:cooked_porkchop":6,"minecraft:acacia_slab":138,"minecraft:smithing_table":1,"minecraft:fletching_table":19,"minecraft:wooden_hoe":1,"minecraft:iron_pickaxe":2,"minecraft:iron_block":75,"minecraft:gold_ingot":190,"minecraft:golden_carrot":78,"minecraft:stone_shovel":3,"minecraft:iron_nugget":18,"sophisticatedbackpacks:stack_upgrade_tier_1":1,"minecraft:acacia_fence_gate":3,"minecraft:bone_meal":117,"minecraft:lantern":2,"minecraft:stone_pickaxe":1,"minecraft:wheat":297,"minecraft:netherite_pickaxe":1,"sophisticatedbackpacks:gold_backpack":1,"minecraft:glowstone":4,"minecraft:enchanted_book":30,"betterend:tenanea_chest":2,"minecraft:flint":30,"minecraft:wooden_axe":1,"minecraft:iron_shovel":6,"minecraft:iron_leggings":2,"minecraft:white_bed":6,"minecraft:oak_planks":60,"minecraft:bow":10,"minecraft:iron_boots":2,"betternether:cincinnasite_ingot":16,"minecraft:chest":10,"minecraft:netherite_helmet":1,"minecraft:netherite_upgrade_smithing_template":4,"minecraft:arrow":512,"sophisticatedbackpacks:backpack":1,"minecraft:crafting_table":12,"minecraft:wooden_pickaxe":1,"minecraft:iron_helmet":1,"minecraft:gold_block":8,"sophisticatedbackpacks:upgrade_base":1,"betternether:cincinnasite_boots":1,"minecraft:iron_chestplate":2,"minecraft:paper":159,"minecraft:charcoal":35,"minecraft:diamond_pickaxe":1,"minecraft:emerald_block":92,"minecraft:shield":1,"minecraft:stick":33871,"minecraft:iron_ingot":358,"minecraft:stone_sword":1,"minecraft:wooden_sword":1,"betternether:cincinnasite_helmet":1,"minecraft:netherite_sword":1,"minecraft:furnace":3,"minecraft:flint_and_steel":1,"minecraft:netherite_chestplate":1,"minecraft:netherite_leggings":1,"minecraft:iron_axe":26,"sophisticatedbackpacks:stack_upgrade_tier_2":1,"sophisticatedbackpacks:iron_backpack":1,"minecraft:cooked_beef":33,"betterend:tenanea_planks":112,"minecraft:diamond_sword":1,"minecraft:iron_sword":1,"minecraft:cooked_salmon":5,"minecraft:bucket":7,"minecraft:bread":100,"minecraft:air":0,"minecraft:jungle_planks":16812,"minecraft:gold_nugget":889,"minecraft:anvil":2,"minecraft:acacia_planks":1548,"minecraft:torch":770,"minecraft:diamond_chestplate":1,"minecraft:firework_rocket":93},"minecraft:mined":{"minecraft:dragon_wall_head":2,"minecraft:white_bed":3,"betternether:bone_block":13,"betternether:lucis_mushroom":1,"minecraft:light_blue_carpet":1,"minecraft:obsidian":3,"minecraft:granite":3,"minecraft:acacia_log":740,"betterend:aurora_crystal":163,"betternether:stalagnate_planks":2,"minecraft:jungle_log":4662,"betternether:nether_mycelium":1,"minecraft:deepslate_bricks":2,"minecraft:purpur_slab":3,"betternether:jungle_moss":1,"minecraft:nether_wart":2,"minecraft:oxeye_daisy":2,"minecraft:fire":15,"minecraft:cobbled_deepslate":29,"minecraft:fletching_table":14,"minecraft:deepslate_lapis_ore":9,"minecraft:cave_vines":8,"minecraft:dirt_path":16,"minecraft:quartz_slab":3,"betterend:twisted_moss":1,"betternether:cincinnasite_fire_bowl":1,"minecraft:player_head":3,"minecraft:orange_bed":12,"betternether:anchor_tree_log":8,"betterend:glowing_pillar_luminophor":1,"minecraft:brown_mushroom":1,"minecraft:player_wall_head":1,"minecraft:smoker":1,"minecraft:crimson_nylium":2,"betterend:end_moss":3,"minecraft:torch":22,"minecraft:blast_furnace":1,"minecraft:melon":1,"minecraft:spruce_wall_sign":1,"minecraft:glass":11,"betterend:umbralith":8,"minecraft:sugar_cane":176,"minecraft:amethyst_block":1,"minecraft:skeleton_skull":1,"minecraft:wheat":14,"minecraft:lilac":1,"betterend:dense_emerald_ice":7,"betterend:amber_grass":10,"minecraft:warped_fungus":2,"betternether:egg_plant":1,"minecraft:grass":1045,"minecraft:smooth_basalt":2,"minecraft:piston":1,"minecraft:deepslate":509,"minecraft:yellow_terracotta":4,"betternether:cincinnasite_forge":1,"betternether:bone_grass":1,"minecraft:end_stone":154,"betterend:emerald_ice":3,"minecraft:jungle_planks":19,"minecraft:redstone_wire":5,"betterend:tenanea_trapdoor":1,"betternether:cincinnasite_bars":2,"minecraft:redstone_ore":8,"minecraft:jungle_sapling":15,"minecraft:andesite":22,"betternether:pig_statue_respawner":1,"minecraft:vine":103,"minecraft:rail":174,"betterend:mossy_glowshroom_stripped_bark":2,"betterend:amber_root_seed":2,"betterend:ancient_emerald_ice":8,"betterend:bubble_coral":3,"minecraft:bamboo":4,"minecraft:bone_block":1,"minecraft:white_wool":1,"betterend:tenanea_sapling":1,"betternether:nether_brick_tile_stairs":1,"betterend:ender_ore":3,"betternether:netherrack_moss":4,"gravestones:gravestone":1,"betterend:lacugrove_bookshelf":1,"minecraft:glass_pane":5,"minecraft:comparator":1,"minecraft:potted_lily_of_the_valley":1,"minecraft:brown_carpet":1,"betterend:tenanea_log":4,"minecraft:dandelion":1,"minecraft:cobbled_deepslate_wall":2,"minecraft:cornflower":1,"minecraft:emerald_ore":4,"minecraft:warped_roots":4,"minecraft:potted_oxeye_daisy":1,"minecraft:purpur_pillar":4,"minecraft:tall_grass":107,"minecraft:deepslate_gold_ore":151,"betternether:anchor_tree_bark":4,"minecraft:diorite":18,"minecraft:orange_carpet":3,"minecraft:red_terracotta":3,"minecraft:white_carpet":1,"betterend:orango":1,"betternether:bone_tile":1,"betternether:wall_mushroom_red":4,"betterend:rutiscus":1,"betterend:lucernia_leaves":2,"minecraft:zombie_head":1,"betterend:twisted_umbrella_moss":2,"minecraft:gravel":54,"minecraft:acacia_door":3,"minecraft:cobweb":12,"minecraft:acacia_planks":28,"minecraft:chipped_anvil":2,"minecraft:gold_ore":1,"minecraft:fern":7,"betternether:netherrack_furnace":3,"minecraft:spruce_planks":10,"betterend:filalux":2,"sophisticatedbackpacks:gold_backpack":1,"minecraft:brewing_stand":1,"minecraft:spruce_trapdoor":5,"minecraft:grass_block":893,"betternether:nether_brick_wall":10,"minecraft:polished_diorite":5,"betternether:cincinnasite_ore":8,"betternether:nether_grass":2,"minecraft:sculk_catalyst":1,"minecraft:glowstone":12,"minecraft:iron_ore":378,"minecraft:anvil":1,"betterend:tenanea_leaves":11,"minecraft:pointed_dripstone":1,"betternether:nether_reed_ladder":5,"minecraft:end_stone_bricks":2,"betterend:lanceleaf":5,"betterend:fracturn":2,"betterend:tenanea_outer_leaves":16,"betternether:bone_mushroom":1,"minecraft:deepslate_redstone_ore":46,"betternether:golden_vine":1,"minecraft:twisting_vines_plant":7,"betterend:lacugrove_barrel":1,"betterend:thallasium_ore":4,"minecraft:calcite":2,"minecraft:poppy":4,"minecraft:chest":5,"betternether:cincinnasite_forged":12,"minecraft:nether_quartz_ore":3,"minecraft:cobblestone":24,"minecraft:oak_planks":1,"betternether:nether_ruby_ore":7,"minecraft:wall_torch":17,"betterend:umbrella_moss_tall":1,"minecraft:warped_nylium":2,"minecraft:acacia_sapling":4,"minecraft:powered_rail":4,"betternether:giant_lucis":4,"minecraft:tnt":2,"minecraft:purpur_block":4,"minecraft:oak_log":79,"minecraft:acacia_fence":18,"minecraft:dirt":235,"betterend:flavolite":1,"betterend:tenanea_flowers":2,"minecraft:wither_skeleton_skull":1,"minecraft:netherrack":240,"minecraft:oak_leaves":8,"minecraft:emerald_block":1,"betterend:blooming_cooksonia":1,"minecraft:nether_gold_ore":43,"minecraft:tuff":43,"minecraft:quartz_stairs":2,"minecraft:deepslate_diamond_ore":31,"betterend:glowing_pillar_roots":3,"minecraft:polished_andesite_slab":4,"minecraft:acacia_slab":51,"betterend:shadow_grass":1,"minecraft:hay_block":35,"minecraft:furnace":4,"minecraft:carrots":61,"minecraft:acacia_stairs":1,"betternether:wall_moss":1,"minecraft:bookshelf":38,"minecraft:deepslate_iron_ore":101,"minecraft:lantern":4,"minecraft:stripped_acacia_log":1,"minecraft:stripped_jungle_log":2,"betternether:nether_lapis_ore":13,"minecraft:stone":550,"sophisticatedbackpacks:backpack":2,"betternether:nether_reed_planks":9,"minecraft:acacia_leaves":3,"minecraft:scaffolding":8,"betterend:jungle_grass":1,"minecraft:oak_fence":2,"minecraft:crafting_table":4,"betternether:mushroom_grass":1,"minecraft:lime_carpet":1,"minecraft:sculk_sensor":13,"minecraft:lapis_ore":8,"minecraft:sculk":12,"minecraft:spruce_stairs":13,"minecraft:gray_wool":1,"minecraft:acacia_fence_gate":13,"minecraft:redstone_torch":3,"betternether:cincinnasite_lantern_small":1,"betterend:lucernia_outer_leaves":5,"betterend:tenanea_bark":75,"betterend:glowing_pillar_leaves":5,"betterend:charnia_red":1,"minecraft:coal_ore":356,"betterend:bolux_mushroom":1,"minecraft:flower_pot":3,"betternether:cincinnasite_pillar":2}},"DataVersion":3465}