{"stats":{"minecraft:broken":{"minecraft:iron_axe":1,"minecraft:iron_helmet":1},"minecraft:mined":{"betternether:netherrack_furnace":3,"minecraft:spruce_planks":6,"betternether:lucis_mushroom":1,"minecraft:light_blue_carpet":1,"minecraft:obsidian":3,"minecraft:spruce_trapdoor":5,"minecraft:granite":1,"minecraft:acacia_log":106,"minecraft:grass_block":12,"minecraft:jungle_log":21,"betternether:nether_brick_wall":7,"betternether:nether_mycelium":1,"minecraft:polished_diorite":5,"betternether:jungle_moss":1,"minecraft:nether_wart":2,"minecraft:oxeye_daisy":1,"betternether:cincinnasite_ore":4,"betternether:nether_grass":2,"minecraft:sculk_catalyst":1,"minecraft:glowstone":12,"minecraft:iron_ore":55,"minecraft:cobbled_deepslate":6,"minecraft:fire":11,"minecraft:deepslate_lapis_ore":2,"minecraft:anvil":1,"betternether:nether_reed_ladder":5,"minecraft:quartz_slab":3,"minecraft:player_head":2,"minecraft:orange_bed":5,"betternether:anchor_tree_log":8,"minecraft:deepslate_redstone_ore":25,"betternether:golden_vine":1,"minecraft:player_wall_head":1,"minecraft:smoker":1,"minecraft:crimson_nylium":2,"minecraft:torch":5,"minecraft:blast_furnace":1,"minecraft:poppy":3,"minecraft:chest":3,"minecraft:spruce_wall_sign":1,"betternether:cincinnasite_forged":12,"minecraft:nether_quartz_ore":2,"minecraft:oak_planks":1,"betternether:nether_ruby_ore":7,"minecraft:wall_torch":9,"minecraft:skeleton_skull":1,"minecraft:wheat":11,"betternether:giant_lucis":4,"minecraft:tnt":2,"minecraft:grass":139,"minecraft:oak_log":39,"minecraft:acacia_fence":15,"minecraft:dirt":13,"minecraft:netherrack":39,"minecraft:piston":1,"minecraft:oak_leaves":2,"minecraft:deepslate":90,"minecraft:yellow_terracotta":3,"minecraft:nether_gold_ore":43,"minecraft:tuff":2,"minecraft:quartz_stairs":2,"minecraft:deepslate_diamond_ore":20,"minecraft:jungle_planks":2,"minecraft:redstone_wire":5,"minecraft:polished_andesite_slab":4,"minecraft:acacia_slab":4,"minecraft:hay_block":35,"minecraft:redstone_ore":8,"minecraft:furnace":3,"minecraft:carrots":42,"minecraft:acacia_stairs":1,"betternether:wall_moss":1,"minecraft:bookshelf":28,"minecraft:deepslate_iron_ore":47,"minecraft:vine":2,"minecraft:lantern":1,"betternether:nether_lapis_ore":13,"minecraft:bamboo":4,"minecraft:stone":74,"betternether:nether_reed_planks":9,"betternether:nether_brick_tile_stairs":1,"betternether:netherrack_moss":4,"minecraft:scaffolding":8,"minecraft:comparator":1,"minecraft:brown_carpet":1,"minecraft:oak_fence":2,"minecraft:crafting_table":4,"minecraft:cobbled_deepslate_wall":1,"betternether:mushroom_grass":1,"minecraft:lime_carpet":1,"minecraft:sculk_sensor":4,"minecraft:potted_oxeye_daisy":1,"minecraft:tall_grass":8,"minecraft:lapis_ore":6,"minecraft:deepslate_gold_ore":104,"minecraft:sculk":1,"betternether:anchor_tree_bark":4,"minecraft:diorite":4,"minecraft:orange_carpet":3,"minecraft:spruce_stairs":13,"minecraft:red_terracotta":2,"minecraft:acacia_fence_gate":13,"minecraft:white_carpet":1,"betternether:cincinnasite_lantern_small":1,"betternether:bone_tile":1,"betternether:wall_mushroom_red":4,"minecraft:coal_ore":40,"minecraft:flower_pot":3,"minecraft:zombie_head":1,"minecraft:gravel":8,"minecraft:acacia_door":3,"minecraft:cobweb":11,"minecraft:acacia_planks":18,"betternether:cincinnasite_pillar":2,"minecraft:fern":7},"minecraft:used":{"betternether:chest_of_drawers":1,"minecraft:chest":10,"minecraft:shield":22,"minecraft:iron_sword":140,"minecraft:quartz_stairs":2,"minecraft:player_head":3,"minecraft:carrot":115,"minecraft:obsidian":1,"minecraft:lava_bucket":1,"minecraft:quartz_slab":3,"minecraft:lantern":1,"minecraft:item_frame":2,"minecraft:bow":18,"minecraft:furnace":6,"minecraft:acacia_fence":37,"minecraft:skeleton_skull":1,"minecraft:light_blue_carpet":1,"minecraft:oak_planks":2,"minecraft:stone_pickaxe":36,"minecraft:wooden_pickaxe":8,"minecraft:yellow_terracotta":3,"minecraft:blast_furnace":1,"minecraft:lime_carpet":1,"minecraft:acacia_door":2,"minecraft:zombie_head":2,"minecraft:bread":83,"minecraft:deepslate":64,"minecraft:gravel":4,"minecraft:diamond_sword":353,"minecraft:wooden_sword":17,"minecraft:stripped_oak_wood":16,"minecraft:bone_meal":73,"minecraft:stone_sword":18,"minecraft:acacia_log":6,"minecraft:flint_and_steel":9,"betternether:nether_brick_wall":1,"minecraft:cooked_salmon":5,"minecraft:netherrack":29,"minecraft:orange_bed":1,"minecraft:torch":253,"minecraft:dirt":6,"minecraft:anvil":1,"minecraft:white_carpet":7,"betternether:cincinnasite_pillar":2,"minecraft:wooden_axe":28,"minecraft:iron_axe":348,"minecraft:acacia_slab":28,"betternether:netherrack_furnace":3,"minecraft:cooked_beef":14,"minecraft:acacia_planks":19,"minecraft:cobbled_deepslate":51,"minecraft:wheat_seeds":7,"minecraft:cooked_mutton":7,"minecraft:water_bucket":110,"minecraft:copper_block":1,"minecraft:orange_carpet":4,"minecraft:crafting_table":13,"minecraft:painting":4,"minecraft:smoker":1,"minecraft:flower_pot":4,"minecraft:wooden_hoe":11,"minecraft:acacia_stairs":1,"minecraft:diamond_pickaxe":349,"minecraft:iron_pickaxe":303,"minecraft:acacia_fence_gate":16,"minecraft:cobblestone":38,"minecraft:porkchop":1,"minecraft:cooked_porkchop":4,"minecraft:bucket":102},"minecraft:dropped":{"minecraft:spruce_sign":2,"minecraft:glow_ink_sac":4,"minecraft:leather":1,"betternether:nether_ruby":1,"minecraft:red_mushroom":3,"minecraft:dirt":9,"minecraft:grass":2,"minecraft:jungle_sapling":3,"minecraft:wooden_sword":1,"minecraft:gravel":2,"minecraft:sugar_cane":6,"minecraft:cobbled_deepslate":18,"minecraft:obsidian":1,"minecraft:rotten_flesh":49,"minecraft:oak_planks":1,"minecraft:poppy":3,"minecraft:gunpowder":2,"minecraft:scaffolding":4,"minecraft:quartz":1,"minecraft:netherrack":3,"minecraft:iron_ingot":2,"minecraft:bread":1,"minecraft:wheat_seeds":18,"minecraft:cobbled_deepslate_wall":1,"minecraft:cobblestone":4,"minecraft:iron_helmet":1,"minecraft:granite":1,"minecraft:copper_ingot":12,"minecraft:spruce_stairs":4,"minecraft:coal":2,"minecraft:oxeye_daisy":2,"minecraft:diorite":4,"minecraft:wooden_axe":2,"minecraft:iron_leggings":2,"minecraft:string":9,"minecraft:polished_diorite":2,"minecraft:stone_sword":2,"minecraft:cocoa_beans":1,"minecraft:light_gray_wool":1,"minecraft:iron_boots":2,"artifacts:flame_pendant":1,"minecraft:shield":1,"minecraft:spruce_trapdoor":1,"minecraft:iron_chestplate":2,"minecraft:oak_sapling":1,"minecraft:stone_pressure_plate":1,"minecraft:spider_eye":3,"minecraft:bamboo":1,"minecraft:brown_carpet":4,"minecraft:bow":2,"minecraft:stone_pickaxe":2,"minecraft:wooden_pickaxe":1},"minecraft:custom":{"minecraft:animals_bred":1,"minecraft:interact_with_crafting_table":55,"minecraft:open_barrel":40,"minecraft:eat_cake_slice":3,"minecraft:leave_game":5,"minecraft:time_since_death":78511,"minecraft:sprint_one_cm":403005,"minecraft:damage_blocked_by_shield":1335,"minecraft:drop":189,"minecraft:play_time":275887,"minecraft:deaths":7,"minecraft:jump":5828,"minecraft:walk_on_water_one_cm":58224,"minecraft:interact_with_furnace":47,"minecraft:interact_with_cartography_table":2,"minecraft:damage_dealt":21849,"minecraft:crouch_one_cm":9179,"minecraft:interact_with_smoker":18,"minecraft:mob_kills":152,"minecraft:damage_dealt_resisted":77,"minecraft:climb_one_cm":4724,"minecraft:walk_one_cm":914788,"minecraft:damage_dealt_absorbed":80,"minecraft:sneak_time":4426,"minecraft:walk_under_water_one_cm":9308,"minecraft:interact_with_blast_furnace":12,"minecraft:total_world_time":275887,"minecraft:pot_flower":1,"minecraft:interact_with_grindstone":1,"minecraft:time_since_rest":78558,"minecraft:damage_taken":8255,"minecraft:fly_one_cm":891012,"minecraft:open_chest":193,"minecraft:fall_one_cm":164698},"minecraft:picked_up":{"minecraft:wooden_axe":1,"minecraft:wheat":7,"minecraft:flower_pot":4,"minecraft:anvil":1,"betternether:nether_reed_ladder":6,"minecraft:string":23,"minecraft:zombie_head":2,"minecraft:experience_bottle":1,"betternether:netherrack_furnace":3,"minecraft:cobbled_deepslate":109,"minecraft:gold_nugget":169,"minecraft:comparator":1,"minecraft:spruce_planks":6,"minecraft:acacia_fence_gate":13,"minecraft:furnace":3,"minecraft:stick":11,"minecraft:acacia_fence":15,"minecraft:oak_fence":2,"minecraft:torch":14,"minecraft:acacia_log":103,"minecraft:spruce_stairs":13,"minecraft:porkchop":11,"minecraft:diorite":4,"betternether:cincinnasite":10,"minecraft:brown_carpet":4,"betternether:lapis_pile":58,"minecraft:orange_bed":5,"minecraft:stone_sword":2,"minecraft:lime_carpet":1,"betternether:cincinnasite_lantern_small":2,"minecraft:rotten_flesh":62,"minecraft:blaze_rod":8,"minecraft:obsidian":2,"minecraft:cobblestone":63,"betternether:glowstone_pile":9,"betternether:jungle_moss":1,"minecraft:jungle_log":21,"minecraft:orange_carpet":4,"minecraft:smoker":1,"minecraft:tuff":2,"artifacts:flame_pendant":4,"minecraft:lapis_lazuli":44,"minecraft:dirt":25,"minecraft:lantern":2,"minecraft:bone":40,"minecraft:acacia_planks":18,"betternether:lucis_spore":4,"minecraft:bow":2,"minecraft:cobbled_deepslate_wall":1,"minecraft:wheat_seeds":38,"minecraft:raw_gold":101,"minecraft:bamboo":25,"minecraft:glowstone_dust":36,"minecraft:oak_planks":2,"minecraft:cooked_porkchop":6,"minecraft:oak_pressure_plate":3,"betternether:wall_moss":1,"minecraft:jungle_planks":2,"minecraft:acacia_stairs":1,"minecraft:red_terracotta":2,"minecraft:diamond":20,"betternether:cincinnasite_pillar":2,"minecraft:granite":1,"minecraft:bone_meal":36,"minecraft:grass":3,"minecraft:spruce_sign":9,"minecraft:bread":1,"minecraft:emerald":2,"minecraft:oak_sapling":1,"minecraft:netherrack":87,"betternether:nether_brick_tile_stairs":1,"minecraft:cocoa_beans":1,"minecraft:crafting_table":4,"minecraft:firework_star":1,"minecraft:nether_wart":4,"minecraft:shield":1,"minecraft:acacia_door":3,"minecraft:flint_and_steel":1,"minecraft:white_carpet":7,"minecraft:quartz_slab":3,"minecraft:item_frame":7,"minecraft:beef":29,"minecraft:player_head":3,"minecraft:jungle_sapling":3,"minecraft:poppy":3,"minecraft:light_gray_wool":1,"minecraft:quartz_stairs":2,"minecraft:chest":3,"minecraft:piston":1,"minecraft:spruce_trapdoor":6,"minecraft:raw_iron":99,"betternether:nether_brick_wall":7,"betternether:wall_mushroom_red":3,"sophisticatedbackpacks:backpack":6,"betternether:nether_reed_planks":7,"minecraft:carrot":155,"betternether:nether_ruby":11,"minecraft:redstone":161,"minecraft:stone_pressure_plate":1,"minecraft:tnt":2,"betternether:anchor_tree_log":8,"minecraft:arrow":20,"minecraft:hay_block":33,"minecraft:yellow_terracotta":3,"minecraft:saddle":1,"minecraft:gold_ingot":3,"minecraft:mutton":6,"minecraft:skeleton_skull":1,"minecraft:white_wool":2,"minecraft:oxeye_daisy":3,"minecraft:glow_ink_sac":4,"minecraft:leather":12,"minecraft:red_mushroom":6,"minecraft:oak_log":41,"minecraft:gunpowder":4,"minecraft:iron_ingot":3,"minecraft:stone_pickaxe":1,"minecraft:polished_andesite_slab":6,"minecraft:acacia_sapling":23,"minecraft:book":101,"minecraft:scaffolding":8,"betternether:anchor_tree_bark":4,"minecraft:quartz":1,"minecraft:cracked_nether_bricks":1,"minecraft:gravel":8,"minecraft:blast_furnace":1,"betternether:cincinnasite_forged":12,"minecraft:spider_eye":4,"minecraft:polished_diorite":5,"minecraft:light_blue_carpet":1,"minecraft:painting":4,"minecraft:acacia_slab":8,"minecraft:coal":44},"minecraft:killed_by":{"minecraft:wither_skeleton":1,"minecraft:zombie":2},"minecraft:killed":{"minecraft:cave_spider":2,"minecraft:witch":1,"betternether:skull":2,"minecraft:spider":14,"betternether:firefly":1,"minecraft:skeleton":28,"minecraft:piglin":1,"minecraft:pig":6,"minecraft:creeper":4,"minecraft:sheep":3,"minecraft:zombie":48,"minecraft:cow":14,"minecraft:blaze":10,"minecraft:wither_skeleton":3,"minecraft:villager":4},"minecraft:crafted":{"minecraft:oak_planks":20,"betternether:chest_of_drawers":1,"minecraft:cooked_mutton":6,"minecraft:diamond_leggings":1,"minecraft:bow":1,"minecraft:iron_boots":2,"betternether:cincinnasite_ingot":16,"minecraft:chest":9,"minecraft:acacia_fence":24,"sophisticatedbackpacks:backpack":1,"minecraft:cooked_porkchop":6,"minecraft:crafting_table":9,"minecraft:acacia_slab":24,"minecraft:wooden_pickaxe":1,"minecraft:iron_helmet":1,"betternether:cincinnasite_boots":1,"minecraft:wooden_hoe":1,"minecraft:iron_chestplate":2,"minecraft:charcoal":35,"minecraft:diamond_pickaxe":1,"minecraft:shield":1,"minecraft:stick":101,"minecraft:iron_ingot":39,"minecraft:iron_pickaxe":2,"minecraft:stone_sword":1,"minecraft:gold_ingot":16,"minecraft:wooden_sword":1,"betternether:cincinnasite_helmet":1,"minecraft:furnace":3,"minecraft:acacia_fence_gate":3,"minecraft:bone_meal":48,"minecraft:stone_pickaxe":1,"minecraft:wheat":297,"minecraft:cooked_beef":22,"minecraft:diamond_sword":1,"minecraft:iron_sword":1,"minecraft:cooked_salmon":5,"minecraft:bucket":1,"minecraft:bread":100,"minecraft:air":0,"minecraft:jungle_planks":84,"minecraft:wooden_axe":1,"minecraft:iron_leggings":2,"minecraft:acacia_planks":388,"minecraft:torch":192,"minecraft:diamond_chestplate":1}},"DataVersion":3465}