{"stats":{"minecraft:dropped":{"minecraft:glow_ink_sac":4,"betternether:rubeus_bark":1,"minecraft:warped_roots":6,"minecraft:rail":1,"minecraft:red_mushroom":3,"minecraft:item_frame":1,"sophisticatedbackpacks:gold_backpack":1,"minecraft:dirt":11,"minecraft:grass":2,"minecraft:jungle_sapling":44,"minecraft:wooden_sword":1,"minecraft:gold_nugget":2,"minecraft:bone_meal":12,"minecraft:white_wool":1,"minecraft:bone":1,"minecraft:sugar_cane":6,"minecraft:cobbled_deepslate":18,"betternether:nether_brick_wall":3,"minecraft:netherite_sword":5,"minecraft:wheat":3,"minecraft:obsidian":1,"minecraft:rotten_flesh":127,"minecraft:oak_planks":1,"minecraft:white_bed":1,"minecraft:tipped_arrow":1,"minecraft:acacia_sapling":28,"minecraft:acacia_fence":3,"minecraft:egg":4,"minecraft:iron_ingot":3,"minecraft:wheat_seeds":119,"betternether:nether_mushroom_plate":1,"minecraft:cobbled_deepslate_wall":1,"minecraft:feather":1,"minecraft:iron_helmet":1,"minecraft:cobblestone":39,"minecraft:book":24,"minecraft:granite":1,"minecraft:coal":8,"betternether:bone_block":11,"minecraft:oxeye_daisy":2,"minecraft:gray_wool":1,"minecraft:golden_carrot":2,"minecraft:wooden_axe":2,"minecraft:chainmail_leggings":1,"minecraft:string":14,"minecraft:stone_sword":2,"minecraft:cocoa_beans":1,"betternether:cincinnasite_bars":1,"minecraft:chicken":3,"minecraft:iron_boots":2,"minecraft:diamond_sword":2,"minecraft:spruce_trapdoor":1,"minecraft:diamond_pickaxe":1,"minecraft:wooden_shovel":1,"minecraft:stone_pressure_plate":1,"minecraft:spider_eye":6,"minecraft:bamboo":1,"minecraft:brown_carpet":4,"minecraft:bow":4,"minecraft:spruce_sign":2,"minecraft:leather":1,"betternether:nether_ruby":1,"minecraft:jungle_button":129,"minecraft:polished_blackstone_brick_stairs":2,"betternether:wall_moss":1,"minecraft:gravel":2,"minecraft:blackstone":2,"betternether:jungle_moss":2,"betternether:stalagnate_planks":2,"minecraft:pointed_dripstone":2,"minecraft:carrot":2,"minecraft:poppy":3,"minecraft:gunpowder":5,"minecraft:chest":2,"minecraft:arrow":1,"minecraft:scaffolding":4,"minecraft:quartz":2,"minecraft:netherrack":6,"minecraft:water_bucket":1,"minecraft:bread":1,"minecraft:copper_ingot":12,"minecraft:spruce_stairs":4,"betternether:bone_mushroom":3,"minecraft:stick":32,"minecraft:diorite":7,"minecraft:brown_wool":1,"minecraft:iron_leggings":2,"minecraft:iron_axe":8,"minecraft:orange_bed":2,"minecraft:dandelion":1,"minecraft:polished_diorite":2,"minecraft:warped_nylium":1,"minecraft:tuff":7,"minecraft:raw_iron":23,"minecraft:light_gray_wool":3,"artifacts:flame_pendant":1,"minecraft:shield":2,"minecraft:iron_chestplate":2,"minecraft:andesite":5,"minecraft:oak_sapling":8,"minecraft:stone_pickaxe":2,"minecraft:wooden_pickaxe":1},"minecraft:mined":{"minecraft:dragon_wall_head":1,"minecraft:white_bed":3,"betternether:bone_block":13,"betternether:lucis_mushroom":1,"minecraft:light_blue_carpet":1,"minecraft:obsidian":3,"minecraft:granite":1,"minecraft:acacia_log":739,"betterend:aurora_crystal":163,"betternether:stalagnate_planks":2,"minecraft:jungle_log":4662,"betternether:nether_mycelium":1,"minecraft:purpur_slab":2,"betternether:jungle_moss":1,"minecraft:nether_wart":2,"minecraft:oxeye_daisy":2,"minecraft:cobbled_deepslate":6,"minecraft:fire":13,"minecraft:fletching_table":14,"minecraft:deepslate_lapis_ore":9,"minecraft:cave_vines":8,"minecraft:dirt_path":16,"minecraft:quartz_slab":3,"betterend:twisted_moss":1,"betternether:cincinnasite_fire_bowl":1,"minecraft:player_head":3,"minecraft:orange_bed":12,"betternether:anchor_tree_log":8,"betterend:glowing_pillar_luminophor":1,"minecraft:brown_mushroom":1,"minecraft:player_wall_head":1,"minecraft:smoker":1,"minecraft:crimson_nylium":2,"betterend:end_moss":3,"minecraft:torch":15,"minecraft:blast_furnace":1,"minecraft:melon":1,"minecraft:spruce_wall_sign":1,"minecraft:glass":11,"betterend:umbralith":8,"minecraft:sugar_cane":45,"minecraft:amethyst_block":1,"minecraft:skeleton_skull":1,"minecraft:wheat":14,"minecraft:lilac":1,"minecraft:warped_fungus":2,"betterend:amber_grass":10,"betternether:egg_plant":1,"minecraft:grass":963,"minecraft:smooth_basalt":2,"minecraft:piston":1,"minecraft:deepslate":126,"minecraft:yellow_terracotta":4,"betternether:cincinnasite_forge":1,"betternether:bone_grass":1,"minecraft:end_stone":152,"minecraft:jungle_planks":19,"minecraft:redstone_wire":5,"betternether:cincinnasite_bars":2,"minecraft:redstone_ore":8,"minecraft:jungle_sapling":15,"minecraft:andesite":19,"betternether:pig_statue_respawner":1,"minecraft:vine":103,"minecraft:rail":174,"betterend:amber_root_seed":2,"betterend:bubble_coral":3,"minecraft:bamboo":4,"minecraft:bone_block":1,"minecraft:white_wool":1,"betterend:tenanea_sapling":1,"betternether:nether_brick_tile_stairs":1,"betterend:ender_ore":3,"betternether:netherrack_moss":4,"gravestones:gravestone":1,"minecraft:glass_pane":2,"minecraft:comparator":1,"minecraft:brown_carpet":1,"betterend:tenanea_log":2,"minecraft:dandelion":1,"minecraft:cobbled_deepslate_wall":1,"minecraft:cornflower":1,"minecraft:emerald_ore":4,"minecraft:warped_roots":4,"minecraft:potted_oxeye_daisy":1,"minecraft:purpur_pillar":1,"minecraft:tall_grass":99,"minecraft:deepslate_gold_ore":138,"betternether:anchor_tree_bark":4,"minecraft:diorite":4,"minecraft:orange_carpet":3,"minecraft:red_terracotta":2,"minecraft:white_carpet":1,"betterend:orango":1,"betternether:wall_mushroom_red":4,"betternether:bone_tile":1,"minecraft:zombie_head":1,"betterend:twisted_umbrella_moss":1,"minecraft:gravel":53,"minecraft:acacia_door":3,"minecraft:cobweb":12,"minecraft:acacia_planks":28,"minecraft:chipped_anvil":2,"minecraft:fern":7,"betternether:netherrack_furnace":3,"minecraft:spruce_planks":10,"minecraft:spruce_trapdoor":5,"minecraft:grass_block":837,"betternether:nether_brick_wall":10,"minecraft:polished_diorite":5,"betternether:cincinnasite_ore":8,"betternether:nether_grass":2,"minecraft:glowstone":12,"minecraft:sculk_catalyst":1,"minecraft:iron_ore":374,"minecraft:anvil":1,"betterend:tenanea_leaves":11,"minecraft:pointed_dripstone":1,"betternether:nether_reed_ladder":5,"minecraft:end_stone_bricks":2,"betterend:lanceleaf":5,"minecraft:deepslate_redstone_ore":45,"betternether:bone_mushroom":1,"betterend:tenanea_outer_leaves":16,"betternether:golden_vine":1,"minecraft:twisting_vines_plant":7,"betterend:thallasium_ore":4,"minecraft:calcite":2,"minecraft:poppy":3,"minecraft:chest":5,"betternether:cincinnasite_forged":12,"minecraft:nether_quartz_ore":3,"minecraft:cobblestone":9,"minecraft:oak_planks":1,"betternether:nether_ruby_ore":7,"minecraft:wall_torch":16,"betterend:umbrella_moss_tall":1,"minecraft:warped_nylium":2,"minecraft:acacia_sapling":4,"minecraft:powered_rail":4,"betternether:giant_lucis":4,"minecraft:tnt":2,"minecraft:purpur_block":2,"minecraft:oak_log":79,"minecraft:acacia_fence":18,"minecraft:dirt":218,"betterend:flavolite":1,"betterend:tenanea_flowers":2,"minecraft:netherrack":166,"minecraft:oak_leaves":8,"minecraft:emerald_block":1,"minecraft:nether_gold_ore":43,"minecraft:tuff":14,"minecraft:quartz_stairs":2,"minecraft:deepslate_diamond_ore":23,"betterend:glowing_pillar_roots":3,"minecraft:polished_andesite_slab":4,"minecraft:acacia_slab":51,"betterend:shadow_grass":1,"minecraft:hay_block":35,"minecraft:furnace":4,"minecraft:carrots":61,"minecraft:acacia_stairs":1,"betternether:wall_moss":1,"minecraft:bookshelf":31,"minecraft:deepslate_iron_ore":101,"minecraft:lantern":4,"minecraft:stripped_acacia_log":1,"minecraft:stripped_jungle_log":2,"betternether:nether_lapis_ore":13,"minecraft:stone":244,"sophisticatedbackpacks:backpack":2,"betternether:nether_reed_planks":9,"minecraft:acacia_leaves":2,"minecraft:scaffolding":8,"betterend:jungle_grass":1,"minecraft:oak_fence":2,"minecraft:crafting_table":4,"betternether:mushroom_grass":1,"minecraft:lime_carpet":1,"minecraft:sculk_sensor":13,"minecraft:lapis_ore":8,"minecraft:sculk":12,"minecraft:spruce_stairs":13,"minecraft:acacia_fence_gate":13,"minecraft:redstone_torch":3,"betternether:cincinnasite_lantern_small":1,"betterend:tenanea_bark":75,"betterend:glowing_pillar_leaves":3,"betterend:charnia_red":1,"minecraft:coal_ore":249,"minecraft:flower_pot":3,"betternether:cincinnasite_pillar":2},"minecraft:killed_by":{"minecraft:zombie":3,"minecraft:wither_skeleton":12,"minecraft:creeper":2,"minecraft:player":3,"minecraft:iron_golem":1},"minecraft:broken":{"minecraft:wooden_shovel":1,"betternether:cincinnasite_helmet":1,"betternether:cincinnasite_boots":1,"minecraft:iron_axe":15,"minecraft:iron_helmet":1,"minecraft:iron_shovel":1,"minecraft:stone_shovel":2},"minecraft:used":{"minecraft:dispenser":16,"betternether:chest_of_drawers":1,"minecraft:chest":11,"minecraft:quartz_stairs":2,"minecraft:acacia_sapling":122,"minecraft:jungle_sapling":312,"minecraft:lava_bucket":18,"minecraft:villager_spawn_egg":1,"minecraft:netherite_hoe":100,"minecraft:bow":491,"minecraft:furnace":6,"minecraft:acacia_fence":62,"minecraft:egg":31,"minecraft:light_blue_carpet":1,"minecraft:diorite":2,"minecraft:acacia_trapdoor":4,"minecraft:powered_rail":20,"minecraft:wooden_pickaxe":8,"minecraft:composter":3,"minecraft:glow_berries":5,"betterend:tenanea_planks":64,"minecraft:blast_furnace":1,"minecraft:zombie_head":2,"minecraft:stone_button":7,"minecraft:diamond_sword":993,"minecraft:wooden_sword":17,"minecraft:stone_sword":18,"minecraft:acacia_log":290,"minecraft:armor_stand":4,"betternether:nether_brick_wall":1,"minecraft:cooked_salmon":5,"minecraft:netherrack":179,"minecraft:orange_bed":9,"minecraft:torch":475,"minecraft:anvil":3,"minecraft:twisting_vines":16,"betternether:cincinnasite_pillar":2,"minecraft:golden_shovel":13,"minecraft:jungle_trapdoor":1,"minecraft:chipped_anvil":2,"minecraft:iron_axe":6189,"minecraft:jungle_log":27,"betternether:netherrack_furnace":3,"minecraft:diamond_chestplate":2,"minecraft:glowstone":4,"minecraft:acacia_planks":32,"minecraft:cobbled_deepslate":83,"minecraft:wheat_seeds":7,"minecraft:water_bucket":282,"minecraft:fletching_table":18,"minecraft:orange_carpet":4,"minecraft:rail":203,"minecraft:crafting_table":16,"minecraft:white_bed":3,"minecraft:diamond_pickaxe":1827,"minecraft:iron_pickaxe":448,"betternether:cincinnasite_forge":1,"minecraft:cobblestone":176,"minecraft:cooked_porkchop":4,"minecraft:porkchop":1,"minecraft:diamond_leggings":2,"minecraft:iron_shovel":509,"minecraft:shield":43,"minecraft:iron_sword":140,"minecraft:player_head":4,"minecraft:jungle_planks":75,"minecraft:carrot":359,"minecraft:obsidian":1,"minecraft:glass":136,"minecraft:quartz_slab":3,"minecraft:lantern":7,"minecraft:item_frame":2,"minecraft:warped_fungus":1,"minecraft:jungle_button":1,"minecraft:gray_bed":6,"minecraft:skeleton_skull":1,"minecraft:diamond_boots":1,"minecraft:stripped_acacia_log":1,"minecraft:wither_skeleton_skull":1,"minecraft:stone_pickaxe":36,"minecraft:oak_planks":4,"minecraft:ender_pearl":6,"minecraft:sugar_cane":55,"minecraft:white_wool":15,"minecraft:golden_hoe":1,"minecraft:yellow_terracotta":4,"minecraft:end_stone":137,"minecraft:redstone_torch":5,"sophisticatedbackpacks:backpack":3,"minecraft:acacia_door":2,"minecraft:lime_carpet":3,"minecraft:bread":107,"minecraft:deepslate":64,"minecraft:gravel":11,"minecraft:stripped_oak_wood":16,"minecraft:andesite":13,"minecraft:bone_meal":312,"minecraft:netherite_sword":53,"minecraft:flint_and_steel":9,"minecraft:stone_shovel":427,"betterend:umbralith":2,"minecraft:spruce_planks":4,"minecraft:wooden_shovel":105,"minecraft:dirt":1022,"minecraft:white_carpet":7,"minecraft:diamond_helmet":1,"minecraft:wooden_axe":28,"minecraft:bookshelf":10,"gravestones:gravestone":1,"minecraft:acacia_slab":201,"minecraft:iron_boots":1,"minecraft:golden_carrot":88,"minecraft:emerald_block":64,"minecraft:cooked_beef":62,"minecraft:cooked_mutton":7,"minecraft:red_nether_bricks":1,"minecraft:copper_block":1,"minecraft:warped_roots":3,"minecraft:painting":4,"minecraft:smoker":1,"minecraft:wooden_hoe":11,"minecraft:flower_pot":4,"minecraft:acacia_stairs":1,"betternether:nether_ruby_sword":33,"minecraft:acacia_fence_gate":16,"minecraft:bucket":291},"minecraft:killed":{"minecraft:cave_spider":2,"betternether:skull":2,"betternether:firefly":1,"minecraft:skeleton":56,"minecraft:chicken":3,"minecraft:zombie":107,"betterend:shadow_walker":1,"minecraft:cow":30,"minecraft:wandering_trader":2,"minecraft:enderman":13,"minecraft:witch":2,"minecraft:spider":30,"minecraft:piglin":1,"minecraft:pig":10,"minecraft:zombie_villager":5,"minecraft:creeper":13,"minecraft:sheep":41,"minecraft:trader_llama":4,"minecraft:blaze":10,"minecraft:llama":1,"betternether:naga":5,"minecraft:wither_skeleton":18,"minecraft:player":2,"minecraft:villager":13},"minecraft:custom":{"minecraft:interact_with_crafting_table":116,"minecraft:open_barrel":48,"minecraft:eat_cake_slice":3,"minecraft:leave_game":27,"minecraft:time_since_death":81407,"minecraft:damage_blocked_by_shield":4213,"minecraft:play_time":983980,"minecraft:deaths":36,"minecraft:jump":20940,"minecraft:interact_with_furnace":91,"minecraft:traded_with_villager":1113,"minecraft:interact_with_cartography_table":2,"minecraft:sleep_in_bed":15,"minecraft:damage_dealt":52924,"minecraft:interact_with_smoker":25,"minecraft:inspect_dispenser":30,"minecraft:interact_with_anvil":23,"minecraft:damage_dealt_absorbed":80,"minecraft:sneak_time":12554,"minecraft:interact_with_blast_furnace":27,"minecraft:total_world_time":983980,"minecraft:time_since_rest":59637,"minecraft:swim_one_cm":1677,"minecraft:fly_one_cm":4084882,"minecraft:open_chest":360,"minecraft:fall_one_cm":511977,"minecraft:animals_bred":1,"minecraft:sprint_one_cm":1541152,"minecraft:drop":823,"minecraft:talked_to_villager":173,"minecraft:walk_on_water_one_cm":143785,"minecraft:player_kills":1,"minecraft:crouch_one_cm":36025,"minecraft:mob_kills":388,"minecraft:damage_dealt_resisted":77,"minecraft:climb_one_cm":33795,"minecraft:walk_one_cm":3055855,"minecraft:walk_under_water_one_cm":13107,"minecraft:pot_flower":1,"minecraft:interact_with_grindstone":1,"minecraft:damage_taken":24786},"minecraft:crafted":{"minecraft:jungle_button":128,"betternether:chest_of_drawers":1,"minecraft:bookshelf":10,"minecraft:cooked_mutton":13,"minecraft:diamond_leggings":1,"minecraft:tipped_arrow":60,"minecraft:acacia_fence":48,"minecraft:wooden_shovel":2,"minecraft:emerald":1302,"minecraft:cooked_porkchop":6,"minecraft:acacia_slab":138,"minecraft:fletching_table":19,"minecraft:wooden_hoe":1,"minecraft:iron_pickaxe":2,"minecraft:iron_block":75,"minecraft:gold_ingot":189,"minecraft:golden_carrot":78,"minecraft:stone_shovel":3,"minecraft:iron_nugget":18,"sophisticatedbackpacks:stack_upgrade_tier_1":1,"minecraft:acacia_fence_gate":3,"minecraft:bone_meal":117,"minecraft:lantern":2,"minecraft:stone_pickaxe":1,"minecraft:wheat":297,"sophisticatedbackpacks:gold_backpack":1,"minecraft:glowstone":4,"minecraft:enchanted_book":16,"minecraft:flint":30,"minecraft:wooden_axe":1,"minecraft:iron_shovel":5,"minecraft:iron_leggings":2,"minecraft:white_bed":6,"minecraft:oak_planks":60,"minecraft:bow":10,"minecraft:iron_boots":2,"betternether:cincinnasite_ingot":16,"minecraft:chest":10,"minecraft:arrow":512,"sophisticatedbackpacks:backpack":1,"minecraft:crafting_table":12,"minecraft:wooden_pickaxe":1,"minecraft:iron_helmet":1,"minecraft:gold_block":8,"sophisticatedbackpacks:upgrade_base":1,"betternether:cincinnasite_boots":1,"minecraft:iron_chestplate":2,"minecraft:charcoal":35,"minecraft:diamond_pickaxe":1,"minecraft:emerald_block":92,"minecraft:shield":1,"minecraft:stick":33815,"minecraft:iron_ingot":358,"minecraft:stone_sword":1,"minecraft:wooden_sword":1,"betternether:cincinnasite_helmet":1,"minecraft:furnace":3,"minecraft:iron_axe":26,"sophisticatedbackpacks:stack_upgrade_tier_2":1,"sophisticatedbackpacks:iron_backpack":1,"minecraft:cooked_beef":33,"betterend:tenanea_planks":64,"minecraft:diamond_sword":1,"minecraft:iron_sword":1,"minecraft:cooked_salmon":5,"minecraft:bucket":5,"minecraft:bread":100,"minecraft:air":0,"minecraft:jungle_planks":16812,"minecraft:gold_nugget":889,"minecraft:anvil":2,"minecraft:acacia_planks":1544,"minecraft:torch":578,"minecraft:diamond_chestplate":1},"minecraft:picked_up":{"minecraft:wooden_axe":1,"minecraft:anvil":1,"minecraft:flower_pot":4,"minecraft:lead":1,"minecraft:diamond_sword":3,"betterend:tenanea_bark":80,"minecraft:polished_blackstone_brick_stairs":2,"minecraft:string":36,"minecraft:red_nether_bricks":1,"minecraft:diamond_leggings":1,"minecraft:cobbled_deepslate":152,"minecraft:gold_nugget":173,"minecraft:spruce_planks":10,"minecraft:acacia_fence_gate":13,"minecraft:purpur_pillar":1,"minecraft:acacia_log":727,"betternether:bone_mushroom":3,"betterend:tenanea_sapling":6,"betternether:cincinnasite":18,"minecraft:brown_carpet":4,"minecraft:orange_bed":14,"minecraft:lime_carpet":3,"minecraft:stone_sword":2,"minecraft:blaze_rod":8,"minecraft:feather":2,"minecraft:cooked_beef":21,"betternether:jungle_moss":3,"minecraft:jungle_log":4620,"minecraft:brown_wool":1,"minecraft:smoker":1,"minecraft:flint":10,"minecraft:lantern":5,"minecraft:twisting_vines":16,"minecraft:chipped_anvil":2,"betternether:lucis_spore":4,"minecraft:glowstone_dust":36,"betterend:amber_root_raw":1,"betternether:wall_moss":2,"minecraft:acacia_stairs":1,"betterend:glowing_pillar_luminophor":4,"minecraft:red_terracotta":2,"betterend:flavolite":1,"minecraft:stripped_acacia_log":1,"minecraft:granite":1,"minecraft:bread":1,"betterend:crystal_shards":708,"minecraft:diamond_pickaxe":1,"sophisticatedbackpacks:gold_backpack":2,"minecraft:crafting_table":4,"minecraft:nether_wart":4,"minecraft:dragon_head":1,"minecraft:purpur_block":4,"minecraft:flint_and_steel":1,"minecraft:acacia_door":3,"minecraft:white_carpet":7,"minecraft:netherite_sword":3,"minecraft:beef":62,"minecraft:jungle_sapling":361,"minecraft:poppy":3,"minecraft:minecart":30,"minecraft:quartz_stairs":2,"minecraft:chest":5,"minecraft:piston":1,"minecraft:egg":13,"sophisticatedbackpacks:backpack":9,"betternether:nether_reed_planks":7,"minecraft:carrot":361,"betternether:nether_ruby":11,"minecraft:redstone":251,"minecraft:tnt":2,"betternether:anchor_tree_log":8,"minecraft:diamond_chestplate":1,"minecraft:hay_block":33,"minecraft:yellow_terracotta":4,"minecraft:gold_ingot":3,"minecraft:glow_berries":5,"gravestones:gravestone":3,"minecraft:mutton":82,"minecraft:rail":185,"minecraft:bone_block":1,"minecraft:white_wool":36,"minecraft:oxeye_daisy":3,"minecraft:red_mushroom":6,"minecraft:oak_log":80,"minecraft:jungle_button":4,"minecraft:stone_pickaxe":1,"betternether:anchor_tree_bark":4,"minecraft:cracked_nether_bricks":1,"minecraft:gravel":45,"betternether:cincinnasite_forged":12,"betterend:ender_shard":11,"minecraft:polished_diorite":5,"minecraft:light_blue_carpet":1,"betterend:thallasium_raw":13,"minecraft:painting":4,"minecraft:gray_wool":1,"minecraft:warped_roots":9,"minecraft:warped_nylium":1,"minecraft:ender_pearl":7,"minecraft:wheat":12,"betternether:pig_statue_respawner":1,"betternether:bone_block":11,"betternether:nether_reed_ladder":6,"minecraft:armor_stand":4,"minecraft:netherite_ingot":20,"minecraft:zombie_head":2,"minecraft:experience_bottle":1,"betternether:netherrack_furnace":3,"minecraft:comparator":1,"minecraft:redstone_torch":4,"minecraft:iron_boots":1,"minecraft:furnace":4,"minecraft:tipped_arrow":1,"minecraft:stick":531,"minecraft:acacia_fence":22,"minecraft:oak_fence":2,"minecraft:spruce_stairs":13,"minecraft:torch":44,"minecraft:porkchop":17,"betterend:tenanea_log":1,"minecraft:pointed_dripstone":2,"minecraft:diorite":9,"betternether:lapis_pile":58,"betternether:cincinnasite_lantern_small":2,"minecraft:rotten_flesh":144,"minecraft:obsidian":2,"betternether:cincinnasite_bars":1,"minecraft:cobblestone":243,"betternether:glowstone_pile":9,"minecraft:orange_carpet":4,"minecraft:andesite":18,"betterend:amber_root_seed":5,"betternether:stalagnate_trapdoor":1,"minecraft:tuff":9,"artifacts:flame_pendant":6,"minecraft:wither_skeleton_skull":2,"minecraft:dirt":1128,"minecraft:lapis_lazuli":106,"minecraft:glass":24,"minecraft:bone":86,"minecraft:acacia_planks":28,"minecraft:bow":8,"minecraft:cobbled_deepslate_wall":1,"minecraft:wheat_seeds":178,"minecraft:raw_gold":145,"minecraft:bamboo":25,"minecraft:fletching_table":74,"minecraft:powered_rail":8,"minecraft:oak_planks":2,"betterend:umbralith":4,"minecraft:cooked_porkchop":6,"minecraft:oak_pressure_plate":3,"minecraft:jungle_planks":63,"minecraft:diamond":23,"betternether:cincinnasite_pillar":2,"minecraft:bone_meal":50,"minecraft:grass":3,"minecraft:spruce_sign":9,"minecraft:emerald":6,"minecraft:oak_sapling":8,"minecraft:netherrack":245,"betternether:nether_brick_tile_stairs":1,"minecraft:end_stone_bricks":2,"minecraft:cocoa_beans":1,"minecraft:firework_star":1,"minecraft:chicken":4,"minecraft:shield":2,"minecraft:iron_axe":1,"artifacts:feral_claws":2,"minecraft:quartz_slab":3,"minecraft:item_frame":8,"minecraft:blackstone":2,"minecraft:player_head":4,"minecraft:light_gray_wool":3,"minecraft:sugar_cane":65,"minecraft:spruce_trapdoor":6,"betternether:rubeus_bark":1,"minecraft:raw_iron":483,"betternether:nether_brick_wall":10,"minecraft:end_stone":152,"betternether:wall_mushroom_red":3,"minecraft:stone_button":2,"betternether:nether_mushroom_plate":2,"minecraft:stone_pressure_plate":1,"minecraft:arrow":44,"minecraft:saddle":1,"betternether:cincinnasite_fire_bowl":1,"minecraft:skeleton_skull":1,"minecraft:golden_carrot":6,"minecraft:glow_ink_sac":4,"minecraft:leather":34,"betterend:lanceleaf_seed":11,"minecraft:gunpowder":15,"minecraft:cooked_mutton":3,"minecraft:iron_ingot":9,"minecraft:polished_andesite_slab":6,"minecraft:acacia_sapling":214,"minecraft:book":122,"minecraft:scaffolding":8,"minecraft:warped_fungus":1,"minecraft:emerald_block":1,"minecraft:quartz":2,"minecraft:dandelion":1,"minecraft:blast_furnace":1,"minecraft:white_bed":4,"minecraft:spider_eye":10,"minecraft:stripped_jungle_log":2,"betternether:cincinnasite_forge":1,"minecraft:chainmail_leggings":1,"betternether:stalagnate_planks":2,"minecraft:iron_helmet":1,"minecraft:acacia_slab":69,"betterend:glowing_pillar_seed":10,"minecraft:coal":320}},"DataVersion":3465}