{"stats":{"minecraft:killed":{"minecraft:cave_spider":2,"minecraft:witch":1,"minecraft:spider":13,"minecraft:skeleton":13,"minecraft:pig":4,"minecraft:sheep":3,"minecraft:zombie":36,"minecraft:cow":4},"minecraft:mined":{"minecraft:yellow_terracotta":3,"minecraft:deepslate_diamond_ore":16,"minecraft:granite":1,"minecraft:acacia_log":5,"minecraft:grass_block":3,"minecraft:jungle_log":21,"minecraft:oxeye_daisy":1,"minecraft:hay_block":7,"minecraft:redstone_ore":8,"minecraft:furnace":1,"minecraft:iron_ore":55,"minecraft:cobbled_deepslate":2,"minecraft:acacia_stairs":1,"minecraft:anvil":1,"minecraft:bookshelf":2,"minecraft:deepslate_iron_ore":18,"minecraft:vine":2,"minecraft:bamboo":4,"minecraft:stone":67,"minecraft:player_head":1,"minecraft:deepslate_redstone_ore":24,"minecraft:oak_fence":2,"minecraft:crafting_table":1,"minecraft:cobbled_deepslate_wall":1,"minecraft:torch":2,"minecraft:blast_furnace":1,"minecraft:poppy":1,"minecraft:tall_grass":3,"minecraft:lapis_ore":6,"minecraft:deepslate_gold_ore":37,"minecraft:oak_planks":1,"minecraft:diorite":4,"minecraft:wall_torch":7,"minecraft:wheat":6,"minecraft:tnt":2,"minecraft:grass":46,"minecraft:oak_log":39,"minecraft:coal_ore":40,"minecraft:acacia_fence":9,"minecraft:acacia_door":2,"minecraft:gravel":7,"minecraft:dirt":10,"minecraft:cobweb":11,"minecraft:acacia_planks":6,"minecraft:oak_leaves":2,"minecraft:deepslate":48,"minecraft:fern":7},"minecraft:picked_up":{"minecraft:wooden_axe":1,"minecraft:cocoa_beans":1,"minecraft:wheat":6,"minecraft:crafting_table":1,"minecraft:firework_star":1,"minecraft:anvil":1,"minecraft:string":22,"minecraft:acacia_door":2,"minecraft:item_frame":4,"minecraft:experience_bottle":1,"minecraft:cobbled_deepslate":65,"minecraft:beef":8,"minecraft:player_head":1,"minecraft:jungle_sapling":3,"minecraft:poppy":1,"minecraft:light_gray_wool":1,"minecraft:furnace":1,"minecraft:stick":2,"minecraft:raw_iron":72,"minecraft:acacia_fence":9,"minecraft:oak_fence":2,"minecraft:torch":10,"minecraft:acacia_log":5,"sophisticatedbackpacks:backpack":1,"minecraft:porkchop":7,"minecraft:diorite":4,"minecraft:carrot":1,"minecraft:redstone":151,"minecraft:tnt":2,"minecraft:rotten_flesh":49,"minecraft:stone_sword":1,"minecraft:arrow":14,"minecraft:hay_block":5,"minecraft:yellow_terracotta":3,"minecraft:gold_ingot":2,"minecraft:mutton":6,"minecraft:white_wool":2,"minecraft:cobblestone":59,"minecraft:oxeye_daisy":1,"minecraft:jungle_log":21,"minecraft:leather":3,"minecraft:oak_log":40,"minecraft:lapis_lazuli":32,"minecraft:dirt":14,"minecraft:bone":20,"minecraft:acacia_planks":6,"minecraft:cobbled_deepslate_wall":1,"minecraft:wheat_seeds":22,"minecraft:raw_gold":37,"minecraft:iron_ingot":1,"minecraft:stone_pickaxe":1,"minecraft:bamboo":25,"minecraft:oak_planks":1,"minecraft:book":7,"minecraft:oak_pressure_plate":1,"minecraft:gravel":7,"minecraft:blast_furnace":1,"minecraft:acacia_stairs":1,"minecraft:spider_eye":4,"minecraft:diamond":16,"minecraft:granite":1,"minecraft:emerald":2,"minecraft:oak_sapling":1,"minecraft:coal":40},"minecraft:used":{"minecraft:stone_sword":18,"minecraft:acacia_log":3,"minecraft:shield":13,"minecraft:iron_sword":140,"minecraft:cooked_salmon":3,"minecraft:torch":177,"minecraft:dirt":6,"minecraft:wooden_axe":28,"minecraft:iron_axe":74,"minecraft:item_frame":2,"minecraft:furnace":4,"minecraft:acacia_fence":9,"minecraft:cooked_beef":14,"minecraft:acacia_planks":6,"minecraft:cobbled_deepslate":17,"minecraft:wheat_seeds":7,"minecraft:cooked_mutton":7,"minecraft:water_bucket":75,"minecraft:oak_planks":2,"minecraft:stone_pickaxe":36,"minecraft:copper_block":1,"minecraft:wooden_pickaxe":8,"minecraft:yellow_terracotta":3,"minecraft:crafting_table":7,"minecraft:acacia_stairs":1,"minecraft:acacia_door":2,"minecraft:bread":7,"minecraft:iron_pickaxe":298,"minecraft:deepslate":64,"minecraft:gravel":4,"minecraft:diamond_sword":120,"minecraft:wooden_sword":17,"minecraft:cobblestone":38,"minecraft:porkchop":1,"minecraft:cooked_porkchop":4,"minecraft:stripped_oak_wood":16,"minecraft:bucket":67},"minecraft:dropped":{"minecraft:wheat_seeds":6,"minecraft:cobbled_deepslate_wall":1,"minecraft:leather":1,"minecraft:granite":1,"minecraft:copper_ingot":12,"minecraft:oxeye_daisy":1,"minecraft:dirt":6,"minecraft:diorite":4,"minecraft:wooden_axe":2,"minecraft:jungle_sapling":3,"minecraft:wooden_sword":1,"minecraft:string":2,"minecraft:gravel":1,"minecraft:sugar_cane":6,"minecraft:stone_sword":2,"minecraft:cobbled_deepslate":18,"minecraft:cocoa_beans":1,"minecraft:rotten_flesh":41,"minecraft:light_gray_wool":1,"minecraft:poppy":1,"minecraft:oak_sapling":1,"minecraft:spider_eye":3,"minecraft:bamboo":1,"minecraft:wooden_pickaxe":1,"minecraft:stone_pickaxe":2},"minecraft:custom":{"minecraft:mob_kills":83,"minecraft:animals_bred":1,"minecraft:interact_with_crafting_table":20,"minecraft:open_barrel":11,"minecraft:leave_game":2,"minecraft:time_since_death":68450,"minecraft:climb_one_cm":749,"minecraft:sprint_one_cm":126697,"minecraft:walk_one_cm":318098,"minecraft:damage_blocked_by_shield":555,"minecraft:drop":100,"minecraft:damage_dealt_absorbed":80,"minecraft:play_time":100186,"minecraft:deaths":3,"minecraft:sneak_time":420,"minecraft:walk_under_water_one_cm":7643,"minecraft:jump":2303,"minecraft:walk_on_water_one_cm":36283,"minecraft:total_world_time":100186,"minecraft:interact_with_furnace":37,"minecraft:interact_with_cartography_table":1,"minecraft:time_since_rest":68478,"minecraft:damage_taken":3497,"minecraft:damage_dealt":11711,"minecraft:fly_one_cm":289351,"minecraft:open_chest":15,"minecraft:crouch_one_cm":555,"minecraft:fall_one_cm":68065},"minecraft:crafted":{"minecraft:wooden_sword":1,"minecraft:oak_planks":20,"minecraft:furnace":3,"minecraft:cooked_mutton":6,"minecraft:bow":1,"minecraft:iron_boots":1,"minecraft:stone_pickaxe":1,"minecraft:cooked_beef":1,"minecraft:diamond_sword":1,"minecraft:cooked_porkchop":6,"minecraft:crafting_table":6,"minecraft:wooden_pickaxe":1,"minecraft:iron_sword":1,"minecraft:cooked_salmon":5,"minecraft:bucket":1,"minecraft:air":0,"minecraft:jungle_planks":84,"minecraft:iron_chestplate":1,"minecraft:charcoal":35,"minecraft:shield":1,"minecraft:stick":41,"minecraft:iron_ingot":39,"minecraft:iron_pickaxe":1,"minecraft:wooden_axe":1,"minecraft:stone_sword":1,"minecraft:iron_leggings":1,"minecraft:torch":112}},"DataVersion":3465}