{"stats":{"minecraft:broken":{"minecraft:iron_helmet":1},"minecraft:killed":{"minecraft:cave_spider":2,"minecraft:witch":1,"minecraft:spider":14,"minecraft:skeleton":23,"minecraft:pig":6,"minecraft:creeper":4,"minecraft:sheep":3,"minecraft:zombie":47,"minecraft:villager":4,"minecraft:cow":14},"minecraft:mined":{"minecraft:yellow_terracotta":3,"minecraft:tuff":2,"minecraft:deepslate_diamond_ore":20,"minecraft:spruce_trapdoor":2,"minecraft:granite":1,"minecraft:acacia_log":103,"minecraft:grass_block":11,"minecraft:jungle_log":21,"minecraft:polished_diorite":3,"minecraft:oxeye_daisy":1,"minecraft:hay_block":35,"minecraft:redstone_ore":8,"minecraft:furnace":2,"minecraft:iron_ore":55,"minecraft:cobbled_deepslate":2,"minecraft:acacia_stairs":1,"minecraft:deepslate_lapis_ore":2,"minecraft:anvil":1,"minecraft:bookshelf":2,"minecraft:deepslate_iron_ore":42,"minecraft:vine":2,"minecraft:bamboo":4,"minecraft:stone":67,"minecraft:player_head":1,"minecraft:orange_bed":2,"minecraft:deepslate_redstone_ore":25,"minecraft:scaffolding":4,"minecraft:player_wall_head":1,"minecraft:smoker":1,"minecraft:brown_carpet":1,"minecraft:oak_fence":2,"minecraft:crafting_table":2,"minecraft:cobbled_deepslate_wall":1,"minecraft:torch":5,"minecraft:blast_furnace":1,"minecraft:poppy":3,"minecraft:chest":1,"minecraft:spruce_wall_sign":1,"minecraft:tall_grass":6,"minecraft:lapis_ore":6,"minecraft:deepslate_gold_ore":97,"minecraft:oak_planks":1,"minecraft:diorite":4,"minecraft:wall_torch":8,"minecraft:skeleton_skull":1,"minecraft:spruce_stairs":7,"minecraft:wheat":11,"minecraft:tnt":2,"minecraft:grass":133,"minecraft:oak_log":39,"minecraft:coal_ore":40,"minecraft:acacia_fence":10,"minecraft:acacia_door":2,"minecraft:gravel":7,"minecraft:dirt":10,"minecraft:cobweb":11,"minecraft:acacia_planks":6,"minecraft:oak_leaves":2,"minecraft:deepslate":88,"minecraft:fern":7},"minecraft:killed_by":{"minecraft:zombie":2},"minecraft:picked_up":{"minecraft:wooden_axe":1,"minecraft:cocoa_beans":1,"minecraft:wheat":7,"minecraft:crafting_table":2,"minecraft:firework_star":1,"minecraft:anvil":1,"minecraft:string":23,"minecraft:acacia_door":2,"minecraft:item_frame":7,"minecraft:experience_bottle":1,"minecraft:cobbled_deepslate":107,"minecraft:beef":29,"minecraft:player_head":2,"minecraft:jungle_sapling":3,"minecraft:poppy":3,"minecraft:light_gray_wool":1,"minecraft:chest":1,"minecraft:spruce_trapdoor":3,"minecraft:furnace":2,"minecraft:stick":9,"minecraft:raw_iron":94,"minecraft:acacia_fence":10,"minecraft:oak_fence":2,"minecraft:spruce_stairs":7,"minecraft:torch":13,"minecraft:acacia_log":100,"sophisticatedbackpacks:backpack":3,"minecraft:porkchop":11,"minecraft:diorite":4,"minecraft:carrot":1,"minecraft:redstone":156,"minecraft:orange_bed":2,"minecraft:tnt":2,"minecraft:rotten_flesh":60,"minecraft:stone_sword":1,"minecraft:arrow":18,"minecraft:hay_block":33,"minecraft:yellow_terracotta":3,"minecraft:gold_ingot":2,"minecraft:mutton":6,"minecraft:skeleton_skull":1,"minecraft:white_wool":2,"minecraft:cobblestone":59,"minecraft:oxeye_daisy":1,"minecraft:glow_ink_sac":4,"minecraft:jungle_log":21,"minecraft:leather":12,"minecraft:smoker":1,"minecraft:tuff":2,"minecraft:oak_log":41,"artifacts:flame_pendant":2,"minecraft:gunpowder":4,"minecraft:lapis_lazuli":44,"minecraft:dirt":22,"minecraft:lantern":1,"minecraft:bone":27,"minecraft:acacia_planks":6,"minecraft:cobbled_deepslate_wall":1,"minecraft:wheat_seeds":36,"minecraft:raw_gold":94,"minecraft:iron_ingot":2,"minecraft:stone_pickaxe":1,"minecraft:bamboo":25,"minecraft:acacia_sapling":23,"minecraft:oak_planks":1,"minecraft:book":7,"minecraft:scaffolding":4,"minecraft:cooked_porkchop":6,"minecraft:oak_pressure_plate":3,"minecraft:gravel":7,"minecraft:blast_furnace":1,"minecraft:acacia_stairs":1,"minecraft:spider_eye":4,"minecraft:polished_diorite":3,"minecraft:diamond":20,"minecraft:granite":1,"minecraft:grass":1,"minecraft:spruce_sign":5,"minecraft:emerald":2,"minecraft:oak_sapling":1,"minecraft:coal":42},"minecraft:used":{"minecraft:stone_sword":18,"minecraft:acacia_log":3,"minecraft:chest":7,"minecraft:shield":18,"minecraft:iron_sword":140,"minecraft:cooked_salmon":5,"minecraft:player_head":2,"minecraft:torch":247,"minecraft:dirt":6,"minecraft:anvil":1,"minecraft:wooden_axe":28,"minecraft:lantern":1,"minecraft:iron_axe":222,"minecraft:item_frame":2,"minecraft:bow":16,"minecraft:furnace":5,"minecraft:acacia_fence":34,"minecraft:skeleton_skull":1,"minecraft:cooked_beef":14,"minecraft:acacia_planks":6,"minecraft:cobbled_deepslate":45,"minecraft:wheat_seeds":7,"minecraft:cooked_mutton":7,"minecraft:water_bucket":104,"minecraft:oak_planks":2,"minecraft:stone_pickaxe":36,"minecraft:copper_block":1,"minecraft:wooden_pickaxe":8,"minecraft:yellow_terracotta":3,"minecraft:crafting_table":10,"minecraft:blast_furnace":1,"minecraft:smoker":1,"minecraft:diamond_pickaxe":133,"minecraft:acacia_stairs":1,"minecraft:acacia_door":2,"minecraft:bread":27,"minecraft:iron_pickaxe":303,"minecraft:deepslate":64,"minecraft:gravel":4,"minecraft:acacia_fence_gate":2,"minecraft:diamond_sword":266,"minecraft:wooden_sword":17,"minecraft:cobblestone":38,"minecraft:porkchop":1,"minecraft:cooked_porkchop":4,"minecraft:stripped_oak_wood":16,"minecraft:bucket":96},"minecraft:dropped":{"minecraft:wheat_seeds":16,"minecraft:glow_ink_sac":4,"minecraft:cobbled_deepslate_wall":1,"minecraft:leather":1,"minecraft:granite":1,"minecraft:copper_ingot":12,"minecraft:coal":2,"minecraft:oxeye_daisy":1,"minecraft:dirt":6,"minecraft:diorite":4,"minecraft:wooden_axe":2,"minecraft:iron_leggings":1,"minecraft:jungle_sapling":3,"minecraft:wooden_sword":1,"minecraft:string":9,"minecraft:gravel":1,"minecraft:sugar_cane":6,"minecraft:stone_sword":2,"minecraft:cobbled_deepslate":18,"minecraft:cocoa_beans":1,"minecraft:rotten_flesh":49,"minecraft:light_gray_wool":1,"minecraft:iron_boots":1,"artifacts:flame_pendant":1,"minecraft:poppy":3,"minecraft:gunpowder":2,"minecraft:spruce_trapdoor":1,"minecraft:iron_chestplate":1,"minecraft:oak_sapling":1,"minecraft:spider_eye":3,"minecraft:bamboo":1,"minecraft:wooden_pickaxe":1,"minecraft:stone_pickaxe":2},"minecraft:custom":{"minecraft:mob_kills":129,"minecraft:animals_bred":1,"minecraft:interact_with_crafting_table":38,"minecraft:open_barrel":16,"minecraft:leave_game":2,"minecraft:time_since_death":1866,"minecraft:climb_one_cm":749,"minecraft:sprint_one_cm":237059,"minecraft:walk_one_cm":531486,"minecraft:damage_blocked_by_shield":1170,"minecraft:drop":139,"minecraft:damage_dealt_absorbed":80,"minecraft:play_time":160186,"minecraft:deaths":5,"minecraft:sneak_time":746,"minecraft:walk_under_water_one_cm":7661,"minecraft:jump":3686,"minecraft:interact_with_blast_furnace":3,"minecraft:walk_on_water_one_cm":48347,"minecraft:total_world_time":160186,"minecraft:interact_with_furnace":40,"minecraft:interact_with_cartography_table":2,"minecraft:interact_with_grindstone":1,"minecraft:time_since_rest":1889,"minecraft:damage_taken":5029,"minecraft:damage_dealt":17451,"minecraft:fly_one_cm":524860,"minecraft:open_chest":80,"minecraft:crouch_one_cm":877,"minecraft:interact_with_smoker":5,"minecraft:fall_one_cm":109692},"minecraft:crafted":{"minecraft:wooden_sword":1,"minecraft:oak_planks":20,"minecraft:acacia_fence_gate":2,"minecraft:furnace":3,"minecraft:cooked_mutton":6,"minecraft:bow":1,"minecraft:iron_boots":1,"minecraft:stone_pickaxe":1,"minecraft:chest":7,"minecraft:acacia_fence":24,"minecraft:wheat":297,"minecraft:cooked_beef":17,"minecraft:diamond_sword":1,"sophisticatedbackpacks:backpack":1,"minecraft:cooked_porkchop":6,"minecraft:crafting_table":8,"minecraft:wooden_pickaxe":1,"minecraft:iron_sword":1,"minecraft:cooked_salmon":5,"minecraft:bucket":1,"minecraft:bread":100,"minecraft:air":0,"minecraft:jungle_planks":84,"minecraft:diamond_pickaxe":1,"minecraft:iron_chestplate":2,"minecraft:charcoal":35,"minecraft:shield":1,"minecraft:stick":101,"minecraft:iron_ingot":39,"minecraft:iron_pickaxe":1,"minecraft:wooden_axe":1,"minecraft:stone_sword":1,"minecraft:iron_leggings":2,"minecraft:acacia_planks":388,"minecraft:torch":192}},"DataVersion":3465}