{"stats":{"minecraft:used":{"minecraft:iron_shovel":509,"minecraft:dispenser":16,"betternether:chest_of_drawers":1,"minecraft:shield":43,"minecraft:chest":11,"minecraft:iron_sword":140,"minecraft:quartz_stairs":2,"minecraft:player_head":4,"minecraft:jungle_planks":75,"minecraft:carrot":359,"minecraft:acacia_sapling":122,"minecraft:obsidian":1,"minecraft:glass":136,"minecraft:jungle_sapling":287,"minecraft:lava_bucket":18,"minecraft:villager_spawn_egg":1,"minecraft:quartz_slab":3,"minecraft:lantern":7,"minecraft:netherite_hoe":100,"minecraft:item_frame":2,"minecraft:bow":281,"minecraft:warped_fungus":1,"minecraft:jungle_button":1,"minecraft:furnace":6,"minecraft:gray_bed":6,"minecraft:acacia_fence":62,"minecraft:skeleton_skull":1,"minecraft:egg":4,"minecraft:wither_skeleton_skull":1,"minecraft:light_blue_carpet":1,"minecraft:oak_planks":4,"minecraft:diorite":2,"minecraft:stone_pickaxe":36,"minecraft:powered_rail":20,"minecraft:acacia_trapdoor":4,"minecraft:ender_pearl":1,"minecraft:wooden_pickaxe":8,"minecraft:composter":3,"minecraft:sugar_cane":55,"minecraft:glow_berries":5,"minecraft:white_wool":15,"minecraft:golden_hoe":1,"minecraft:yellow_terracotta":4,"minecraft:blast_furnace":1,"minecraft:redstone_torch":5,"sophisticatedbackpacks:backpack":3,"minecraft:stone_button":7,"minecraft:lime_carpet":3,"minecraft:acacia_door":2,"minecraft:zombie_head":2,"minecraft:bread":107,"minecraft:deepslate":64,"minecraft:gravel":11,"minecraft:diamond_sword":865,"minecraft:wooden_sword":17,"minecraft:stripped_oak_wood":16,"minecraft:andesite":13,"minecraft:bone_meal":312,"minecraft:netherite_sword":20,"minecraft:stone_sword":18,"minecraft:acacia_log":286,"minecraft:flint_and_steel":9,"minecraft:armor_stand":4,"minecraft:stone_shovel":427,"minecraft:spruce_planks":4,"minecraft:wooden_shovel":105,"minecraft:cooked_salmon":5,"betternether:nether_brick_wall":1,"minecraft:netherrack":179,"minecraft:orange_bed":9,"minecraft:torch":426,"minecraft:dirt":998,"minecraft:anvil":3,"minecraft:white_carpet":7,"minecraft:twisting_vines":16,"betternether:cincinnasite_pillar":2,"minecraft:golden_shovel":13,"minecraft:jungle_trapdoor":1,"minecraft:wooden_axe":28,"minecraft:chipped_anvil":2,"minecraft:bookshelf":10,"gravestones:gravestone":1,"minecraft:iron_axe":5698,"minecraft:acacia_slab":201,"minecraft:jungle_log":22,"betternether:netherrack_furnace":3,"minecraft:iron_boots":1,"minecraft:glowstone":4,"minecraft:golden_carrot":88,"minecraft:emerald_block":64,"minecraft:cooked_beef":37,"minecraft:cobbled_deepslate":58,"minecraft:acacia_planks":32,"minecraft:wheat_seeds":7,"minecraft:cooked_mutton":7,"minecraft:water_bucket":236,"minecraft:red_nether_bricks":1,"minecraft:copper_block":1,"minecraft:fletching_table":18,"minecraft:warped_roots":3,"minecraft:orange_carpet":4,"minecraft:rail":203,"minecraft:crafting_table":15,"minecraft:white_bed":3,"minecraft:painting":4,"minecraft:smoker":1,"minecraft:flower_pot":4,"minecraft:wooden_hoe":11,"minecraft:acacia_stairs":1,"minecraft:diamond_pickaxe":1411,"minecraft:iron_pickaxe":448,"betternether:nether_ruby_sword":5,"betternether:cincinnasite_forge":1,"minecraft:acacia_fence_gate":16,"minecraft:porkchop":1,"minecraft:cobblestone":176,"minecraft:cooked_porkchop":4,"minecraft:bucket":242,"minecraft:diamond_leggings":1},"minecraft:picked_up":{"minecraft:wooden_axe":1,"minecraft:wheat":12,"minecraft:flower_pot":4,"minecraft:anvil":1,"betternether:pig_statue_respawner":1,"minecraft:lead":1,"minecraft:diamond_sword":3,"betternether:bone_block":11,"betternether:nether_reed_ladder":6,"minecraft:polished_blackstone_brick_stairs":2,"minecraft:string":35,"minecraft:red_nether_bricks":1,"minecraft:armor_stand":4,"minecraft:netherite_ingot":20,"minecraft:experience_bottle":1,"minecraft:zombie_head":2,"betternether:netherrack_furnace":3,"minecraft:diamond_leggings":1,"minecraft:cobbled_deepslate":125,"minecraft:gold_nugget":173,"minecraft:comparator":1,"minecraft:spruce_planks":10,"minecraft:acacia_fence_gate":13,"minecraft:redstone_torch":4,"minecraft:iron_boots":1,"minecraft:furnace":4,"minecraft:stick":497,"minecraft:acacia_fence":22,"minecraft:oak_fence":2,"minecraft:torch":43,"minecraft:acacia_log":723,"minecraft:spruce_stairs":13,"minecraft:porkchop":17,"betternether:bone_mushroom":3,"minecraft:pointed_dripstone":2,"minecraft:diorite":9,"betternether:cincinnasite":18,"minecraft:brown_carpet":4,"betternether:lapis_pile":58,"minecraft:orange_bed":14,"minecraft:stone_sword":2,"minecraft:lime_carpet":3,"betternether:cincinnasite_lantern_small":2,"minecraft:rotten_flesh":104,"minecraft:blaze_rod":8,"minecraft:obsidian":2,"betternether:cincinnasite_bars":1,"minecraft:cobblestone":243,"betternether:stalagnate_trapdoor":1,"minecraft:feather":2,"betternether:glowstone_pile":9,"minecraft:cooked_beef":21,"betternether:jungle_moss":3,"minecraft:andesite":18,"minecraft:jungle_log":4233,"minecraft:orange_carpet":4,"minecraft:brown_wool":1,"minecraft:smoker":1,"minecraft:flint":10,"minecraft:tuff":2,"minecraft:wither_skeleton_skull":2,"artifacts:flame_pendant":6,"minecraft:lapis_lazuli":100,"minecraft:dirt":1104,"minecraft:lantern":5,"minecraft:twisting_vines":16,"minecraft:glass":24,"minecraft:bone":84,"minecraft:chipped_anvil":2,"minecraft:acacia_planks":28,"betternether:lucis_spore":4,"minecraft:bow":7,"minecraft:wheat_seeds":178,"minecraft:cobbled_deepslate_wall":1,"minecraft:raw_gold":127,"minecraft:fletching_table":74,"minecraft:glowstone_dust":36,"minecraft:bamboo":25,"minecraft:powered_rail":8,"minecraft:oak_planks":2,"minecraft:cooked_porkchop":6,"minecraft:oak_pressure_plate":3,"betternether:wall_moss":2,"minecraft:jungle_planks":63,"minecraft:acacia_stairs":1,"minecraft:red_terracotta":2,"minecraft:diamond":23,"betternether:cincinnasite_pillar":2,"minecraft:granite":1,"minecraft:bone_meal":50,"minecraft:grass":3,"minecraft:spruce_sign":9,"minecraft:emerald":6,"minecraft:bread":1,"minecraft:oak_sapling":8,"minecraft:netherrack":245,"betternether:nether_brick_tile_stairs":1,"minecraft:diamond_pickaxe":1,"sophisticatedbackpacks:gold_backpack":2,"minecraft:cocoa_beans":1,"minecraft:crafting_table":4,"minecraft:firework_star":1,"minecraft:chicken":4,"minecraft:nether_wart":4,"minecraft:shield":2,"minecraft:iron_axe":1,"minecraft:acacia_door":3,"minecraft:flint_and_steel":1,"artifacts:feral_claws":2,"minecraft:item_frame":8,"minecraft:quartz_slab":3,"minecraft:white_carpet":7,"minecraft:blackstone":2,"minecraft:netherite_sword":3,"minecraft:beef":62,"minecraft:player_head":4,"minecraft:jungle_sapling":331,"minecraft:poppy":3,"minecraft:light_gray_wool":3,"minecraft:minecart":30,"minecraft:quartz_stairs":2,"minecraft:sugar_cane":65,"minecraft:chest":5,"minecraft:piston":1,"minecraft:spruce_trapdoor":6,"betternether:rubeus_bark":1,"minecraft:egg":10,"minecraft:raw_iron":441,"betternether:nether_brick_wall":10,"betternether:wall_mushroom_red":3,"sophisticatedbackpacks:backpack":9,"betternether:nether_reed_planks":7,"minecraft:stone_button":2,"betternether:nether_ruby":11,"minecraft:carrot":361,"minecraft:redstone":251,"betternether:nether_mushroom_plate":2,"minecraft:stone_pressure_plate":1,"minecraft:tnt":2,"betternether:anchor_tree_log":8,"minecraft:arrow":41,"minecraft:diamond_chestplate":1,"minecraft:hay_block":33,"minecraft:bone_block":1,"minecraft:yellow_terracotta":4,"minecraft:saddle":1,"minecraft:gold_ingot":3,"betternether:cincinnasite_fire_bowl":1,"gravestones:gravestone":3,"minecraft:glow_berries":5,"minecraft:mutton":82,"minecraft:rail":182,"minecraft:skeleton_skull":1,"minecraft:white_wool":36,"minecraft:oxeye_daisy":3,"minecraft:golden_carrot":6,"minecraft:glow_ink_sac":4,"minecraft:leather":34,"minecraft:red_mushroom":6,"minecraft:oak_log":80,"minecraft:jungle_button":4,"minecraft:gunpowder":14,"minecraft:cooked_mutton":3,"minecraft:iron_ingot":8,"minecraft:stone_pickaxe":1,"minecraft:polished_andesite_slab":6,"minecraft:acacia_sapling":214,"minecraft:book":122,"minecraft:scaffolding":8,"minecraft:emerald_block":1,"minecraft:warped_fungus":1,"betternether:anchor_tree_bark":4,"minecraft:cracked_nether_bricks":1,"minecraft:quartz":2,"minecraft:dandelion":1,"minecraft:gravel":45,"minecraft:blast_furnace":1,"minecraft:white_bed":4,"betternether:cincinnasite_forged":12,"minecraft:spider_eye":10,"minecraft:stripped_jungle_log":2,"betternether:cincinnasite_forge":1,"betternether:stalagnate_planks":2,"minecraft:polished_diorite":5,"minecraft:chainmail_leggings":1,"minecraft:light_blue_carpet":1,"minecraft:iron_helmet":1,"minecraft:painting":4,"minecraft:gray_wool":1,"minecraft:warped_roots":9,"minecraft:warped_nylium":1,"minecraft:acacia_slab":69,"minecraft:coal":320,"minecraft:ender_pearl":1},"minecraft:custom":{"minecraft:animals_bred":1,"minecraft:interact_with_crafting_table":112,"minecraft:open_barrel":45,"minecraft:eat_cake_slice":3,"minecraft:leave_game":24,"minecraft:time_since_death":26401,"minecraft:sprint_one_cm":1391827,"minecraft:damage_blocked_by_shield":4213,"minecraft:drop":767,"minecraft:talked_to_villager":142,"minecraft:play_time":881250,"minecraft:deaths":33,"minecraft:jump":18961,"minecraft:walk_on_water_one_cm":103045,"minecraft:interact_with_furnace":89,"minecraft:traded_with_villager":1006,"minecraft:interact_with_cartography_table":2,"minecraft:sleep_in_bed":13,"minecraft:damage_dealt":44543,"minecraft:player_kills":1,"minecraft:crouch_one_cm":30976,"minecraft:interact_with_smoker":25,"minecraft:inspect_dispenser":30,"minecraft:interact_with_anvil":10,"minecraft:mob_kills":338,"minecraft:damage_dealt_resisted":77,"minecraft:climb_one_cm":31333,"minecraft:walk_one_cm":2793498,"minecraft:damage_dealt_absorbed":80,"minecraft:sneak_time":11172,"minecraft:walk_under_water_one_cm":10922,"minecraft:interact_with_blast_furnace":27,"minecraft:total_world_time":881250,"minecraft:pot_flower":1,"minecraft:interact_with_grindstone":1,"minecraft:time_since_rest":26426,"minecraft:damage_taken":22282,"minecraft:swim_one_cm":1074,"minecraft:fly_one_cm":3470575,"minecraft:open_chest":338,"minecraft:fall_one_cm":469304},"minecraft:killed":{"minecraft:cave_spider":2,"minecraft:witch":2,"betternether:skull":2,"minecraft:spider":30,"betternether:firefly":1,"minecraft:skeleton":51,"minecraft:chicken":3,"minecraft:piglin":1,"minecraft:pig":10,"minecraft:zombie_villager":5,"minecraft:creeper":11,"minecraft:sheep":41,"minecraft:trader_llama":2,"minecraft:zombie":80,"minecraft:blaze":10,"minecraft:cow":30,"minecraft:llama":1,"betternether:naga":5,"minecraft:wandering_trader":1,"minecraft:wither_skeleton":18,"minecraft:player":1,"minecraft:villager":13,"minecraft:enderman":3},"minecraft:broken":{"minecraft:iron_shovel":1,"minecraft:wooden_shovel":1,"betternether:cincinnasite_helmet":1,"minecraft:stone_shovel":2,"betternether:cincinnasite_boots":1,"minecraft:iron_axe":15,"minecraft:iron_helmet":1},"minecraft:crafted":{"minecraft:jungle_button":128,"minecraft:oak_planks":60,"betternether:chest_of_drawers":1,"minecraft:bookshelf":10,"minecraft:cooked_mutton":13,"minecraft:bow":5,"minecraft:diamond_leggings":1,"minecraft:iron_boots":2,"betternether:cincinnasite_ingot":16,"minecraft:chest":10,"minecraft:acacia_fence":48,"minecraft:wooden_shovel":2,"sophisticatedbackpacks:backpack":1,"minecraft:arrow":256,"minecraft:emerald":1232,"minecraft:cooked_porkchop":6,"minecraft:crafting_table":11,"minecraft:acacia_slab":138,"minecraft:wooden_pickaxe":1,"minecraft:iron_helmet":1,"minecraft:fletching_table":19,"minecraft:gold_block":8,"sophisticatedbackpacks:upgrade_base":1,"betternether:cincinnasite_boots":1,"minecraft:iron_chestplate":2,"minecraft:wooden_hoe":1,"minecraft:diamond_pickaxe":1,"minecraft:charcoal":35,"minecraft:emerald_block":92,"minecraft:shield":1,"minecraft:stick":32095,"minecraft:iron_ingot":358,"minecraft:iron_pickaxe":2,"minecraft:iron_block":75,"minecraft:stone_sword":1,"minecraft:gold_ingot":189,"minecraft:golden_carrot":78,"minecraft:wooden_sword":1,"betternether:cincinnasite_helmet":1,"minecraft:stone_shovel":3,"minecraft:iron_nugget":18,"sophisticatedbackpacks:stack_upgrade_tier_1":1,"minecraft:furnace":3,"minecraft:acacia_fence_gate":3,"minecraft:bone_meal":117,"minecraft:lantern":2,"minecraft:iron_axe":23,"minecraft:stone_pickaxe":1,"sophisticatedbackpacks:stack_upgrade_tier_2":1,"minecraft:wheat":297,"sophisticatedbackpacks:iron_backpack":1,"minecraft:cooked_beef":33,"minecraft:diamond_sword":1,"minecraft:iron_sword":1,"minecraft:cooked_salmon":5,"sophisticatedbackpacks:gold_backpack":1,"minecraft:bucket":1,"minecraft:glowstone":4,"minecraft:enchanted_book":12,"minecraft:bread":100,"minecraft:air":0,"minecraft:jungle_planks":16180,"minecraft:gold_nugget":889,"minecraft:flint":30,"minecraft:wooden_axe":1,"minecraft:iron_shovel":5,"minecraft:iron_leggings":2,"minecraft:anvil":2,"minecraft:white_bed":6,"minecraft:acacia_planks":1544,"minecraft:torch":578,"minecraft:diamond_chestplate":1},"minecraft:dropped":{"minecraft:spruce_sign":2,"minecraft:glow_ink_sac":4,"betternether:rubeus_bark":1,"minecraft:warped_roots":6,"minecraft:leather":1,"sophisticatedbackpacks:gold_backpack":1,"minecraft:red_mushroom":3,"betternether:nether_ruby":1,"minecraft:item_frame":1,"minecraft:dirt":11,"minecraft:grass":2,"minecraft:jungle_button":129,"minecraft:polished_blackstone_brick_stairs":2,"minecraft:jungle_sapling":44,"minecraft:wooden_sword":1,"minecraft:gold_nugget":2,"minecraft:bone_meal":12,"minecraft:white_wool":1,"betternether:wall_moss":1,"minecraft:bone":1,"minecraft:blackstone":2,"minecraft:gravel":2,"betternether:jungle_moss":2,"minecraft:sugar_cane":6,"minecraft:cobbled_deepslate":18,"betternether:nether_brick_wall":3,"betternether:stalagnate_planks":2,"minecraft:netherite_sword":5,"minecraft:wheat":3,"minecraft:obsidian":1,"minecraft:pointed_dripstone":2,"minecraft:rotten_flesh":87,"minecraft:oak_planks":1,"minecraft:white_bed":1,"minecraft:carrot":2,"minecraft:poppy":3,"minecraft:gunpowder":4,"minecraft:acacia_sapling":28,"minecraft:chest":2,"minecraft:scaffolding":4,"minecraft:quartz":2,"minecraft:acacia_fence":3,"minecraft:netherrack":6,"minecraft:egg":3,"minecraft:iron_ingot":2,"minecraft:bread":1,"minecraft:wheat_seeds":119,"betternether:nether_mushroom_plate":1,"minecraft:book":24,"minecraft:cobbled_deepslate_wall":1,"minecraft:cobblestone":39,"minecraft:iron_helmet":1,"minecraft:feather":1,"minecraft:granite":1,"minecraft:copper_ingot":12,"betternether:bone_mushroom":3,"minecraft:spruce_stairs":4,"minecraft:coal":8,"betternether:bone_block":11,"minecraft:stick":32,"minecraft:oxeye_daisy":2,"minecraft:gray_wool":1,"minecraft:diorite":7,"minecraft:golden_carrot":2,"minecraft:wooden_axe":2,"minecraft:brown_wool":1,"minecraft:iron_leggings":2,"minecraft:iron_axe":7,"minecraft:orange_bed":2,"minecraft:chainmail_leggings":1,"minecraft:string":13,"minecraft:dandelion":1,"minecraft:polished_diorite":2,"minecraft:warped_nylium":1,"minecraft:stone_sword":2,"minecraft:cocoa_beans":1,"betternether:cincinnasite_bars":1,"minecraft:raw_iron":23,"minecraft:chicken":3,"minecraft:light_gray_wool":3,"minecraft:iron_boots":2,"artifacts:flame_pendant":1,"minecraft:diamond_sword":2,"minecraft:shield":2,"minecraft:spruce_trapdoor":1,"minecraft:diamond_pickaxe":1,"minecraft:iron_chestplate":2,"minecraft:andesite":5,"minecraft:oak_sapling":8,"minecraft:wooden_shovel":1,"minecraft:stone_pressure_plate":1,"minecraft:spider_eye":6,"minecraft:bamboo":1,"minecraft:brown_carpet":4,"minecraft:bow":4,"minecraft:stone_pickaxe":2,"minecraft:wooden_pickaxe":1},"minecraft:killed_by":{"minecraft:wither_skeleton":12,"minecraft:creeper":2,"minecraft:zombie":3,"minecraft:player":1,"minecraft:iron_golem":1},"minecraft:mined":{"betternether:netherrack_furnace":3,"minecraft:spruce_planks":10,"minecraft:white_bed":3,"betternether:bone_block":13,"betternether:lucis_mushroom":1,"minecraft:light_blue_carpet":1,"minecraft:obsidian":3,"minecraft:spruce_trapdoor":5,"minecraft:granite":1,"minecraft:acacia_log":735,"minecraft:grass_block":837,"betternether:stalagnate_planks":2,"minecraft:jungle_log":4274,"betternether:nether_brick_wall":10,"betternether:nether_mycelium":1,"minecraft:polished_diorite":5,"betternether:jungle_moss":1,"minecraft:oxeye_daisy":2,"minecraft:nether_wart":2,"betternether:cincinnasite_ore":8,"betternether:nether_grass":2,"minecraft:sculk_catalyst":1,"minecraft:glowstone":12,"minecraft:iron_ore":374,"minecraft:cobbled_deepslate":6,"minecraft:fire":11,"minecraft:anvil":1,"minecraft:deepslate_lapis_ore":8,"minecraft:fletching_table":14,"minecraft:pointed_dripstone":1,"minecraft:dirt_path":16,"minecraft:cave_vines":8,"betternether:nether_reed_ladder":5,"minecraft:quartz_slab":3,"betternether:cincinnasite_fire_bowl":1,"minecraft:player_head":3,"minecraft:orange_bed":12,"betternether:anchor_tree_log":8,"betternether:bone_mushroom":1,"minecraft:brown_mushroom":1,"minecraft:deepslate_redstone_ore":45,"minecraft:twisting_vines_plant":7,"betternether:golden_vine":1,"minecraft:crimson_nylium":2,"minecraft:player_wall_head":1,"minecraft:smoker":1,"minecraft:torch":15,"minecraft:blast_furnace":1,"minecraft:melon":1,"minecraft:calcite":2,"minecraft:poppy":3,"minecraft:chest":5,"betternether:cincinnasite_forged":12,"minecraft:spruce_wall_sign":1,"minecraft:glass":11,"minecraft:nether_quartz_ore":3,"minecraft:cobblestone":9,"minecraft:oak_planks":1,"minecraft:sugar_cane":45,"betternether:nether_ruby_ore":7,"minecraft:wall_torch":16,"minecraft:amethyst_block":1,"minecraft:skeleton_skull":1,"minecraft:warped_nylium":2,"minecraft:acacia_sapling":4,"minecraft:powered_rail":4,"minecraft:wheat":14,"minecraft:lilac":1,"betternether:giant_lucis":4,"betternether:egg_plant":1,"minecraft:warped_fungus":2,"minecraft:tnt":2,"minecraft:grass":961,"minecraft:oak_log":79,"minecraft:acacia_fence":18,"minecraft:dirt":209,"minecraft:smooth_basalt":2,"minecraft:emerald_block":1,"minecraft:netherrack":166,"minecraft:piston":1,"minecraft:oak_leaves":8,"minecraft:deepslate":99,"betternether:cincinnasite_forge":1,"minecraft:yellow_terracotta":4,"minecraft:nether_gold_ore":43,"minecraft:tuff":4,"minecraft:quartz_stairs":2,"minecraft:deepslate_diamond_ore":23,"betternether:bone_grass":1,"minecraft:jungle_planks":19,"minecraft:redstone_wire":5,"minecraft:polished_andesite_slab":4,"betternether:cincinnasite_bars":2,"minecraft:acacia_slab":51,"minecraft:hay_block":35,"minecraft:redstone_ore":8,"minecraft:furnace":4,"minecraft:carrots":61,"minecraft:jungle_sapling":14,"minecraft:acacia_stairs":1,"minecraft:andesite":19,"betternether:pig_statue_respawner":1,"betternether:wall_moss":1,"minecraft:bookshelf":31,"minecraft:deepslate_iron_ore":79,"minecraft:vine":96,"minecraft:rail":174,"minecraft:lantern":4,"minecraft:stripped_jungle_log":2,"minecraft:bone_block":1,"betternether:nether_lapis_ore":13,"minecraft:bamboo":4,"minecraft:stone":244,"sophisticatedbackpacks:backpack":2,"betternether:nether_reed_planks":9,"minecraft:white_wool":1,"betternether:nether_brick_tile_stairs":1,"gravestones:gravestone":1,"betternether:netherrack_moss":4,"minecraft:scaffolding":8,"minecraft:acacia_leaves":2,"minecraft:glass_pane":2,"minecraft:comparator":1,"minecraft:brown_carpet":1,"minecraft:dandelion":1,"minecraft:oak_fence":2,"minecraft:crafting_table":4,"minecraft:cornflower":1,"minecraft:cobbled_deepslate_wall":1,"minecraft:emerald_ore":4,"betternether:mushroom_grass":1,"minecraft:warped_roots":4,"minecraft:lime_carpet":1,"minecraft:sculk_sensor":13,"minecraft:potted_oxeye_daisy":1,"minecraft:tall_grass":98,"minecraft:lapis_ore":8,"minecraft:deepslate_gold_ore":130,"betternether:anchor_tree_bark":4,"minecraft:sculk":12,"minecraft:diorite":4,"minecraft:orange_carpet":3,"minecraft:spruce_stairs":13,"minecraft:red_terracotta":2,"minecraft:acacia_fence_gate":13,"minecraft:redstone_torch":3,"minecraft:white_carpet":1,"betternether:cincinnasite_lantern_small":1,"betternether:bone_tile":1,"betternether:wall_mushroom_red":4,"minecraft:coal_ore":249,"minecraft:acacia_door":3,"minecraft:zombie_head":1,"minecraft:flower_pot":3,"minecraft:gravel":53,"minecraft:cobweb":11,"minecraft:acacia_planks":28,"minecraft:chipped_anvil":2,"betternether:cincinnasite_pillar":2,"minecraft:fern":7}},"DataVersion":3465}