{"stats":{"minecraft:broken":{"minecraft:wooden_axe":2},"minecraft:killed":{"minecraft:iron_golem":1,"minecraft:zombie":1,"minecraft:cow":10},"minecraft:mined":{"minecraft:tuff":2,"minecraft:acacia_leaves":1,"minecraft:deepslate_diamond_ore":2,"minecraft:crafting_table":2,"minecraft:torch":1,"minecraft:acacia_log":12,"minecraft:grass_block":1,"minecraft:jungle_log":48,"minecraft:tall_grass":3,"minecraft:copper_ore":1,"minecraft:sugar_cane":1,"minecraft:wall_torch":1,"minecraft:birch_log":3,"minecraft:grass":11,"minecraft:oak_log":70,"minecraft:coal_ore":15,"minecraft:vine":8,"minecraft:gravel":3,"minecraft:dirt":4,"minecraft:acacia_planks":3,"minecraft:stone":23,"minecraft:white_wool":11,"minecraft:fern":2},"minecraft:picked_up":{"minecraft:birch_log":1,"minecraft:cocoa_beans":7,"minecraft:crafting_table":2,"minecraft:jungle_log":47,"minecraft:leather":8,"minecraft:wooden_pickaxe":1,"minecraft:tuff":1,"minecraft:oak_log":65,"minecraft:dirt":5,"minecraft:lantern":1,"minecraft:raw_copper":2,"minecraft:acacia_planks":3,"minecraft:apple":2,"minecraft:wheat_seeds":4,"minecraft:beef":19,"minecraft:iron_ingot":5,"minecraft:jungle_sapling":4,"minecraft:iron_pickaxe":1,"minecraft:poppy":2,"minecraft:sugar_cane":1,"minecraft:acacia_sapling":4,"minecraft:stick":28,"minecraft:torch":2,"minecraft:acacia_log":12,"minecraft:gravel":3,"minecraft:brown_carpet":4,"minecraft:rotten_flesh":5,"minecraft:diamond":2,"minecraft:grass":2,"minecraft:spruce_sign":1,"minecraft:bread":7,"minecraft:oak_sapling":23,"minecraft:white_wool":29,"minecraft:coal":15,"minecraft:cobblestone":20},"minecraft:used":{"minecraft:acacia_log":4,"minecraft:stone_pickaxe":16,"minecraft:poppy":2,"minecraft:wooden_pickaxe":30,"minecraft:sugar_cane":1,"minecraft:grass":2,"minecraft:rotten_flesh":2,"minecraft:white_wool":3,"minecraft:torch":13,"minecraft:crafting_table":5,"minecraft:jungle_planks":11,"minecraft:white_bed":1,"minecraft:tuff":1,"minecraft:shears":11,"minecraft:wooden_axe":136,"minecraft:apple":2,"minecraft:bread":15,"minecraft:iron_pickaxe":5,"minecraft:stone_axe":66,"minecraft:cobblestone":13,"minecraft:beef":4,"minecraft:acacia_planks":4},"minecraft:dropped":{"minecraft:spruce_sign":1,"minecraft:bread":7,"minecraft:wheat_seeds":2,"minecraft:rotten_flesh":14,"minecraft:leather":1,"minecraft:acacia_sapling":4,"minecraft:brown_carpet":4,"minecraft:wooden_pickaxe":2,"minecraft:iron_pickaxe":1},"minecraft:custom":{"minecraft:mob_kills":13,"minecraft:interact_with_crafting_table":6,"minecraft:eat_cake_slice":2,"minecraft:sleep_in_bed":1,"minecraft:leave_game":2,"minecraft:time_since_death":135871,"minecraft:climb_one_cm":1993,"minecraft:time_since_rest":7316,"minecraft:sprint_one_cm":197637,"minecraft:damage_taken":630,"minecraft:walk_one_cm":69388,"minecraft:drop":16,"minecraft:damage_dealt":2451,"minecraft:fly_one_cm":208830,"minecraft:open_chest":29,"minecraft:crouch_one_cm":7806,"minecraft:play_time":135871,"minecraft:sneak_time":2460,"minecraft:jump":992,"minecraft:interact_with_brewingstand":2,"minecraft:total_world_time":135871,"minecraft:fall_one_cm":27592,"minecraft:inspect_dispenser":1},"minecraft:crafted":{"minecraft:crafting_table":3,"minecraft:wooden_pickaxe":1,"minecraft:stone_axe":1,"minecraft:jungle_planks":188,"minecraft:stick":8,"minecraft:iron_pickaxe":1,"minecraft:stone_pickaxe":1,"minecraft:wooden_axe":5,"minecraft:white_bed":1,"minecraft:acacia_planks":32,"minecraft:torch":44}},"DataVersion":3465}