{"stats":{"minecraft:broken":{"minecraft:stone_axe":1,"minecraft:wooden_axe":2},"minecraft:killed":{"minecraft:spider":1,"minecraft:skeleton":2,"minecraft:iron_golem":1,"minecraft:sheep":1,"minecraft:zombie":6,"minecraft:cow":10},"minecraft:mined":{"minecraft:tuff":3,"minecraft:deepslate_diamond_ore":6,"betternether:bone_grass":1,"minecraft:glow_lichen":1,"minecraft:acacia_log":12,"minecraft:grass_block":2,"minecraft:jungle_planks":2,"minecraft:jungle_log":48,"betternether:nether_mycelium":6,"betternether:cincinnasite_ore":1,"minecraft:hay_block":19,"betternether:wall_mushroom_brown":3,"minecraft:deepslate_lapis_ore":3,"minecraft:vine":8,"minecraft:deepslate_iron_ore":1,"betternether:wart_seed":1,"betternether:nether_lapis_ore":3,"minecraft:stone":33,"minecraft:white_wool":11,"minecraft:deepslate_redstone_ore":2,"betternether:netherrack_moss":1,"gravestones:gravestone":9,"minecraft:acacia_leaves":1,"minecraft:crimson_nylium":1,"minecraft:soul_fire":1,"minecraft:blue_stained_glass":2,"minecraft:crafting_table":3,"minecraft:torch":1,"minecraft:nether_quartz_ore":1,"minecraft:tall_grass":4,"minecraft:copper_ore":1,"minecraft:cobblestone":3,"minecraft:deepslate_gold_ore":10,"minecraft:sugar_cane":1,"minecraft:sculk":4,"minecraft:wall_torch":1,"minecraft:birch_log":3,"minecraft:wheat":64,"minecraft:grass":12,"minecraft:coal_ore":15,"minecraft:oak_log":70,"minecraft:dirt":4,"minecraft:gravel":11,"minecraft:sand":1,"minecraft:acacia_planks":3,"minecraft:netherrack":12,"minecraft:fern":2,"minecraft:oak_leaves":1,"minecraft:deepslate":85},"minecraft:picked_up":{"minecraft:crafting_table":3,"minecraft:cocoa_beans":7,"minecraft:iron_chestplate":1,"minecraft:wheat":61,"minecraft:wooden_pickaxe":1,"minecraft:string":7,"minecraft:raw_copper":2,"minecraft:iron_leggings":1,"minecraft:cobbled_deepslate":80,"minecraft:beef":19,"minecraft:jungle_sapling":4,"minecraft:poppy":2,"minecraft:iron_pickaxe":1,"minecraft:sugar_cane":1,"minecraft:iron_boots":1,"minecraft:stick":28,"minecraft:raw_iron":1,"artifacts:charm_of_sinking":1,"betternether:wall_mushroom_red":1,"minecraft:torch":2,"minecraft:acacia_log":12,"minecraft:redstone":9,"betternether:cincinnasite":2,"betternether:lapis_pile":16,"minecraft:brown_carpet":4,"minecraft:arrow":1,"minecraft:rotten_flesh":10,"minecraft:hay_block":19,"gravestones:gravestone":10,"minecraft:mutton":2,"minecraft:obsidian":1,"minecraft:cobblestone":31,"minecraft:white_wool":33,"minecraft:birch_log":1,"minecraft:jungle_log":47,"minecraft:leather":8,"betternether:wall_mushroom_brown":3,"minecraft:red_mushroom":3,"minecraft:flint":1,"minecraft:tuff":2,"minecraft:oak_log":65,"betternether:wart_seed":1,"minecraft:lapis_lazuli":16,"minecraft:dirt":6,"minecraft:lantern":1,"minecraft:bone":1,"minecraft:acacia_planks":3,"minecraft:apple":2,"minecraft:bow":1,"minecraft:wheat_seeds":189,"minecraft:raw_gold":10,"minecraft:iron_ingot":6,"minecraft:acacia_sapling":4,"minecraft:quartz":1,"betternether:wall_moss":1,"minecraft:gravel":9,"minecraft:jungle_planks":2,"minecraft:sand":1,"betternether:nether_mushroom_stem":6,"minecraft:diamond":6,"minecraft:iron_helmet":1,"minecraft:grass":2,"minecraft:spruce_sign":1,"minecraft:bread":7,"minecraft:netherrack":16,"minecraft:oak_sapling":23,"minecraft:coal":15},"minecraft:used":{"minecraft:acacia_log":4,"minecraft:flint_and_steel":1,"minecraft:poppy":2,"minecraft:grass":2,"minecraft:rotten_flesh":2,"minecraft:torch":14,"minecraft:mutton":2,"minecraft:jungle_planks":104,"minecraft:tuff":1,"minecraft:obsidian":1,"minecraft:wooden_axe":137,"minecraft:lava_bucket":4,"gravestones:gravestone":10,"minecraft:iron_helmet":1,"minecraft:iron_boots":1,"minecraft:diamond_chestplate":1,"minecraft:beef":13,"minecraft:acacia_planks":4,"minecraft:cobbled_deepslate":3,"minecraft:water_bucket":12,"minecraft:stone_pickaxe":16,"minecraft:oak_planks":5,"minecraft:wooden_pickaxe":30,"minecraft:sugar_cane":1,"minecraft:white_wool":3,"minecraft:crafting_table":7,"minecraft:white_bed":1,"minecraft:shears":11,"minecraft:apple":2,"minecraft:bread":42,"minecraft:iron_pickaxe":175,"minecraft:gravel":5,"minecraft:stone_axe":85,"minecraft:diamond_sword":5,"minecraft:cobblestone":14,"minecraft:bucket":15,"minecraft:diamond_leggings":1},"minecraft:dropped":{"minecraft:spruce_sign":1,"minecraft:bread":7,"minecraft:wheat_seeds":22,"minecraft:oak_log":1,"minecraft:leather":1,"minecraft:iron_pickaxe":1,"minecraft:wheat":2,"minecraft:rotten_flesh":19,"minecraft:acacia_sapling":4,"minecraft:brown_carpet":4,"minecraft:wooden_pickaxe":2},"minecraft:custom":{"minecraft:mob_kills":23,"minecraft:interact_with_crafting_table":15,"minecraft:eat_cake_slice":2,"minecraft:leave_game":3,"minecraft:time_since_death":41756,"minecraft:climb_one_cm":2065,"minecraft:sprint_one_cm":323726,"minecraft:walk_one_cm":131032,"minecraft:drop":44,"minecraft:play_time":207670,"minecraft:deaths":1,"minecraft:sneak_time":4726,"minecraft:walk_under_water_one_cm":6140,"minecraft:interact_with_brewingstand":2,"minecraft:jump":1744,"minecraft:walk_on_water_one_cm":2295,"minecraft:total_world_time":207670,"minecraft:sleep_in_bed":2,"minecraft:time_since_rest":41809,"minecraft:damage_taken":2642,"minecraft:damage_dealt":4064,"minecraft:swim_one_cm":4471,"minecraft:fly_one_cm":391967,"minecraft:open_chest":37,"minecraft:crouch_one_cm":15408,"minecraft:fall_one_cm":60634,"minecraft:inspect_dispenser":1},"minecraft:crafted":{"minecraft:flint_and_steel":1,"minecraft:diamond_leggings":1,"minecraft:stone_pickaxe":1,"minecraft:chest":1,"minecraft:wheat":171,"minecraft:diamond_sword":1,"sophisticatedbackpacks:backpack":1,"minecraft:crafting_table":5,"minecraft:wooden_pickaxe":1,"minecraft:stone_axe":1,"minecraft:bread":75,"minecraft:jungle_planks":188,"minecraft:stick":16,"minecraft:iron_pickaxe":1,"minecraft:wooden_axe":5,"minecraft:white_bed":1,"minecraft:acacia_planks":32,"minecraft:torch":44,"minecraft:diamond_chestplate":1}},"DataVersion":3465}