{"stats":{"minecraft:broken":{"minecraft:iron_boots":1,"minecraft:stone_axe":1,"minecraft:wooden_axe":2,"minecraft:shield":1,"minecraft:iron_axe":3,"minecraft:iron_helmet":1},"minecraft:dropped":{"minecraft:spruce_sign":1,"minecraft:lapis_lazuli":4,"minecraft:oak_log":1,"betternether:black_apple_seed":16,"minecraft:crafting_table":1,"minecraft:leather":2,"minecraft:fletching_table":4,"minecraft:saddle":1,"minecraft:brown_banner":15,"minecraft:rail":43,"minecraft:flint":1,"betternether:nether_ruby":1,"minecraft:red_mushroom":3,"minecraft:red_carpet":6,"minecraft:item_frame":10,"minecraft:emerald":2,"minecraft:cobblestone_stairs":26,"minecraft:dirt":14,"minecraft:cornflower":1,"minecraft:mutton":3,"minecraft:crimson_roots":2,"minecraft:jungle_sapling":8,"minecraft:bone_meal":36,"minecraft:sugar":1,"minecraft:iron_pickaxe":2,"minecraft:white_wool":2,"minecraft:gold_ingot":1,"minecraft:bone":2,"minecraft:gravel":3,"betternether:anchor_tree_log":1,"minecraft:wheat":12,"minecraft:rotten_flesh":28,"minecraft:oak_planks":102,"betternether:jellyfish_mushroom_sapling":14,"minecraft:glowstone_dust":2,"betternether:mushroom_fir_stem":3,"minecraft:carrot":64,"minecraft:gunpowder":21,"betternether:glowstone_pile":2,"minecraft:acacia_sapling":92,"minecraft:arrow":11,"minecraft:beef":1,"betternether:mushroom_fir_sapling":10,"minecraft:quartz":6,"minecraft:netherrack":101,"minecraft:bread":8,"minecraft:wheat_seeds":144,"betternether:cincinnasite_pedestal":1,"minecraft:minecart":1,"minecraft:yellow_terracotta":11,"minecraft:feather":2,"minecraft:cobblestone":212,"minecraft:granite":9,"betternether:sepia_bone_grass":1,"minecraft:acacia_trapdoor":8,"minecraft:coal":1,"minecraft:stick":11,"minecraft:diorite":13,"minecraft:torch":8,"minecraft:wooden_hoe":1,"minecraft:wooden_axe":2,"minecraft:map":3,"minecraft:lime_carpet":24,"sophisticatedbackpacks:advanced_tool_swapper_upgrade":1,"minecraft:iron_axe":1,"betternether:wart_seed":3,"minecraft:iron_shovel":1,"minecraft:string":17,"minecraft:acacia_planks":49,"minecraft:redstone":28,"betternether:soul_grass":1,"minecraft:stone_sword":2,"minecraft:diamond_hoe":2,"minecraft:tuff":47,"minecraft:chicken":1,"minecraft:name_tag":1,"betternether:cincinnasite":2,"minecraft:nether_bricks":2,"minecraft:glass_pane":14,"minecraft:red_terracotta":9,"minecraft:flint_and_steel":1,"minecraft:hay_block":32,"betternether:nether_reed_planks":1,"minecraft:shield":1,"minecraft:flower_pot":6,"minecraft:orange_terracotta":15,"minecraft:andesite":6,"minecraft:spider_eye":3,"minecraft:brown_carpet":4,"minecraft:bow":1,"minecraft:wooden_pickaxe":2,"betternether:flaming_ruby_pickaxe":2,"minecraft:magma_block":4},"minecraft:killed_by":{"minecraft:wither_skeleton":2,"minecraft:creeper":1,"minecraft:magma_cube":1,"minecraft:zombie":1,"minecraft:player":2},"minecraft:mined":{"betternether:cincinnasite_pedestal":8,"betternether:bone_block":1,"betternether:nether_reed_stem":1,"minecraft:cobblestone_stairs":26,"minecraft:red_nether_bricks":1,"minecraft:brewing_stand":1,"minecraft:obsidian":1,"minecraft:granite":9,"betternether:lumabus_vine":3,"minecraft:acacia_log":554,"minecraft:grass_block":10,"minecraft:jungle_log":199,"betternether:nether_brick_wall":2,"betternether:sepia_mushroom_grass":1,"betternether:nether_mycelium":12,"betternether:cincinnasite_ore":34,"minecraft:oak_wall_sign":1,"minecraft:nether_wart":1,"minecraft:spawner":2,"minecraft:magma_block":21,"minecraft:iron_ore":171,"minecraft:cobbled_deepslate":20,"minecraft:fire":2,"minecraft:anvil":2,"minecraft:deepslate_lapis_ore":3,"minecraft:fletching_table":1,"minecraft:enchanting_table":1,"betternether:jellyfish_mushroom":4,"minecraft:dirt_path":11,"betternether:wart_seed":2,"betternether:cincinnasite_fire_bowl":3,"betternether:anchor_tree_log":2,"minecraft:deepslate_redstone_ore":4,"betternether:netherrack_stalactite":1,"minecraft:blackstone":3,"betternether:sepia_bone_grass":1,"minecraft:soul_fire":1,"minecraft:crimson_nylium":3,"minecraft:orange_terracotta":37,"minecraft:blue_stained_glass":179,"betternether:cincinnasite_pot":14,"minecraft:torch":2,"minecraft:poppy":2,"betternether:blue_obsidian_glass":7,"minecraft:chest":1,"betternether:cincinnasite_forged":15,"minecraft:spruce_wall_sign":4,"minecraft:glass":1,"minecraft:nether_quartz_ore":53,"minecraft:cobblestone":10,"minecraft:oak_planks":5,"minecraft:sugar_cane":37,"betternether:nether_ruby_ore":15,"minecraft:wall_torch":9,"minecraft:skeleton_skull":1,"betternether:mushroom_fir_trunk":1,"minecraft:birch_log":3,"minecraft:wheat":86,"betternether:soul_grass":2,"betternether:neon_equisetum":1,"betternether:nether_mushroom_trapdoor":12,"minecraft:grass":119,"minecraft:oak_log":70,"minecraft:acacia_fence":6,"minecraft:dirt":20,"minecraft:sand":1,"minecraft:netherrack":1576,"minecraft:ancient_debris":1,"minecraft:oak_leaves":29,"minecraft:deepslate":423,"minecraft:yellow_terracotta":27,"minecraft:nether_gold_ore":21,"minecraft:crying_obsidian":1,"minecraft:tuff":50,"minecraft:red_carpet":6,"minecraft:deepslate_diamond_ore":13,"betternether:bone_grass":2,"minecraft:sea_lantern":8,"minecraft:glow_lichen":1,"minecraft:nether_bricks":4,"minecraft:stone_button":2,"minecraft:jungle_planks":2,"minecraft:crimson_roots":2,"betternether:cincinnasite_bars":1,"minecraft:acacia_slab":74,"minecraft:potted_bamboo":6,"minecraft:cracked_nether_bricks":1,"minecraft:hay_block":194,"minecraft:furnace":1,"minecraft:carrots":7,"betternether:cincinnasite_wall":36,"minecraft:acacia_stairs":7,"betternether:bone_stalactite":2,"minecraft:andesite":6,"betternether:wall_mushroom_brown":3,"betternether:pig_statue_respawner":5,"minecraft:bookshelf":30,"minecraft:deepslate_iron_ore":2,"minecraft:vine":14,"minecraft:rail":47,"minecraft:lantern":2,"betternether:nether_lapis_ore":6,"minecraft:bamboo_sapling":2,"minecraft:bamboo":33,"minecraft:stone":726,"betternether:nether_reed_planks":1,"minecraft:white_wool":11,"gravestones:gravestone":11,"betternether:netherrack_moss":9,"minecraft:acacia_leaves":21,"minecraft:glass_pane":12,"betternether:cincinnasite_lantern":14,"minecraft:dandelion":1,"minecraft:crafting_table":8,"betternether:bone_wall":9,"minecraft:emerald_ore":5,"minecraft:honey_block":15,"betternether:gray_mold":3,"minecraft:lime_carpet":4,"minecraft:lectern":9,"minecraft:copper_ore":47,"minecraft:tall_grass":24,"minecraft:deepslate_coal_ore":1,"minecraft:deepslate_gold_ore":14,"minecraft:sculk":5,"betternether:anchor_tree_bark":1,"minecraft:diorite":13,"minecraft:red_terracotta":14,"betternether:blue_obsidian":4,"minecraft:white_carpet":3,"betternether:cincinnasite_lantern_small":16,"minecraft:red_wall_banner":1,"betternether:bone_tile":3,"betternether:wall_mushroom_red":2,"minecraft:coal_ore":107,"minecraft:gravel":110,"minecraft:cobweb":15,"minecraft:acacia_planks":13,"minecraft:polished_blackstone":3,"minecraft:fern":2},"minecraft:picked_up":{"minecraft:wooden_axe":1,"minecraft:iron_chestplate":1,"minecraft:wheat":106,"minecraft:anvil":2,"minecraft:flower_pot":6,"betternether:pig_statue_respawner":5,"artifacts:umbrella":1,"betternether:lumabus_seed":4,"minecraft:enchanted_book":1,"minecraft:brewing_stand":1,"betternether:agave":13,"minecraft:string":34,"betternether:blue_obsidian":4,"minecraft:raw_copper":2,"betternether:cincinnasite_wall":36,"minecraft:red_nether_bricks":1,"minecraft:iron_leggings":1,"minecraft:experience_bottle":2,"minecraft:oak_sign":2,"minecraft:cobbled_deepslate":296,"minecraft:iron_pickaxe":1,"minecraft:furnace":1,"minecraft:iron_boots":1,"minecraft:stick":110,"betternether:black_apple_seed":8,"minecraft:acacia_fence":3,"minecraft:torch":27,"minecraft:acacia_log":540,"betternether:bone_wall":9,"minecraft:diorite":13,"betternether:cincinnasite":2,"minecraft:brown_carpet":4,"betternether:lapis_pile":16,"minecraft:stone_sword":2,"minecraft:lime_carpet":38,"minecraft:rotten_flesh":19,"betternether:cincinnasite_lantern_small":20,"betternether:nether_ruby_ore":11,"sophisticatedbackpacks:advanced_tool_swapper_upgrade":1,"betternether:mushroom_fir_sapling":10,"minecraft:blaze_rod":4,"minecraft:obsidian":1,"betternether:cincinnasite_bars":1,"minecraft:cobblestone":309,"minecraft:enchanting_table":1,"minecraft:birch_log":1,"minecraft:magma_block":4,"minecraft:feather":2,"betternether:glowstone_pile":3,"betternether:sepia_bone_grass":1,"minecraft:andesite":6,"minecraft:jungle_log":187,"minecraft:flint":15,"minecraft:tuff":49,"betternether:wart_seed":3,"minecraft:wither_skeleton_skull":1,"minecraft:map":3,"minecraft:lapis_lazuli":17,"minecraft:dirt":59,"minecraft:lantern":3,"minecraft:name_tag":1,"minecraft:bone":35,"minecraft:acacia_planks":27,"minecraft:bow":3,"minecraft:wheat_seeds":313,"minecraft:raw_gold":10,"minecraft:glowstone_dust":5,"minecraft:fletching_table":1,"minecraft:bamboo":367,"minecraft:oak_planks":99,"betternether:wall_moss":1,"minecraft:sand":1,"minecraft:jungle_planks":2,"minecraft:grass_block":1,"minecraft:acacia_stairs":7,"minecraft:red_terracotta":11,"minecraft:sugar":1,"minecraft:diamond":22,"betternether:cincinnasite_lantern":14,"minecraft:granite":9,"minecraft:grass":2,"minecraft:spruce_sign":12,"minecraft:emerald":12,"minecraft:bread":62,"minecraft:oak_sapling":23,"minecraft:netherrack":463,"minecraft:crimson_roots":2,"minecraft:cocoa_beans":7,"minecraft:crafting_table":10,"minecraft:chicken":1,"minecraft:wooden_pickaxe":1,"betternether:bone_reed_door":1,"minecraft:cornflower":1,"minecraft:iron_axe":1,"minecraft:netherite_scrap":1,"minecraft:item_frame":12,"minecraft:white_carpet":4,"minecraft:iron_shovel":1,"minecraft:glass_pane":14,"minecraft:beef":20,"minecraft:jungle_sapling":12,"minecraft:poppy":5,"minecraft:minecart":7,"minecraft:lectern":9,"minecraft:sugar_cane":70,"minecraft:chest":1,"minecraft:diamond_hoe":1,"minecraft:egg":10,"betternether:willow_door":1,"minecraft:raw_iron":24,"betternether:nether_brick_wall":2,"minecraft:stone":416,"artifacts:charm_of_sinking":1,"betternether:wall_mushroom_red":1,"minecraft:copper_ingot":402,"sophisticatedbackpacks:backpack":1,"minecraft:stone_button":2,"betternether:nether_reed_planks":1,"betternether:mushroom_fir_stem":3,"betternether:nether_ruby":1,"minecraft:carrot":29,"minecraft:redstone":9,"minecraft:prismarine_crystals":20,"betternether:anchor_tree_log":2,"minecraft:arrow":12,"minecraft:nether_bricks":4,"minecraft:hay_block":195,"minecraft:yellow_terracotta":22,"minecraft:gold_ingot":35,"gravestones:gravestone":11,"betternether:cincinnasite_fire_bowl":3,"minecraft:mutton":5,"minecraft:rail":108,"minecraft:skeleton_skull":1,"minecraft:white_wool":35,"betternether:flaming_ruby_pickaxe":1,"minecraft:leather":10,"betternether:wall_mushroom_brown":3,"minecraft:red_mushroom":3,"betternether:cincinnasite_pot":14,"minecraft:oak_log":65,"minecraft:gunpowder":12,"minecraft:cobblestone_stairs":26,"betternether:cincinnasite_pedestal":7,"minecraft:orange_terracotta":35,"betternether:nether_mushroom_trapdoor":12,"minecraft:red_carpet":6,"minecraft:apple":2,"betternether:jellyfish_mushroom_sapling":15,"minecraft:iron_ingot":397,"minecraft:acacia_sapling":116,"minecraft:book":72,"betternether:anchor_tree_bark":1,"betternether:soul_grass":1,"minecraft:quartz":7,"minecraft:dandelion":1,"betternether:bone_tile":3,"minecraft:gravel":114,"minecraft:red_banner":7,"betternether:cincinnasite_forged":14,"minecraft:spider_eye":3,"betternether:cincinnasite_ingot":31,"betternether:nether_mushroom_stem":6,"minecraft:slime_ball":1,"minecraft:honey_block":15,"minecraft:iron_helmet":1,"minecraft:brown_banner":15,"minecraft:acacia_slab":76,"betternether:nether_lapis_ore":2,"minecraft:coal":209},"minecraft:used":{"minecraft:iron_shovel":94,"minecraft:poppy":4,"minecraft:diamond_hoe":198,"betternether:flaming_ruby_pickaxe":3458,"minecraft:chest":26,"minecraft:shield":46,"betternether:lumabus_seed":1,"minecraft:stone":13,"minecraft:zombie_spawn_egg":2,"minecraft:grass":2,"minecraft:rotten_flesh":5,"minecraft:mutton":2,"minecraft:nether_bricks":2,"minecraft:jungle_planks":104,"minecraft:carrot":29,"minecraft:obsidian":1,"minecraft:tuff":1,"minecraft:acacia_sapling":24,"betternether:jellyfish_mushroom_sapling":1,"betternether:anchor_tree_planks":4,"minecraft:lava_bucket":4,"minecraft:villager_spawn_egg":2,"minecraft:grass_block":1,"minecraft:iron_helmet":2,"betternether:bone_wall":9,"betternether:cincinnasite_bars":1,"minecraft:bow":7,"minecraft:furnace":1,"minecraft:acacia_fence":3,"minecraft:egg":10,"betternether:cincinnasite_pot":14,"betternether:cincinnasite_pedestal":6,"minecraft:acacia_trapdoor":2,"minecraft:stone_pickaxe":16,"minecraft:oak_planks":55,"minecraft:wooden_pickaxe":30,"minecraft:sugar_cane":1,"minecraft:golden_apple":4,"minecraft:white_wool":3,"minecraft:yellow_terracotta":1,"minecraft:shears":11,"betternether:pig_statue_respawner":5,"minecraft:crying_obsidian":1,"minecraft:lime_carpet":3,"minecraft:bread":272,"minecraft:lectern":11,"minecraft:gravel":107,"betternether:cincinnasite_wall":36,"minecraft:diamond_sword":345,"minecraft:experience_bottle":2,"minecraft:acacia_log":192,"minecraft:flint_and_steel":1,"betternether:nether_brick_wall":1,"minecraft:netherrack":32,"minecraft:torch":80,"minecraft:brewing_stand":1,"minecraft:dirt":39,"minecraft:anvil":27,"betternether:cincinnasite_fire_bowl":3,"minecraft:wooden_axe":164,"gravestones:gravestone":11,"minecraft:iron_axe":988,"betternether:willow_door":1,"betternether:nether_mushroom_trapdoor":12,"betternether:cincinnasite_lantern":10,"minecraft:acacia_slab":384,"betternether:cincinnasite_lantern_small":18,"minecraft:iron_boots":2,"betternether:bone_tile":3,"minecraft:bamboo":240,"minecraft:diamond_chestplate":1,"minecraft:beef":13,"minecraft:orange_terracotta":20,"minecraft:cobbled_deepslate":101,"minecraft:acacia_planks":36,"minecraft:water_bucket":13,"minecraft:fletching_table":3,"minecraft:rail":65,"minecraft:crafting_table":23,"betternether:bone_reed_door":1,"minecraft:white_bed":1,"minecraft:acacia_stairs":46,"minecraft:wooden_hoe":24,"minecraft:apple":2,"minecraft:iron_pickaxe":287,"minecraft:stone_axe":85,"minecraft:cobblestone":72,"minecraft:bucket":16,"minecraft:diamond_leggings":1},"minecraft:killed":{"minecraft:cave_spider":2,"minecraft:spider":8,"betternether:firefly":3,"minecraft:skeleton":19,"minecraft:chicken":1,"artifacts:mimic":1,"minecraft:magma_cube":1,"minecraft:piglin":4,"minecraft:iron_golem":2,"minecraft:sheep":3,"minecraft:zombie":17,"minecraft:blaze":17,"minecraft:cow":11,"minecraft:wither_skeleton":17,"minecraft:player":2,"minecraft:villager":2},"minecraft:crafted":{"minecraft:bookshelf":6,"minecraft:diamond_leggings":1,"minecraft:iron_boots":1,"minecraft:chest":31,"minecraft:copper_block":44,"sophisticatedbackpacks:backpack":1,"minecraft:emerald":99,"minecraft:crafting_table":19,"minecraft:acacia_slab":426,"minecraft:iron_helmet":1,"minecraft:wooden_pickaxe":1,"minecraft:fletching_table":6,"sophisticatedbackpacks:upgrade_base":1,"minecraft:lectern":6,"minecraft:wooden_hoe":1,"minecraft:emerald_block":10,"minecraft:shield":2,"sophisticatedbackpacks:diamond_backpack":1,"minecraft:stick":1734,"minecraft:iron_ingot":50,"minecraft:iron_pickaxe":1,"minecraft:iron_block":115,"betternether:anchor_tree_planks":8,"minecraft:redstone":28,"minecraft:diamond_hoe":1,"sophisticatedbackpacks:stack_upgrade_tier_1":1,"minecraft:furnace":1,"minecraft:bone_meal":36,"minecraft:flint_and_steel":2,"betternether:black_apple_seed":8,"minecraft:iron_axe":5,"minecraft:stone_pickaxe":1,"minecraft:wheat":705,"minecraft:minecart":4,"sophisticatedbackpacks:iron_backpack":1,"minecraft:diamond_sword":1,"minecraft:acacia_trapdoor":10,"sophisticatedbackpacks:gold_backpack":1,"minecraft:acacia_stairs":76,"minecraft:stone_axe":1,"minecraft:enchanted_book":3,"minecraft:bread":247,"minecraft:air":0,"minecraft:jungle_planks":748,"minecraft:wooden_axe":6,"minecraft:iron_shovel":1,"minecraft:anvil":25,"minecraft:white_bed":1,"minecraft:acacia_planks":1112,"minecraft:torch":104,"minecraft:lapis_lazuli":3,"minecraft:diamond_chestplate":1},"minecraft:custom":{"minecraft:interact_with_crafting_table":70,"minecraft:open_barrel":51,"minecraft:eat_cake_slice":2,"minecraft:leave_game":16,"minecraft:time_since_death":29412,"minecraft:sprint_one_cm":2062969,"minecraft:damage_blocked_by_shield":2242,"minecraft:drop":245,"minecraft:talked_to_villager":50,"minecraft:play_time":883686,"minecraft:deaths":9,"minecraft:jump":9922,"minecraft:interact_with_brewingstand":4,"minecraft:walk_on_water_one_cm":10057,"minecraft:interact_with_furnace":13,"minecraft:traded_with_villager":74,"minecraft:sleep_in_bed":9,"minecraft:waystone_activated":1,"minecraft:damage_dealt":20922,"minecraft:player_kills":2,"minecraft:crouch_one_cm":61544,"minecraft:interact_with_smoker":2,"minecraft:inspect_dispenser":13,"minecraft:horse_one_cm":315,"minecraft:interact_with_anvil":8,"minecraft:mob_kills":112,"minecraft:climb_one_cm":12590,"minecraft:walk_one_cm":981875,"minecraft:sneak_time":18984,"minecraft:walk_under_water_one_cm":6140,"minecraft:interact_with_blast_furnace":1,"minecraft:total_world_time":883686,"minecraft:time_since_rest":9085,"minecraft:damage_absorbed":140,"minecraft:damage_taken":13923,"minecraft:swim_one_cm":4471,"minecraft:fly_one_cm":2566987,"minecraft:open_chest":175,"minecraft:fall_one_cm":249973}},"DataVersion":3465}