{"stats":{"minecraft:broken":{"minecraft:stone_axe":1,"minecraft:wooden_axe":2,"minecraft:iron_axe":2},"minecraft:mined":{"betternether:cincinnasite_pedestal":7,"betternether:nether_reed_stem":1,"minecraft:cobblestone_stairs":26,"minecraft:red_nether_bricks":1,"minecraft:acacia_log":382,"betternether:lumabus_vine":3,"minecraft:grass_block":3,"minecraft:jungle_log":48,"betternether:nether_brick_wall":2,"betternether:sepia_mushroom_grass":1,"betternether:nether_mycelium":12,"minecraft:oak_wall_sign":1,"minecraft:nether_wart":1,"betternether:cincinnasite_ore":25,"minecraft:spawner":1,"minecraft:magma_block":20,"minecraft:fire":2,"minecraft:cobbled_deepslate":10,"minecraft:deepslate_lapis_ore":3,"minecraft:enchanting_table":1,"betternether:wart_seed":2,"betternether:cincinnasite_fire_bowl":2,"betternether:anchor_tree_log":1,"minecraft:deepslate_redstone_ore":2,"betternether:netherrack_stalactite":1,"minecraft:blackstone":3,"betternether:sepia_bone_grass":1,"minecraft:crimson_nylium":3,"minecraft:soul_fire":1,"minecraft:blue_stained_glass":154,"betternether:cincinnasite_pot":14,"minecraft:torch":1,"betternether:blue_obsidian_glass":7,"minecraft:chest":1,"betternether:cincinnasite_forged":15,"minecraft:spruce_wall_sign":4,"minecraft:nether_quartz_ore":47,"minecraft:cobblestone":3,"minecraft:sugar_cane":1,"minecraft:oak_planks":5,"betternether:nether_ruby_ore":15,"minecraft:wall_torch":3,"minecraft:birch_log":3,"minecraft:wheat":64,"betternether:soul_grass":2,"betternether:neon_equisetum":1,"betternether:nether_mushroom_trapdoor":12,"minecraft:grass":27,"minecraft:oak_log":70,"minecraft:acacia_fence":4,"minecraft:sand":1,"minecraft:dirt":4,"minecraft:netherrack":1284,"minecraft:ancient_debris":1,"minecraft:oak_leaves":1,"minecraft:deepslate":85,"minecraft:yellow_terracotta":12,"minecraft:nether_gold_ore":21,"minecraft:crying_obsidian":1,"minecraft:tuff":3,"minecraft:red_carpet":6,"minecraft:deepslate_diamond_ore":6,"betternether:bone_grass":2,"minecraft:sea_lantern":8,"minecraft:glow_lichen":1,"minecraft:nether_bricks":4,"minecraft:jungle_planks":2,"minecraft:crimson_roots":2,"minecraft:acacia_slab":67,"minecraft:potted_bamboo":6,"minecraft:cracked_nether_bricks":1,"minecraft:hay_block":38,"betternether:cincinnasite_wall":36,"betternether:wall_mushroom_brown":3,"betternether:pig_statue_respawner":5,"minecraft:bookshelf":30,"minecraft:deepslate_iron_ore":1,"minecraft:vine":8,"minecraft:lantern":2,"betternether:nether_lapis_ore":4,"minecraft:stone":33,"minecraft:white_wool":11,"betternether:nether_reed_planks":1,"betternether:netherrack_moss":9,"gravestones:gravestone":9,"minecraft:acacia_leaves":9,"minecraft:glass_pane":8,"betternether:cincinnasite_lantern":14,"minecraft:crafting_table":8,"betternether:bone_wall":9,"minecraft:honey_block":15,"betternether:gray_mold":3,"minecraft:lime_carpet":2,"minecraft:tall_grass":7,"minecraft:copper_ore":1,"minecraft:deepslate_gold_ore":10,"minecraft:sculk":4,"betternether:blue_obsidian":4,"minecraft:white_carpet":3,"betternether:cincinnasite_lantern_small":16,"minecraft:red_wall_banner":1,"betternether:wall_mushroom_red":2,"betternether:bone_tile":3,"minecraft:coal_ore":15,"minecraft:gravel":11,"minecraft:acacia_planks":5,"minecraft:polished_blackstone":3,"minecraft:fern":2},"minecraft:used":{"minecraft:poppy":2,"betternether:flaming_ruby_pickaxe":1609,"minecraft:shield":2,"minecraft:chest":24,"betternether:lumabus_seed":1,"minecraft:grass":2,"minecraft:rotten_flesh":5,"minecraft:mutton":2,"minecraft:jungle_planks":104,"minecraft:nether_bricks":2,"minecraft:acacia_sapling":24,"minecraft:tuff":1,"minecraft:obsidian":1,"betternether:anchor_tree_planks":4,"minecraft:lava_bucket":4,"minecraft:iron_helmet":1,"betternether:bone_wall":9,"minecraft:bow":7,"betternether:cincinnasite_pot":14,"betternether:cincinnasite_pedestal":6,"minecraft:stone_pickaxe":16,"minecraft:oak_planks":55,"minecraft:wooden_pickaxe":30,"minecraft:sugar_cane":1,"minecraft:white_wool":3,"minecraft:shears":11,"betternether:pig_statue_respawner":5,"minecraft:crying_obsidian":1,"minecraft:lime_carpet":1,"minecraft:bread":130,"betternether:cincinnasite_wall":36,"minecraft:gravel":5,"minecraft:diamond_sword":127,"minecraft:experience_bottle":1,"minecraft:acacia_log":47,"minecraft:flint_and_steel":1,"betternether:nether_brick_wall":1,"minecraft:netherrack":31,"minecraft:torch":14,"betternether:cincinnasite_fire_bowl":2,"minecraft:wooden_axe":164,"minecraft:iron_axe":562,"gravestones:gravestone":10,"betternether:nether_mushroom_trapdoor":12,"betternether:cincinnasite_lantern":10,"minecraft:acacia_slab":266,"betternether:cincinnasite_lantern_small":18,"minecraft:iron_boots":1,"betternether:bone_tile":3,"minecraft:diamond_chestplate":1,"minecraft:beef":13,"minecraft:acacia_planks":25,"minecraft:cobbled_deepslate":72,"minecraft:water_bucket":12,"minecraft:crafting_table":15,"minecraft:white_bed":1,"minecraft:apple":2,"minecraft:iron_pickaxe":213,"minecraft:stone_axe":85,"minecraft:cobblestone":14,"minecraft:bucket":15,"minecraft:diamond_leggings":1},"minecraft:dropped":{"minecraft:spruce_sign":1,"minecraft:oak_log":1,"minecraft:leather":1,"minecraft:saddle":1,"minecraft:item_frame":10,"minecraft:red_mushroom":3,"betternether:nether_ruby":1,"minecraft:red_carpet":6,"minecraft:cobblestone_stairs":26,"minecraft:crimson_roots":2,"minecraft:bone_meal":36,"minecraft:sugar":1,"minecraft:iron_pickaxe":1,"minecraft:gold_ingot":1,"minecraft:wheat":12,"minecraft:rotten_flesh":19,"minecraft:oak_planks":96,"minecraft:glowstone_dust":2,"minecraft:gunpowder":9,"betternether:glowstone_pile":2,"minecraft:acacia_sapling":45,"minecraft:arrow":1,"minecraft:netherrack":81,"minecraft:bread":8,"minecraft:wheat_seeds":26,"betternether:sepia_bone_grass":1,"minecraft:stick":3,"minecraft:wooden_axe":2,"minecraft:map":3,"minecraft:lime_carpet":15,"sophisticatedbackpacks:advanced_tool_swapper_upgrade":1,"betternether:wart_seed":3,"minecraft:string":16,"minecraft:stone_sword":2,"betternether:cincinnasite":2,"minecraft:nether_bricks":2,"minecraft:glass_pane":14,"minecraft:flint_and_steel":1,"minecraft:hay_block":4,"betternether:nether_reed_planks":1,"minecraft:shield":1,"minecraft:brown_carpet":4,"minecraft:wooden_pickaxe":2,"minecraft:magma_block":4},"minecraft:custom":{"minecraft:interact_with_crafting_table":33,"minecraft:open_barrel":44,"minecraft:eat_cake_slice":2,"minecraft:leave_game":7,"minecraft:time_since_death":90729,"minecraft:sprint_one_cm":918445,"minecraft:damage_blocked_by_shield":120,"minecraft:drop":119,"minecraft:play_time":379384,"minecraft:deaths":2,"minecraft:jump":3906,"minecraft:interact_with_brewingstand":2,"minecraft:walk_on_water_one_cm":2295,"minecraft:interact_with_furnace":6,"minecraft:sleep_in_bed":3,"minecraft:damage_dealt":11311,"minecraft:crouch_one_cm":38229,"minecraft:interact_with_smoker":1,"minecraft:inspect_dispenser":1,"minecraft:mob_kills":70,"minecraft:climb_one_cm":5612,"minecraft:walk_one_cm":434500,"minecraft:sneak_time":11286,"minecraft:walk_under_water_one_cm":6140,"minecraft:total_world_time":379384,"minecraft:time_since_rest":9029,"minecraft:damage_taken":6646,"minecraft:swim_one_cm":4471,"minecraft:fly_one_cm":870801,"minecraft:open_chest":84,"minecraft:fall_one_cm":98968},"minecraft:picked_up":{"minecraft:wooden_axe":1,"minecraft:iron_chestplate":1,"minecraft:wheat":78,"minecraft:flower_pot":6,"betternether:pig_statue_respawner":5,"betternether:lumabus_seed":4,"betternether:agave":13,"minecraft:string":7,"minecraft:raw_copper":2,"betternether:blue_obsidian":4,"betternether:cincinnasite_wall":36,"minecraft:red_nether_bricks":1,"minecraft:iron_leggings":1,"minecraft:experience_bottle":1,"minecraft:oak_sign":2,"minecraft:cobbled_deepslate":94,"minecraft:iron_pickaxe":1,"minecraft:iron_boots":1,"minecraft:stick":89,"minecraft:torch":11,"minecraft:acacia_log":375,"betternether:bone_wall":9,"betternether:cincinnasite":2,"betternether:lapis_pile":16,"minecraft:brown_carpet":4,"minecraft:stone_sword":2,"minecraft:lime_carpet":29,"minecraft:rotten_flesh":10,"betternether:cincinnasite_lantern_small":20,"betternether:nether_ruby_ore":11,"sophisticatedbackpacks:advanced_tool_swapper_upgrade":1,"minecraft:blaze_rod":4,"minecraft:obsidian":1,"minecraft:cobblestone":31,"minecraft:birch_log":1,"minecraft:enchanting_table":1,"minecraft:magma_block":4,"betternether:glowstone_pile":3,"minecraft:jungle_log":47,"betternether:sepia_bone_grass":1,"minecraft:flint":2,"minecraft:tuff":2,"betternether:wart_seed":3,"minecraft:wither_skeleton_skull":1,"minecraft:map":3,"minecraft:lapis_lazuli":17,"minecraft:dirt":7,"minecraft:lantern":3,"minecraft:bone":25,"minecraft:acacia_planks":5,"minecraft:bow":3,"minecraft:wheat_seeds":193,"minecraft:raw_gold":10,"minecraft:glowstone_dust":5,"minecraft:bamboo":6,"minecraft:oak_planks":99,"betternether:wall_moss":1,"minecraft:jungle_planks":2,"minecraft:sand":1,"minecraft:sugar":1,"minecraft:diamond":6,"betternether:cincinnasite_lantern":14,"minecraft:grass":2,"minecraft:spruce_sign":12,"minecraft:bread":62,"minecraft:oak_sapling":23,"minecraft:netherrack":186,"minecraft:crimson_roots":2,"minecraft:cocoa_beans":7,"minecraft:crafting_table":8,"minecraft:wooden_pickaxe":1,"minecraft:netherite_scrap":1,"minecraft:item_frame":12,"minecraft:white_carpet":4,"minecraft:glass_pane":14,"minecraft:beef":19,"minecraft:jungle_sapling":4,"minecraft:poppy":2,"minecraft:sugar_cane":1,"minecraft:chest":1,"minecraft:raw_iron":1,"betternether:nether_brick_wall":2,"artifacts:charm_of_sinking":1,"betternether:wall_mushroom_red":1,"sophisticatedbackpacks:backpack":1,"betternether:nether_reed_planks":1,"betternether:nether_ruby":1,"minecraft:redstone":9,"minecraft:prismarine_crystals":20,"betternether:anchor_tree_log":1,"minecraft:arrow":8,"minecraft:nether_bricks":4,"minecraft:hay_block":42,"minecraft:yellow_terracotta":10,"minecraft:gold_ingot":21,"minecraft:mutton":2,"gravestones:gravestone":10,"betternether:cincinnasite_fire_bowl":2,"minecraft:white_wool":33,"minecraft:leather":8,"betternether:wall_mushroom_brown":3,"minecraft:red_mushroom":3,"betternether:cincinnasite_pot":14,"minecraft:oak_log":65,"minecraft:gunpowder":9,"minecraft:cobblestone_stairs":26,"betternether:cincinnasite_pedestal":6,"betternether:nether_mushroom_trapdoor":12,"minecraft:red_carpet":6,"minecraft:apple":2,"betternether:jellyfish_mushroom_sapling":2,"minecraft:iron_ingot":6,"minecraft:acacia_sapling":87,"minecraft:book":72,"betternether:soul_grass":1,"minecraft:quartz":1,"betternether:bone_tile":3,"minecraft:gravel":9,"minecraft:red_banner":7,"betternether:cincinnasite_forged":14,"betternether:cincinnasite_ingot":22,"betternether:nether_mushroom_stem":6,"minecraft:slime_ball":1,"minecraft:honey_block":15,"minecraft:iron_helmet":1,"minecraft:acacia_slab":68,"minecraft:coal":22},"minecraft:killed":{"minecraft:spider":1,"betternether:firefly":3,"minecraft:skeleton":11,"minecraft:piglin":1,"minecraft:iron_golem":1,"minecraft:sheep":1,"minecraft:zombie":6,"minecraft:cow":10,"minecraft:blaze":16,"minecraft:wither_skeleton":16},"minecraft:crafted":{"minecraft:diamond_leggings":1,"minecraft:chest":29,"sophisticatedbackpacks:backpack":1,"minecraft:crafting_table":12,"minecraft:acacia_slab":426,"minecraft:wooden_pickaxe":1,"minecraft:shield":2,"minecraft:stick":28,"minecraft:iron_pickaxe":1,"betternether:anchor_tree_planks":4,"minecraft:bone_meal":36,"minecraft:flint_and_steel":2,"minecraft:iron_axe":2,"minecraft:stone_pickaxe":1,"minecraft:wheat":335,"minecraft:diamond_sword":1,"minecraft:stone_axe":1,"minecraft:bread":132,"minecraft:jungle_planks":188,"minecraft:wooden_axe":6,"minecraft:white_bed":1,"minecraft:acacia_planks":700,"minecraft:torch":44,"minecraft:diamond_chestplate":1}},"DataVersion":3465}