{"stats":{"minecraft:killed_by":{"minecraft:magma_cube":1,"minecraft:zombie":2,"minecraft:ender_dragon":2,"betternether:hydrogen_jellyfish":1,"minecraft:wither_skeleton":4,"minecraft:creeper":1,"minecraft:player":2},"minecraft:used":{"bosses_of_mass_destruction:crystal_fruit":1,"betternether:chest_of_drawers":2,"betterend:umbrella_tree_log":17,"minecraft:chest":82,"minecraft:poppy":6,"minecraft:stone":56,"minecraft:rotten_flesh":6,"minecraft:soul_sand":6,"minecraft:acacia_sapling":25,"minecraft:jungle_sapling":25,"minecraft:lava_bucket":4,"betternether:stalagnate_roof":2,"minecraft:villager_spawn_egg":4,"minecraft:grass_block":1,"minecraft:stone_brick_stairs":408,"minecraft:rabbit_stew":2,"betternether:cincinnasite_bars":1,"betterend:aeternium_boots":2,"minecraft:bow":51,"minecraft:oak_sapling":3,"minecraft:furnace":25,"minecraft:acacia_fence":4,"minecraft:egg":19,"minecraft:dragon_head":1,"betternether:cincinnasite_pedestal":9,"betternether:cincinnasite_boots":1,"minecraft:powered_rail":4,"minecraft:acacia_trapdoor":2,"minecraft:wooden_pickaxe":30,"minecraft:golden_apple":6,"minecraft:blast_furnace":8,"justhammers:netherite_hammer":1,"minecraft:crying_obsidian":1,"minecraft:stone_button":1,"minecraft:lectern":28,"betternether:quartz_glass_framed_pane":4,"minecraft:red_terracotta":2,"betternether:cincinnasite_wall":39,"minecraft:diamond_sword":640,"minecraft:smithing_table":1,"minecraft:acacia_log":221,"minecraft:enchanting_table":1,"betternether:nether_ruby_hoe":1584,"betterend:flavolite":3,"betternether:nether_brick_wall":1,"minecraft:netherrack":787,"minecraft:torch":335,"minecraft:brewing_stand":3,"minecraft:anvil":27,"betternether:cincinnasite_fire_bowl":3,"sophisticatedbackpacks:netherite_backpack":1,"minecraft:nether_brick_stairs":2,"minecraft:iron_block":760,"minecraft:iron_axe":1033,"minecraft:slime_block":1,"minecraft:jungle_log":9,"betternether:cincinnasite_lantern_small":18,"minecraft:totem_of_undying":1,"minecraft:melon_seeds":52,"minecraft:bamboo":243,"minecraft:diamond_chestplate":1,"minecraft:beef":13,"betterend:elytra_armored":1,"minecraft:orange_terracotta":20,"minecraft:observer":6,"minecraft:cobbled_deepslate":379,"minecraft:acacia_planks":75,"minecraft:water_bucket":83,"deeperdarker:stalker_spawn_egg":1,"morebows:iron_bow":27,"minecraft:fletching_table":3,"deeperdarker:cobbled_sculk_stone":1,"minecraft:polished_blackstone_bricks":3,"betternether:flaming_ruby_boots":2,"minecraft:rail":133,"minecraft:crafting_table":29,"minecraft:white_bed":1,"toolleveling:tool_leveling_table":1,"minecraft:oak_log":1298,"minecraft:oxeye_daisy":1,"minecraft:ender_eye":40,"betternether:nether_reed_taburet":1,"minecraft:iron_pickaxe":287,"betterend:aeternium_shovel":11556,"betterend:aeternium_anvil":1,"minecraft:chiseled_stone_bricks":44,"minecraft:cobblestone":519,"minecraft:porkchop":3,"minecraft:cooked_porkchop":65,"minecraft:diamond_leggings":1,"minecraft:red_sand":1,"minecraft:iron_shovel":94,"minecraft:melon":101,"minecraft:diamond_hoe":198,"betternether:flaming_ruby_pickaxe":13820,"minecraft:shield":46,"betternether:lumabus_seed":1,"minecraft:zombie_spawn_egg":9,"minecraft:stripped_jungle_wood":5,"minecraft:grass":2,"justhammers:netherite_impact_hammer":1173,"minecraft:mutton":6,"betternether:nether_reed_planks":5,"minecraft:jungle_planks":106,"minecraft:nether_bricks":2,"deeperdarker:shattered_spawn_egg":1,"minecraft:carrot":44,"minecraft:tuff":1,"betternether:flaming_ruby_sword":1000,"minecraft:obsidian":11,"betternether:jellyfish_mushroom_sapling":1,"sophisticatedbackpacks:diamond_backpack":1,"minecraft:glass":153,"betternether:anchor_tree_planks":4,"minecraft:lantern":99,"minecraft:iron_helmet":2,"betternether:bone_wall":10,"minecraft:stone_bricks":48,"betterend:aeternium_hammer":6,"minecraft:gray_bed":4,"betternether:flaming_ruby_axe":6254,"betternether:cincinnasite_pot":14,"betternether:flaming_ruby_chestplate":2,"minecraft:wither_skeleton_skull":3,"minecraft:dropper":1,"minecraft:stone_pickaxe":16,"minecraft:oak_planks":509,"minecraft:ender_pearl":2,"deeperdarker:sculk_centipede_spawn_egg":1,"minecraft:sugar_cane":1,"minecraft:redstone_block":11,"minecraft:white_wool":3,"minecraft:yellow_terracotta":1,"betterend:tenanea_sapling":1,"minecraft:stone_brick_wall":211,"betternether:nether_ruby_leggings":1,"minecraft:end_stone":111,"minecraft:shears":11,"betternether:pig_statue_respawner":5,"minecraft:redstone_torch":11,"minecraft:firework_rocket":70,"minecraft:lime_carpet":3,"minecraft:bread":581,"minecraft:gravel":107,"deeperdarker:shriek_worm_spawn_egg":1,"betternether:flaming_ruby_helmet":2,"betternether:nether_ruby_chestplate":1,"minecraft:bone_meal":122,"minecraft:experience_bottle":14,"betternether:bone_slab":1,"betterend:flavolite_stairs":1,"minecraft:flint_and_steel":2,"minecraft:redstone":52,"morebows:diamond_bow":1,"minecraft:cooked_chicken":57,"minecraft:dirt":2573,"minecraft:hopper":84,"betternether:bone_block":1,"minecraft:granite":9,"minecraft:stone_brick_slab":455,"minecraft:wooden_axe":164,"minecraft:bookshelf":51,"minecraft:acacia_slab":432,"gravestones:gravestone":13,"betterend:terminite_anvil":1,"betternether:willow_door":1,"betternether:nether_mushroom_trapdoor":12,"betternether:cincinnasite_lantern":10,"minecraft:iron_boots":2,"betternether:bone_tile":3,"minecraft:minecart":2,"betternether:flaming_ruby_leggings":2,"minecraft:cooked_beef":16,"minecraft:enchanted_golden_apple":2,"minecraft:acacia_boat":1,"minecraft:beacon":2,"betternether:bone_reed_door":1,"minecraft:smoker":17,"minecraft:wooden_hoe":24,"minecraft:acacia_stairs":46,"minecraft:apple":12,"betterend:glowing_pillar_luminophor":2,"minecraft:stone_axe":85,"morebows:flame_bow":6,"minecraft:bucket":97,"minecraft:smooth_stone":220,"minecraft:splash_potion":3},"minecraft:mined":{"minecraft:dragon_wall_head":1,"betternether:cincinnasite_pedestal":11,"betternether:bone_block":11,"betterend:amber_moss":1,"minecraft:jungle_leaves":9,"betterend:terminite_anvil":1,"minecraft:red_nether_bricks":3,"minecraft:obsidian":18,"minecraft:granite":50,"minecraft:acacia_log":1035,"betternether:lumabus_vine":4,"minecraft:red_sand":1,"betterend:aurora_crystal":145,"minecraft:stone_brick_wall":20,"betternether:stalagnate_planks":1,"minecraft:jungle_log":2283,"betternether:nether_mycelium":12,"minecraft:purpur_slab":1,"deeperdarker:gloomy_grass":5,"betternether:jungle_moss":2,"minecraft:hopper":11,"minecraft:oak_wall_sign":1,"minecraft:nether_wart":1,"minecraft:chiseled_stone_bricks":14,"minecraft:spawner":7,"minecraft:polished_blackstone_bricks":9,"minecraft:magma_block":205,"betternether:jungle_grass":20,"minecraft:cobbled_deepslate":39,"minecraft:fire":30,"minecraft:deepslate_lapis_ore":3,"minecraft:fletching_table":1,"minecraft:nether_brick_stairs":2,"minecraft:enchanting_table":2,"minecraft:dirt_path":53,"betterend:twisted_moss":5,"betternether:cincinnasite_fire_bowl":3,"minecraft:iron_block":47,"betterend:umbrella_tree_log":68,"betternether:anchor_tree_log":2,"betternether:netherrack_stalactite":4,"betternether:eyeball":1,"betterend:pink_moss":13,"betternether:sepia_bone_grass":1,"minecraft:crimson_nylium":6,"minecraft:smoker":17,"minecraft:soul_fire":1,"betterend:jungle_moss":1,"betterend:end_moss":4,"minecraft:blue_stained_glass":198,"betternether:cincinnasite_pot":14,"minecraft:torch":15,"minecraft:melon":175,"minecraft:spruce_wall_sign":4,"minecraft:glass":9,"betterend:umbralith":1,"minecraft:sugar_cane":38,"bosses_of_mass_destruction:vine_wall":1,"minecraft:skeleton_skull":1,"sophisticatedbackpacks:diamond_backpack":1,"minecraft:wheat":137,"betternether:soul_grass":2,"betterend:dense_emerald_ice":4,"betternether:egg_plant":3,"minecraft:stone_brick_stairs":140,"minecraft:grass":801,"betterend:terminite_bulb_lantern_pink":1,"minecraft:deepslate":1159,"minecraft:yellow_terracotta":27,"betternether:cincinnasite_forge":1,"betternether:nether_reed_stairs":3,"betternether:bone_grass":3,"minecraft:sea_lantern":8,"minecraft:end_stone":152,"betterend:lumecorn":1,"minecraft:nether_bricks":8,"minecraft:jungle_planks":8,"minecraft:crimson_roots":2,"minecraft:redstone_wire":4,"betternether:stalagnate_roof":9,"betternether:cincinnasite_bars":1,"minecraft:potted_bamboo":6,"minecraft:moss_block":1,"minecraft:magenta_stained_glass_pane":2,"betternether:smoker":1,"bosses_of_mass_destruction:void_blossom":11,"minecraft:jungle_sapling":1,"betternether:cincinnasite_wall":39,"minecraft:andesite":54,"betternether:wall_mushroom_brown":3,"betterend:lamellarium":1,"betternether:quartz_glass_framed_pane":11,"betternether:pig_statue_respawner":5,"minecraft:vine":139,"minecraft:rail":185,"betterend:ancient_emerald_ice":6,"minecraft:bamboo_sapling":2,"minecraft:bamboo":33,"minecraft:bone_block":1,"minecraft:white_wool":11,"betterend:dragon_tree_planks":1,"minecraft:smithing_table":1,"gravestones:gravestone":12,"betternether:netherrack_moss":9,"minecraft:redstone_block":5,"betterend:lacugrove_bookshelf":2,"minecraft:glass_pane":12,"minecraft:soul_sand":16,"betternether:cincinnasite_stairs":2,"minecraft:stone_brick_slab":9,"betterend:tenanea_log":1,"minecraft:observer":3,"minecraft:dandelion":1,"betternether:rubeus_bark":33,"betternether:bone_wall":11,"minecraft:emerald_ore":5,"betternether:gray_mold":3,"minecraft:warped_roots":2,"minecraft:copper_ore":59,"minecraft:tall_grass":70,"betternether:bone_stairs":1,"minecraft:deepslate_gold_ore":18,"betternether:anchor_tree_bark":1,"minecraft:diorite":49,"betternether:bone_slab":11,"betterend:flavolite_stairs":2,"minecraft:red_terracotta":16,"betterend:azure_jadestone_bricks":3,"betternether:jungle_plant":2,"minecraft:white_carpet":3,"betterend:terminite_chandelier":1,"betterend:orango":1,"minecraft:red_wall_banner":1,"betternether:wall_mushroom_red":2,"betternether:bone_tile":26,"betterend:lucernia_leaves":6,"betterend:rutiscus":2,"minecraft:gravel":633,"minecraft:dripstone_block":26,"minecraft:cobweb":19,"minecraft:acacia_planks":39,"minecraft:polished_blackstone":3,"minecraft:stone_bricks":14,"minecraft:fern":2,"betternether:netherrack_furnace":2,"minecraft:attached_melon_stem":2,"minecraft:oak_sapling":1,"minecraft:farmland":5,"betternether:mushroom_fir_stem":1,"betternether:nether_reed_stem":1,"minecraft:cobblestone_stairs":26,"minecraft:brewing_stand":3,"betterend:murkweed":2,"minecraft:spruce_trapdoor":2,"minecraft:grass_block":6338,"minecraft:cracked_polished_blackstone_bricks":7,"betternether:nether_brick_wall":2,"betternether:sepia_mushroom_grass":4,"minecraft:composter":1,"betternether:cincinnasite_ore":45,"minecraft:smooth_stone":120,"minecraft:raw_iron_block":1,"betterend:ruscus":1,"minecraft:iron_ore":200,"minecraft:anvil":2,"betterend:tenanea_leaves":3,"betternether:nether_reed_roof":12,"betternether:jellyfish_mushroom":4,"betternether:wart_seed":2,"betterend:helix_tree_bark":5,"betternether:nether_mushroom_planks":1,"minecraft:end_stone_bricks":2,"betterend:shadow_plant":1,"minecraft:deepslate_redstone_ore":23,"betterend:tenanea_outer_leaves":14,"betterend:tail_moss":1,"betterend:pallidium_heavy":4,"minecraft:blackstone":7,"betterend:violecite_lantern":1,"minecraft:twisting_vines_plant":3,"minecraft:melon_stem":19,"minecraft:orange_terracotta":50,"minecraft:purpur_stairs":1,"betterend:sulphuric_rock_polished":2,"betterend:neon_cactus":1,"betterend:thallasium_ore":29,"deeperdarker:gloomslate_gold_ore":2,"betternether:blue_obsidian_glass":7,"betterend:pallidium_full":3,"minecraft:poppy":2,"minecraft:chest":18,"betternether:cincinnasite_forged":42,"minecraft:nether_quartz_ore":80,"minecraft:cobblestone":27,"minecraft:oak_planks":57,"betternether:nether_ruby_ore":15,"minecraft:wall_torch":21,"minecraft:warped_nylium":15,"minecraft:acacia_sapling":2,"betternether:mushroom_fir_trunk":1,"minecraft:birch_log":127,"betternether:geyser":2,"betternether:neon_equisetum":1,"betternether:nether_mushroom_trapdoor":12,"minecraft:purpur_block":17,"betterend:helix_tree_log":1,"minecraft:oak_log":2257,"minecraft:acacia_fence":17,"minecraft:sand":641,"minecraft:dirt":3988,"betterend:tenanea_flowers":3,"betterend:flavolite":9,"minecraft:netherrack":5304,"minecraft:ancient_debris":1,"minecraft:oak_leaves":83,"minecraft:nether_gold_ore":32,"minecraft:crying_obsidian":2,"minecraft:tuff":100,"minecraft:red_carpet":6,"minecraft:deepslate_diamond_ore":64,"betterend:aeridium":2,"minecraft:glow_lichen":1,"betterend:glowing_pillar_roots":3,"minecraft:stone_button":3,"minecraft:acacia_slab":111,"minecraft:cracked_nether_bricks":1,"betterend:shadow_grass":6,"deeperdarker:gloomy_sculk":1470,"minecraft:hay_block":194,"minecraft:furnace":9,"minecraft:carrots":14,"betternether:bone_stalactite":2,"minecraft:acacia_stairs":7,"betternether:stalagnate_trapdoor":3,"betternether:nether_reed_taburet":2,"minecraft:gold_block":7,"betterend:lacugrove_log":3,"minecraft:bookshelf":78,"minecraft:deepslate_iron_ore":7,"minecraft:lantern":8,"minecraft:stripped_oak_log":1,"minecraft:stripped_jungle_log":1,"betternether:nether_lapis_ore":8,"minecraft:chorus_plant":2,"minecraft:stone":4880,"betternether:nether_reed_planks":22,"minecraft:acacia_leaves":35,"betternether:cincinnasite_lantern":14,"minecraft:oak_fence":1,"minecraft:crafting_table":9,"minecraft:honey_block":15,"betternether:mushroom_grass":16,"betternether:rubeus_log":1,"betterend:twisted_umbrella_moss_tall":6,"minecraft:lime_carpet":4,"minecraft:sculk_sensor":1,"minecraft:lectern":24,"minecraft:deepslate_coal_ore":1,"betterend:bulb_vine":2,"betterend:chorus_nylium":2,"betternether:rubeus_leaves":1,"betterend:small_amaranita_mushroom":1,"minecraft:sculk":17,"minecraft:redstone_torch":1,"betternether:blue_obsidian":4,"minecraft:gray_bed":4,"betternether:cincinnasite_lantern_small":16,"betterend:lucernia_outer_leaves":20,"betterend:tenanea_bark":109,"minecraft:coal_ore":125,"betterend:bolux_mushroom":1,"minecraft:end_rod":1,"betternether:chest_of_drawers":1,"betternether:nether_cactus":1,"betterend:iron_bulb_lantern_brown":1,"deeperdarker:cobbled_sculk_stone":1,"deeperdarker:gloomy_geyser":2},"minecraft:crafted":{"justhammers:netherite_hammer":1,"minecraft:smooth_stone":337,"minecraft:jungle_fence_gate":2,"betterend:aeternium_hammer":1,"minecraft:blaze_powder":26,"sophisticatedbackpacks:crafting_upgrade":1,"minecraft:bookshelf":36,"betterend:elytra_armored":1,"minecraft:glass":5,"minecraft:diamond_helmet":1,"minecraft:diamond_leggings":2,"minecraft:beacon":1,"minecraft:melon_seeds":42,"minecraft:stone_pressure_plate":9,"betterend:aeternium_boots":1,"minecraft:emerald":1613,"minecraft:cooked_porkchop":385,"minecraft:acacia_slab":486,"minecraft:jungle_pressure_plate":4,"minecraft:fletching_table":6,"betterend:aeternium_anvil":1,"minecraft:stone_brick_stairs":148,"minecraft:lectern":6,"minecraft:wooden_hoe":1,"minecraft:iron_pickaxe":1,"minecraft:iron_block":115,"minecraft:gold_ingot":270,"minecraft:netherite_ingot":90,"sophisticatedbackpacks:netherite_backpack":1,"betterend:terminite_boots":1,"minecraft:jungle_sign":3,"betternether:anchor_tree_planks":8,"minecraft:rabbit_stew":103,"minecraft:iron_nugget":792,"minecraft:experience_bottle":12,"minecraft:diamond_hoe":1,"justhammers:netherite_impact_hammer":1,"sophisticatedbackpacks:stack_upgrade_tier_1":1,"minecraft:bone_meal":387,"betternether:black_apple_seed":8,"minecraft:lantern":99,"minecraft:detector_rail":6,"betterend:terminite_leggings":1,"betterend:terminite_anvil":1,"minecraft:ender_pearl":30,"minecraft:stone_pickaxe":1,"minecraft:diamond_boots":1,"minecraft:redstone_block":6,"toolleveling:tool_leveling_table":1,"minecraft:wheat":993,"minecraft:crossbow":44,"betterend:aeternium_upgrade_smithing_template":14,"minecraft:acacia_trapdoor":10,"sophisticatedbackpacks:gold_backpack":4,"minecraft:acacia_stairs":76,"minecraft:glowstone":20,"minecraft:enchanted_book":89,"minecraft:jungle_slab":6,"minecraft:golden_apple":20,"minecraft:chainmail_boots":12,"minecraft:wooden_axe":6,"minecraft:iron_shovel":1,"minecraft:white_bed":1,"minecraft:oak_planks":1088,"minecraft:cooked_chicken":768,"minecraft:hopper":76,"minecraft:stone_brick_slab":204,"minecraft:bow":31,"minecraft:iron_boots":1,"betternether:cincinnasite_ingot":256,"minecraft:chest":164,"minecraft:copper_block":44,"minecraft:netherite_upgrade_smithing_template":20,"minecraft:chiseled_stone_bricks":102,"minecraft:stone_hoe":12,"minecraft:ender_eye":18,"minecraft:stone_bricks":1000,"betterend:aeternium_chestplate":1,"minecraft:dropper":4,"minecraft:arrow":2112,"sophisticatedbackpacks:backpack":3,"minecraft:crafting_table":26,"minecraft:iron_helmet":13,"minecraft:wooden_pickaxe":1,"betterend:aeternium_shovel":1,"minecraft:gold_block":1,"minecraft:brewing_stand":1,"sophisticatedbackpacks:upgrade_base":2,"minecraft:dispenser":1,"betterend:terminite_hammer":1,"minecraft:emerald_block":10,"minecraft:shield":2,"minecraft:netherite_block":3,"sophisticatedbackpacks:diamond_backpack":4,"minecraft:stick":5953,"minecraft:iron_ingot":347,"minecraft:redstone_torch":22,"betterend:terminite_chestplate":1,"minecraft:redstone":72,"minecraft:stone_brick_wall":180,"minecraft:blast_furnace":8,"minecraft:furnace":17,"minecraft:jungle_trapdoor":84,"betterend:terminite_block":6,"minecraft:flint_and_steel":2,"minecraft:iron_axe":5,"minecraft:observer":5,"minecraft:minecart":16,"sophisticatedbackpacks:iron_backpack":4,"minecraft:diamond_sword":1,"betterend:terminite_helmet":1,"minecraft:powered_rail":6,"minecraft:bucket":13,"minecraft:stone_axe":1,"minecraft:air":0,"minecraft:bread":343,"minecraft:acacia_boat":1,"minecraft:jungle_planks":3892,"betterend:aeternium_helmet":1,"minecraft:anvil":25,"justhammers:impact_core":1,"minecraft:acacia_planks":1328,"minecraft:torch":752,"minecraft:lapis_block":2,"minecraft:lapis_lazuli":27,"minecraft:diamond_chestplate":2},"minecraft:picked_up":{"minecraft:wooden_axe":1,"betterend:gelatine":1,"minecraft:iron_chestplate":1,"minecraft:anvil":2,"minecraft:flower_pot":6,"minecraft:smithing_table":1,"betternether:lumabus_seed":10,"minecraft:enchanted_book":126,"betterend:tenanea_bark":87,"betterend:aeternium_hammer":1,"minecraft:brewing_stand":3,"betterend:terminite_chandelier":1,"betternether:agave":13,"minecraft:golden_sword":1,"minecraft:polished_blackstone_brick_stairs":2,"minecraft:string":57,"minecraft:red_nether_bricks":1,"minecraft:gold_nugget":50,"minecraft:cobbled_deepslate":2083,"bosses_of_mass_destruction:soul_star":2,"minecraft:melon_slice":52,"sophisticatedbackpacks:netherite_backpack":1,"betternether:quartz_glass_framed_pane":11,"minecraft:composter":1,"betternether:bone_wall":11,"minecraft:acacia_log":936,"betterend:tenanea_sapling":7,"betternether:cincinnasite":2,"minecraft:brown_carpet":4,"minecraft:stone_sword":2,"minecraft:lime_carpet":39,"artifacts:villager_hat":6,"betternether:nether_ruby_ore":11,"minecraft:iron_block":280,"minecraft:glowstone":12,"minecraft:bookshelf":16,"minecraft:end_rod":1,"minecraft:netherite_chestplate":2,"minecraft:blaze_rod":4,"minecraft:birch_log":93,"betterend:sulphuric_rock_polished":2,"minecraft:magma_block":121,"minecraft:feather":9,"minecraft:cooked_beef":24,"morebows:ender_bow":2,"deeperdarker:gloomy_cactus":6,"betternether:jungle_moss":9,"betterend:umbrella_tree_log":38,"minecraft:water_bucket":2,"minecraft:jungle_log":2234,"minecraft:smoker":18,"minecraft:flint":45,"betternether:magma_flower":10,"minecraft:netherite_leggings":2,"minecraft:map":3,"minecraft:lantern":12,"minecraft:twisting_vines":4,"betternether:nether_reed_taburet":2,"betternether:geyser":6,"minecraft:glowstone_dust":6,"minecraft:moss_block":1,"betternether:smoker":3,"betterend:amber_root_raw":2,"betternether:wall_moss":5,"bosses_of_mass_destruction:crystal_fruit":3,"deeperdarker:soul_crystal":2,"sophisticatedbackpacks:iron_backpack":1,"betterend:glowing_pillar_luminophor":3,"minecraft:acacia_stairs":7,"betterend:glowing_bulb":2,"minecraft:red_terracotta":16,"betterend:flavolite":4,"minecraft:deepslate":199,"betternether:cincinnasite_lantern":14,"minecraft:granite":202,"minecraft:bread":68,"betterend:crystal_shards":593,"minecraft:crimson_roots":2,"minecraft:diamond_pickaxe":1,"betterend:aeternium_chestplate":1,"sophisticatedbackpacks:gold_backpack":2,"minecraft:crafting_table":11,"betternether:bone_slab":6,"betterend:thallasium_bars":32,"minecraft:dragon_head":1,"minecraft:purpur_block":12,"betternether:bone_reed_door":1,"minecraft:cornflower":1,"minecraft:elytra":3,"artifacts:power_glove":1,"minecraft:flint_and_steel":3,"minecraft:netherite_scrap":4,"betternether:nether_ruby_hoe":1,"minecraft:white_carpet":4,"minecraft:iron_shovel":2,"minecraft:glass_pane":14,"minecraft:cartography_table":1,"minecraft:netherite_sword":1,"minecraft:beef":40,"betterend:lacugrove_log":3,"minecraft:jungle_sapling":127,"minecraft:poppy":7,"minecraft:minecart":33,"betterend:azure_jadestone_bricks":3,"betternether:netherrack_stalactite":4,"minecraft:chest":27,"minecraft:birch_sapling":21,"minecraft:diamond_hoe":1,"minecraft:copper_ore":1,"minecraft:egg":32,"minecraft:stone":6736,"artifacts:charm_of_sinking":1,"sophisticatedbackpacks:backpack":2,"bosses_of_mass_destruction:void_thorn":2,"betternether:nether_reed_planks":24,"betternether:nether_ruby":1,"minecraft:carrot":70,"minecraft:redstone":485,"minecraft:netherite_pickaxe":1,"minecraft:prismarine_crystals":20,"betterend:bolux_mushroom":1,"betternether:anchor_tree_log":2,"betternether:cincinnasite_stairs":2,"minecraft:peony":1,"artifacts:snowshoes":1,"minecraft:hay_block":195,"minecraft:yellow_terracotta":22,"minecraft:gold_ingot":110,"minecraft:totem_of_undying":2,"minecraft:oxeye_daisy":1,"gravestones:gravestone":15,"minecraft:glow_berries":1,"minecraft:mutton":11,"minecraft:white_wool":36,"minecraft:bone_block":1,"minecraft:rail":243,"minecraft:stripped_oak_log":2,"morebows:flame_bow":2,"betternether:flaming_ruby_axe":1,"minecraft:tripwire_hook":1,"betternether:flaming_ruby_pickaxe":1,"minecraft:red_mushroom":3,"minecraft:purpur_stairs":1,"betternether:cincinnasite_pot":14,"minecraft:oak_log":2207,"minecraft:jungle_button":1,"minecraft:white_banner":2,"betternether:nether_cactus":2,"betternether:nether_mushroom_trapdoor":12,"minecraft:apple":54,"minecraft:stone_bricks":12,"betternether:jellyfish_mushroom_sapling":17,"betterend:aeternium_shovel":3,"minecraft:iron_ore":3,"minecraft:gray_bed":5,"betternether:black_bush":3,"betternether:anchor_tree_bark":1,"betternether:soul_grass":1,"betterend:thallasium_ingot":96,"minecraft:sculk":2,"betternether:bone_tile":19,"minecraft:gravel":351,"minecraft:crying_obsidian":1,"betterend:terminite_bulb_lantern_pink":1,"betternether:cincinnasite_forged":38,"betternether:cincinnasite_ingot":69,"minecraft:firework_rocket":92,"minecraft:diamond_shovel":3,"minecraft:coal_ore":20,"minecraft:slime_ball":131,"deeperdarker:sculk_bone":2,"minecraft:polished_diorite":4,"minecraft:warped_roots":1,"betterend:lumecorn_rod":1,"minecraft:brown_banner":15,"minecraft:melon_seeds":66,"minecraft:warped_nylium":1,"minecraft:hopper":11,"minecraft:ender_pearl":8,"minecraft:shulker_shell":1,"minecraft:wheat":157,"betternether:flaming_ruby_hoe":2,"minecraft:redstone_block":5,"artifacts:umbrella":1,"betternether:pig_statue_respawner":5,"minecraft:potion":2,"minecraft:stone_brick_stairs":136,"betternether:bone_block":8,"betternether:blue_obsidian":4,"minecraft:raw_copper":89,"betternether:cincinnasite_wall":39,"betterend:dragon_tree_planks":1,"minecraft:iron_leggings":1,"minecraft:experience_bottle":2,"betternether:netherrack_furnace":2,"minecraft:oak_sign":2,"minecraft:deepslate_tiles":2,"minecraft:red_sand":1,"minecraft:smooth_stone":1316,"minecraft:bucket":8,"minecraft:redstone_torch":2,"minecraft:ender_eye":7,"minecraft:iron_pickaxe":3,"minecraft:iron_boots":3,"minecraft:furnace":11,"betterend:aeternium_boots":2,"betterend:neon_cactus":55,"minecraft:stick":580,"minecraft:acacia_fence":16,"betternether:black_apple_seed":8,"minecraft:oak_fence":1,"minecraft:torch":174,"betternether:nether_mushroom_planks":1,"betterend:lucernia_sapling":2,"betterend:end_fish_raw":2,"minecraft:porkchop":6,"minecraft:pointed_dripstone":7,"minecraft:diorite":314,"betterend:violecite_lantern":1,"betternether:lapis_pile":28,"betterend:aeternium_helmet":1,"minecraft:rotten_flesh":99,"betternether:cincinnasite_lantern_small":20,"betternether:stalagnate_roof":9,"sophisticatedbackpacks:advanced_tool_swapper_upgrade":1,"betternether:mushroom_fir_sapling":10,"minecraft:obsidian":19,"betternether:cincinnasite_bars":2,"morebows:diamond_bow":1,"minecraft:cobblestone":4897,"justhammers:netherite_impact_hammer":2,"minecraft:enchanting_table":2,"deeperdarker:cobbled_sculk_stone":1,"betternether:glowstone_pile":10,"minecraft:magma_cream":4,"minecraft:andesite":76,"betternether:sepia_bone_grass":1,"minecraft:beacon":1,"betternether:stalagnate_trapdoor":2,"betterend:iron_bulb_lantern_brown":1,"minecraft:tuff":131,"betterend:lacugrove_barrel":1,"betternether:wart_seed":3,"minecraft:wither_skeleton_skull":5,"artifacts:pickaxe_heater":2,"minecraft:lapis_lazuli":42,"minecraft:dirt":7624,"minecraft:name_tag":1,"minecraft:glass":3,"minecraft:bone":374,"minecraft:acacia_planks":122,"minecraft:bow":8,"minecraft:wheat_seeds":750,"minecraft:raw_gold":16,"minecraft:grindstone":2,"minecraft:fletching_table":1,"minecraft:bamboo":367,"minecraft:oak_planks":151,"betterend:umbralith":8,"minecraft:cooked_porkchop":2,"minecraft:sand":617,"minecraft:jungle_planks":9,"minecraft:melon":147,"minecraft:nether_brick_stairs":2,"minecraft:grass_block":3,"minecraft:jungle_slab":6,"minecraft:sugar":5,"minecraft:diamond":138,"minecraft:slime_block":2944,"minecraft:netherite_helmet":2,"minecraft:cracked_polished_blackstone_bricks":6,"minecraft:crossbow":2,"minecraft:grass":2,"minecraft:spruce_sign":12,"minecraft:emerald":140,"minecraft:oak_sapling":393,"minecraft:netherrack":3107,"minecraft:chorus_fruit":11,"minecraft:oak_leaves":10,"minecraft:nether_star":1,"minecraft:end_stone_bricks":1,"minecraft:charcoal":2,"minecraft:cocoa_beans":7,"minecraft:azure_bluet":2,"artifacts:night_vision_goggles":4,"minecraft:chicken":2,"minecraft:rabbit_stew":5,"minecraft:wooden_pickaxe":1,"minecraft:stone_brick_wall":23,"minecraft:gold_block":7,"betternether:nether_reed_stairs":4,"minecraft:shield":2,"minecraft:iron_axe":1,"artifacts:feral_claws":1,"betterend:flavolite_wall":11,"minecraft:item_frame":12,"betterend:tenanea_planks":15,"artifacts:fire_gauntlet":1,"minecraft:blackstone":6,"minecraft:observer":3,"betterend:terminite_anvil":1,"minecraft:lectern":23,"minecraft:sugar_cane":73,"minecraft:spruce_trapdoor":2,"minecraft:phantom_membrane":6,"betternether:rubeus_bark":14,"betternether:willow_door":1,"minecraft:raw_iron":45,"betternether:nether_brick_wall":2,"minecraft:end_stone":167,"betternether:wall_mushroom_red":6,"minecraft:copper_ingot":437,"justhammers:netherite_hammer":1,"betterend:helix_tree_bark":4,"artifacts:vampiric_glove":3,"minecraft:polished_blackstone_bricks":10,"minecraft:stone_button":17,"betternether:mushroom_fir_stem":3,"betterend:helix_tree_log":1,"betternether:nether_mushroom_plate":1,"betterend:aeternium_leggings":1,"minecraft:arrow":229,"deeperdarker:sculk_gleam":1,"minecraft:nether_bricks":8,"betterend:flavolite_stairs":1,"minecraft:pink_tulip":2,"minecraft:saddle":2,"betternether:chest_of_drawers":2,"betternether:cincinnasite_fire_bowl":3,"minecraft:skeleton_skull":1,"minecraft:netherite_boots":2,"minecraft:leather":26,"betternether:wall_mushroom_brown":4,"artifacts:superstitious_hat":3,"minecraft:gunpowder":34,"artifacts:cloud_in_a_bottle":3,"minecraft:cobblestone_stairs":26,"betternether:cincinnasite_pedestal":10,"minecraft:orange_terracotta":36,"minecraft:red_carpet":6,"minecraft:iron_ingot":446,"minecraft:cooked_chicken":15,"betterend:bulb_vine_seed":1,"minecraft:acacia_sapling":246,"minecraft:soul_sand":16,"sophisticatedbackpacks:diamond_backpack":1,"minecraft:book":236,"artifacts:obsidian_skull":1,"minecraft:warped_fungus":2,"minecraft:emerald_block":5,"minecraft:chiseled_stone_bricks":14,"betternether:stalagnate_ladder":1,"minecraft:stone_brick_slab":17,"minecraft:quartz":68,"minecraft:dandelion":3,"minecraft:raw_iron_block":1,"minecraft:dripstone_block":64,"minecraft:lava_bucket":18,"minecraft:red_banner":7,"artifacts:scarf_of_invisibility":1,"minecraft:spider_eye":21,"betternether:nether_mushroom_stem":6,"minecraft:stripped_jungle_log":2,"artifacts:helium_flamingo":1,"betternether:cincinnasite_forge":1,"minecraft:honey_block":15,"betternether:stalagnate_planks":1,"minecraft:iron_helmet":1,"minecraft:stripped_jungle_wood":63,"betternether:nether_lapis_ore":2,"minecraft:acacia_slab":117,"minecraft:black_wool":2,"betterend:glowing_pillar_seed":3,"minecraft:coal":708,"betternether:nether_reed_roof":14},"minecraft:custom":{"minecraft:interact_with_crafting_table":163,"minecraft:open_barrel":69,"minecraft:eat_cake_slice":2,"minecraft:leave_game":50,"minecraft:time_since_death":120341,"minecraft:damage_blocked_by_shield":2242,"minecraft:play_time":2795282,"minecraft:deaths":19,"minecraft:jump":28378,"minecraft:interact_with_furnace":154,"minecraft:traded_with_villager":1234,"minecraft:sleep_in_bed":50,"minecraft:waystone_activated":2,"minecraft:damage_dealt":95756,"minecraft:interact_with_smoker":4,"minecraft:interact_with_smithing_table":26,"minecraft:inspect_dispenser":42,"minecraft:horse_one_cm":315,"minecraft:interact_with_anvil":70,"minecraft:inspect_hopper":19,"minecraft:sneak_time":89323,"minecraft:interact_with_blast_furnace":11,"minecraft:total_world_time":2795282,"minecraft:time_since_rest":40898,"minecraft:swim_one_cm":11841,"minecraft:fly_one_cm":9242221,"minecraft:open_chest":1076,"minecraft:fall_one_cm":1978504,"minecraft:damage_resisted":240,"minecraft:sprint_one_cm":6159555,"minecraft:drop":1499,"minecraft:talked_to_villager":319,"minecraft:interact_with_brewingstand":6,"minecraft:walk_on_water_one_cm":44607,"minecraft:open_enderchest":1,"minecraft:interact_with_beacon":17,"minecraft:player_kills":3,"minecraft:crouch_one_cm":271558,"minecraft:mob_kills":497,"minecraft:damage_dealt_resisted":230,"minecraft:climb_one_cm":39646,"minecraft:walk_one_cm":3533707,"minecraft:raid_win":1,"minecraft:walk_under_water_one_cm":17922,"minecraft:boat_one_cm":71611,"minecraft:damage_taken":36930,"minecraft:damage_absorbed":304,"minecraft:trigger_trapped_chest":1,"minecraft:aviate_one_cm":2465843},"minecraft:broken":{"minecraft:iron_boots":1,"minecraft:shield":1,"minecraft:iron_axe":3,"minecraft:iron_helmet":2,"minecraft:stone_axe":1,"minecraft:wooden_axe":2},"minecraft:dropped":{"sophisticatedbackpacks:iron_backpack":1,"justhammers:netherite_hammer":1,"betternether:wall_mushroom_red":1,"minecraft:porkchop":1,"minecraft:lapis_lazuli":28,"betternether:nether_mushroom_planks":1,"minecraft:diamond":110,"minecraft:crafting_table":2,"minecraft:cooked_porkchop":241,"minecraft:crossbow":46,"minecraft:glow_berries":1,"minecraft:warped_roots":1,"betterend:aeternium_leggings":1,"bosses_of_mass_destruction:crystal_fruit":1,"minecraft:fletching_table":4,"minecraft:saddle":1,"betternether:black_bush":3,"minecraft:brown_banner":15,"minecraft:elytra":5,"minecraft:rail":89,"minecraft:item_frame":10,"minecraft:red_mushroom":3,"minecraft:red_carpet":6,"minecraft:emerald":136,"minecraft:dirt":4877,"minecraft:stone_button":16,"betternether:nether_reed_taburet":1,"minecraft:netherite_boots":2,"sophisticatedbackpacks:netherite_backpack":1,"minecraft:jungle_sapling":92,"betternether:nether_ruby_hoe":1,"minecraft:bone_meal":41,"minecraft:bone_block":1,"minecraft:phantom_membrane":3,"minecraft:sugar":4,"minecraft:iron_pickaxe":2,"minecraft:white_wool":3,"minecraft:bone":36,"betterend:aeternium_helmet":1,"minecraft:sugar_cane":3,"artifacts:power_glove":1,"minecraft:cooked_chicken":668,"minecraft:cobbled_deepslate":852,"betternether:anchor_tree_log":1,"minecraft:birch_sapling":11,"minecraft:netherite_sword":1,"betternether:nether_reed_roof":11,"minecraft:wheat":65,"minecraft:rotten_flesh":109,"minecraft:grindstone":2,"deeperdarker:sculk_gleam":1,"minecraft:oak_planks":129,"minecraft:glowstone_dust":3,"betternether:mushroom_fir_stem":3,"minecraft:azure_bluet":2,"bosses_of_mass_destruction:soul_star":1,"minecraft:tipped_arrow":3,"minecraft:coal_ore":20,"minecraft:jungle_log":16,"minecraft:acacia_sapling":178,"betternether:stalagnate_roof":7,"minecraft:beef":6,"minecraft:stone_brick_stairs":9,"minecraft:acacia_fence":12,"minecraft:egg":12,"minecraft:enchanted_book":109,"minecraft:iron_ingot":67,"morebows:diamond_bow":1,"minecraft:netherite_pickaxe":1,"minecraft:wheat_seeds":556,"betternether:cincinnasite_pedestal":1,"betternether:nether_mushroom_plate":1,"minecraft:golden_horse_armor":1,"minecraft:dripstone_block":64,"minecraft:netherite_chestplate":2,"minecraft:netherite_helmet":2,"minecraft:book":1,"minecraft:yellow_terracotta":11,"minecraft:iron_helmet":12,"minecraft:feather":2,"minecraft:cobblestone":3088,"minecraft:apple":4,"minecraft:granite":168,"minecraft:stripped_jungle_log":1,"minecraft:coal":116,"betternether:flaming_ruby_sword":1,"minecraft:golden_apple":20,"betternether:bone_block":7,"minecraft:lava_bucket":19,"minecraft:jungle_slab":6,"minecraft:wooden_hoe":1,"betternether:smoker":3,"minecraft:gray_bed":1,"minecraft:wooden_axe":2,"minecraft:diamond_helmet":1,"minecraft:lime_carpet":25,"sophisticatedbackpacks:advanced_tool_swapper_upgrade":1,"minecraft:smooth_stone":1206,"minecraft:iron_shovel":2,"minecraft:string":35,"betterend:aeternium_boots":2,"minecraft:acacia_planks":117,"minecraft:pink_tulip":2,"minecraft:stone_brick_slab":28,"betternether:bone_slab":5,"betternether:quartz_glass_framed_pane":4,"minecraft:netherite_ingot":50,"minecraft:stone_sword":2,"minecraft:bowl":2,"minecraft:deepslate":198,"bosses_of_mass_destruction:void_thorn":1,"betternether:cincinnasite_bars":1,"minecraft:diamond_hoe":2,"minecraft:chicken":2,"minecraft:iron_boots":2,"deeperdarker:gloomy_cactus":6,"minecraft:slime_block":2944,"minecraft:name_tag":1,"betternether:cincinnasite":2,"justhammers:netherite_impact_hammer":2,"gravestones:gravestone":1,"minecraft:nether_bricks":6,"betternether:geyser":6,"minecraft:hay_block":32,"minecraft:stone":214,"betternether:nether_reed_planks":6,"minecraft:flower_pot":6,"minecraft:peony":1,"minecraft:spruce_trapdoor":2,"betternether:bone_wall":1,"betternether:bone_tile":16,"minecraft:redstone_torch":1,"minecraft:spider_eye":9,"minecraft:stone_bricks":9,"minecraft:brown_carpet":4,"minecraft:rabbit_stew":106,"minecraft:bow":35,"minecraft:magma_block":10,"betternether:flaming_ruby_pickaxe":2,"minecraft:black_wool":2,"artifacts:fire_gauntlet":1,"minecraft:spruce_sign":1,"minecraft:soul_sand":10,"minecraft:moss_block":1,"minecraft:warped_fungus":2,"minecraft:oak_log":320,"betternether:black_apple_seed":16,"minecraft:ender_pearl":4,"minecraft:netherite_upgrade_smithing_template":4,"minecraft:leather":7,"minecraft:jungle_planks":9,"betterend:azure_jadestone_bricks":3,"artifacts:vampiric_glove":1,"betternether:nether_ruby":25,"minecraft:flint":21,"minecraft:cobblestone_stairs":26,"minecraft:cracked_polished_blackstone_bricks":6,"morebows:ender_bow":2,"minecraft:jungle_button":1,"betternether:flaming_ruby_hoe":2,"minecraft:polished_blackstone_brick_stairs":2,"minecraft:cornflower":1,"minecraft:mutton":3,"minecraft:crimson_roots":2,"betternether:stalagnate_trapdoor":1,"betternether:wall_mushroom_brown":1,"betternether:magma_flower":10,"betternether:cincinnasite_stairs":2,"minecraft:polished_blackstone_bricks":3,"minecraft:birch_log":15,"betternether:wall_moss":3,"minecraft:gold_ingot":66,"minecraft:gravel":236,"minecraft:blackstone":6,"betternether:jungle_moss":8,"minecraft:stripped_jungle_wood":63,"minecraft:twisting_vines":3,"minecraft:pointed_dripstone":7,"betternether:stalagnate_planks":1,"artifacts:villager_hat":9,"betternether:jellyfish_mushroom_sapling":16,"minecraft:diamond_shovel":3,"betternether:stalagnate_ladder":1,"betternether:netherrack_stalactite":4,"minecraft:carrot":85,"minecraft:poppy":769,"betterend:aeternium_chestplate":1,"minecraft:gunpowder":32,"betternether:glowstone_pile":9,"minecraft:glowstone":32,"morebows:flame_bow":3,"minecraft:melon_seeds":41,"minecraft:stone_brick_wall":3,"minecraft:chest":10,"minecraft:chainmail_boots":12,"minecraft:arrow":2280,"betternether:mushroom_fir_sapling":10,"minecraft:quartz":28,"minecraft:oak_leaves":2,"minecraft:netherrack":401,"minecraft:firework_rocket":6,"minecraft:stone_hoe":12,"minecraft:bread":14,"minecraft:minecart":11,"minecraft:bookshelf":1,"minecraft:diamond_leggings":1,"betternether:sepia_bone_grass":1,"minecraft:copper_ingot":25,"minecraft:acacia_log":14,"minecraft:grass_block":2,"minecraft:acacia_trapdoor":8,"minecraft:stick":306,"betterend:aeternium_hammer":1,"minecraft:iron_block":93,"minecraft:diorite":214,"minecraft:brewing_stand":1,"minecraft:torch":104,"minecraft:melon_slice":10,"minecraft:map":3,"minecraft:iron_axe":1,"minecraft:raw_iron_block":1,"betternether:wart_seed":3,"minecraft:tripwire_hook":1,"betternether:flaming_ruby_axe":1,"minecraft:bucket":8,"betternether:nether_reed_stairs":4,"minecraft:dandelion":2,"minecraft:redstone":199,"minecraft:polished_diorite":4,"minecraft:jungle_pressure_plate":4,"minecraft:warped_nylium":1,"betternether:soul_grass":1,"minecraft:nether_wart":5,"minecraft:raw_copper":26,"minecraft:tuff":77,"minecraft:raw_iron":20,"minecraft:composter":1,"minecraft:smoker":2,"minecraft:stripped_oak_log":2,"minecraft:glass_pane":14,"minecraft:red_terracotta":12,"minecraft:flint_and_steel":2,"minecraft:netherite_leggings":2,"betternether:lapis_pile":12,"minecraft:shield":1,"minecraft:diamond_chestplate":1,"minecraft:orange_terracotta":16,"minecraft:andesite":58,"minecraft:oak_sapling":124,"minecraft:golden_sword":1,"minecraft:diamond_boots":1,"minecraft:slime_ball":128,"betterend:lacugrove_log":3,"minecraft:raw_gold":3,"minecraft:wooden_pickaxe":2,"minecraft:magma_cream":4,"betterend:aeternium_shovel":3},"minecraft:killed":{"deeperdarker:sculk_centipede":1,"minecraft:cave_spider":2,"betternether:skull":2,"betternether:firefly":5,"minecraft:shulker":3,"minecraft:skeleton":42,"minecraft:chicken":1,"minecraft:magma_cube":18,"deeperdarker:stalker":1,"minecraft:iron_golem":4,"minecraft:ender_dragon":1,"minecraft:pillager":3,"minecraft:zombie":91,"betterend:shadow_walker":1,"minecraft:cow":17,"minecraft:evoker":3,"minecraft:vindicator":4,"minecraft:horse":1,"betterend:end_fish":2,"betterend:cubozoa":1,"minecraft:ravager":3,"deeperdarker:shriek_worm":1,"minecraft:enderman":3,"minecraft:witch":5,"minecraft:spider":21,"minecraft:wither":1,"minecraft:piglin_brute":3,"artifacts:mimic":2,"betternether:hydrogen_jellyfish":1,"minecraft:piglin":7,"minecraft:pig":3,"minecraft:zombie_villager":5,"minecraft:creeper":9,"minecraft:sheep":7,"minecraft:blaze":18,"minecraft:vex":5,"minecraft:phantom":5,"deeperdarker:shattered":1,"minecraft:llama":1,"betternether:naga":4,"minecraft:hoglin":1,"minecraft:wither_skeleton":159,"minecraft:player":2,"minecraft:villager":9}},"DataVersion":3465}