{"stats":{"minecraft:picked_up":{"minecraft:wooden_axe":1,"minecraft:iron_chestplate":1,"betternether:flaming_ruby_hoe":2,"minecraft:wheat":106,"minecraft:anvil":2,"minecraft:flower_pot":6,"artifacts:umbrella":1,"betternether:pig_statue_respawner":5,"betternether:lumabus_seed":10,"minecraft:enchanted_book":2,"betternether:bone_block":7,"minecraft:brewing_stand":1,"betternether:agave":13,"minecraft:polished_blackstone_brick_stairs":2,"minecraft:string":34,"betternether:blue_obsidian":4,"minecraft:raw_copper":3,"betternether:cincinnasite_wall":39,"minecraft:red_nether_bricks":1,"minecraft:iron_leggings":1,"minecraft:experience_bottle":2,"betternether:netherrack_furnace":2,"minecraft:oak_sign":2,"minecraft:red_sand":1,"minecraft:gold_nugget":50,"minecraft:cobbled_deepslate":569,"minecraft:iron_pickaxe":3,"betternether:quartz_glass_framed_pane":10,"minecraft:iron_boots":2,"minecraft:furnace":1,"minecraft:stick":110,"minecraft:acacia_fence":5,"betternether:black_apple_seed":8,"minecraft:torch":28,"minecraft:acacia_log":542,"betternether:bone_wall":11,"minecraft:porkchop":2,"minecraft:diorite":27,"betternether:cincinnasite":2,"minecraft:brown_carpet":4,"betternether:lapis_pile":28,"minecraft:stone_sword":2,"minecraft:lime_carpet":39,"minecraft:rotten_flesh":23,"betternether:cincinnasite_lantern_small":20,"betternether:nether_ruby_ore":11,"betternether:stalagnate_roof":4,"sophisticatedbackpacks:advanced_tool_swapper_upgrade":1,"betternether:mushroom_fir_sapling":10,"minecraft:blaze_rod":4,"minecraft:obsidian":1,"betternether:cincinnasite_bars":2,"minecraft:cobblestone":365,"minecraft:birch_log":1,"minecraft:enchanting_table":1,"minecraft:magma_block":10,"minecraft:feather":9,"betternether:glowstone_pile":10,"minecraft:andesite":18,"minecraft:magma_cream":1,"betternether:jungle_moss":9,"minecraft:jungle_log":193,"betternether:sepia_bone_grass":1,"betternether:stalagnate_trapdoor":2,"minecraft:flint":15,"minecraft:tuff":71,"betternether:wart_seed":3,"minecraft:wither_skeleton_skull":1,"minecraft:map":3,"minecraft:lapis_lazuli":17,"minecraft:dirt":65,"minecraft:lantern":3,"minecraft:name_tag":1,"minecraft:twisting_vines":4,"minecraft:bone":70,"minecraft:acacia_planks":32,"minecraft:bow":3,"minecraft:wheat_seeds":314,"minecraft:raw_gold":10,"minecraft:bamboo":367,"minecraft:fletching_table":1,"minecraft:glowstone_dust":5,"minecraft:oak_planks":100,"betternether:smoker":3,"betternether:wall_moss":5,"minecraft:sand":1,"minecraft:jungle_planks":2,"minecraft:nether_brick_stairs":2,"sophisticatedbackpacks:iron_backpack":1,"minecraft:grass_block":1,"minecraft:acacia_stairs":7,"minecraft:red_terracotta":11,"minecraft:sugar":1,"minecraft:diamond":68,"betternether:cincinnasite_lantern":14,"minecraft:cracked_polished_blackstone_bricks":6,"minecraft:granite":18,"minecraft:grass":2,"minecraft:spruce_sign":12,"minecraft:bread":62,"minecraft:emerald":12,"minecraft:oak_sapling":23,"minecraft:netherrack":3013,"minecraft:crimson_roots":2,"minecraft:diamond_pickaxe":1,"minecraft:charcoal":2,"minecraft:cocoa_beans":7,"minecraft:crafting_table":10,"minecraft:chicken":1,"betternether:bone_slab":5,"minecraft:wooden_pickaxe":1,"minecraft:gold_block":7,"betternether:nether_reed_stairs":1,"betternether:bone_reed_door":1,"minecraft:cornflower":1,"minecraft:iron_axe":1,"minecraft:netherite_scrap":1,"minecraft:item_frame":12,"minecraft:white_carpet":4,"minecraft:iron_shovel":1,"artifacts:fire_gauntlet":1,"minecraft:blackstone":6,"minecraft:glass_pane":14,"minecraft:cartography_table":1,"minecraft:beef":20,"minecraft:jungle_sapling":12,"minecraft:poppy":7,"minecraft:lectern":9,"minecraft:minecart":7,"minecraft:sugar_cane":70,"betternether:netherrack_stalactite":4,"minecraft:chest":1,"minecraft:egg":10,"minecraft:diamond_hoe":1,"betternether:rubeus_bark":14,"betternether:willow_door":1,"minecraft:raw_iron":24,"betternether:nether_brick_wall":2,"minecraft:stone":416,"artifacts:charm_of_sinking":1,"minecraft:copper_ingot":402,"betternether:wall_mushroom_red":6,"sophisticatedbackpacks:backpack":1,"minecraft:polished_blackstone_bricks":10,"betternether:nether_reed_planks":15,"minecraft:stone_button":2,"betternether:mushroom_fir_stem":3,"minecraft:carrot":29,"betternether:nether_ruby":1,"minecraft:redstone":76,"minecraft:prismarine_crystals":20,"betternether:nether_mushroom_plate":1,"betternether:anchor_tree_log":2,"minecraft:arrow":17,"minecraft:nether_bricks":8,"minecraft:hay_block":195,"minecraft:yellow_terracotta":22,"minecraft:gold_ingot":106,"gravestones:gravestone":11,"betternether:cincinnasite_fire_bowl":3,"minecraft:mutton":6,"minecraft:skeleton_skull":1,"minecraft:white_wool":36,"minecraft:bone_block":1,"minecraft:rail":109,"betternether:flaming_ruby_pickaxe":1,"minecraft:leather":10,"betternether:wall_mushroom_brown":4,"minecraft:red_mushroom":3,"betternether:cincinnasite_pot":14,"minecraft:oak_log":65,"minecraft:gunpowder":12,"minecraft:cobblestone_stairs":26,"betternether:cincinnasite_pedestal":10,"betternether:nether_cactus":2,"minecraft:orange_terracotta":35,"betternether:nether_mushroom_trapdoor":12,"minecraft:red_carpet":6,"minecraft:apple":2,"betternether:jellyfish_mushroom_sapling":17,"minecraft:iron_ingot":401,"minecraft:acacia_sapling":116,"sophisticatedbackpacks:diamond_backpack":1,"minecraft:book":72,"minecraft:warped_fungus":2,"betternether:anchor_tree_bark":1,"betternether:soul_grass":1,"minecraft:quartz":29,"minecraft:dandelion":1,"betternether:bone_tile":19,"minecraft:gravel":114,"minecraft:red_banner":7,"betternether:cincinnasite_forged":38,"minecraft:spider_eye":3,"betternether:cincinnasite_ingot":69,"betternether:nether_mushroom_stem":6,"minecraft:slime_ball":1,"betternether:cincinnasite_forge":1,"minecraft:honey_block":15,"minecraft:iron_helmet":1,"minecraft:warped_roots":1,"betternether:nether_lapis_ore":2,"minecraft:brown_banner":15,"minecraft:acacia_slab":98,"minecraft:warped_nylium":1,"minecraft:coal":236,"betternether:nether_reed_roof":14,"minecraft:ender_pearl":1},"minecraft:killed":{"minecraft:cave_spider":2,"betternether:skull":2,"minecraft:spider":8,"betternether:firefly":4,"minecraft:skeleton":22,"minecraft:chicken":1,"minecraft:piglin_brute":3,"artifacts:mimic":1,"betternether:hydrogen_jellyfish":1,"minecraft:magma_cube":18,"minecraft:piglin":6,"minecraft:zombie_villager":1,"minecraft:iron_golem":3,"minecraft:creeper":1,"minecraft:sheep":4,"minecraft:zombie":24,"minecraft:blaze":18,"minecraft:cow":11,"betternether:naga":4,"minecraft:hoglin":1,"minecraft:wither_skeleton":63,"minecraft:player":2,"minecraft:villager":2},"minecraft:used":{"minecraft:red_sand":1,"minecraft:iron_shovel":94,"minecraft:poppy":6,"minecraft:diamond_hoe":198,"minecraft:shield":46,"betternether:lumabus_seed":1,"betternether:flaming_ruby_pickaxe":7752,"minecraft:chest":26,"minecraft:stone":13,"minecraft:zombie_spawn_egg":2,"minecraft:rotten_flesh":5,"minecraft:grass":2,"minecraft:mutton":3,"minecraft:nether_bricks":2,"minecraft:jungle_planks":104,"betternether:flaming_ruby_sword":171,"minecraft:carrot":29,"minecraft:obsidian":1,"minecraft:tuff":1,"minecraft:acacia_sapling":24,"betternether:jellyfish_mushroom_sapling":1,"sophisticatedbackpacks:diamond_backpack":1,"betternether:anchor_tree_planks":4,"minecraft:lava_bucket":4,"minecraft:villager_spawn_egg":2,"minecraft:grass_block":1,"minecraft:iron_helmet":2,"betternether:bone_wall":10,"betternether:cincinnasite_bars":1,"minecraft:bow":7,"minecraft:furnace":1,"minecraft:acacia_fence":3,"minecraft:egg":10,"betternether:flaming_ruby_axe":55,"betternether:cincinnasite_pot":14,"betternether:cincinnasite_pedestal":9,"betternether:flaming_ruby_chestplate":1,"betternether:cincinnasite_boots":1,"minecraft:acacia_trapdoor":2,"minecraft:stone_pickaxe":16,"minecraft:oak_planks":55,"minecraft:ender_pearl":1,"minecraft:wooden_pickaxe":30,"minecraft:sugar_cane":1,"minecraft:golden_apple":4,"minecraft:white_wool":3,"minecraft:yellow_terracotta":1,"betternether:nether_ruby_leggings":1,"minecraft:shears":11,"betternether:pig_statue_respawner":5,"minecraft:crying_obsidian":1,"minecraft:lime_carpet":3,"minecraft:bread":408,"minecraft:lectern":11,"betternether:quartz_glass_framed_pane":3,"betternether:cincinnasite_wall":39,"minecraft:gravel":107,"minecraft:diamond_sword":560,"betternether:flaming_ruby_helmet":1,"betternether:nether_ruby_chestplate":1,"minecraft:experience_bottle":2,"betternether:bone_slab":1,"minecraft:enchanting_table":1,"minecraft:acacia_log":214,"minecraft:flint_and_steel":1,"betternether:nether_brick_wall":1,"minecraft:netherrack":772,"minecraft:torch":90,"minecraft:brewing_stand":1,"minecraft:dirt":45,"minecraft:anvil":27,"betternether:cincinnasite_fire_bowl":3,"minecraft:granite":9,"minecraft:nether_brick_stairs":2,"minecraft:wooden_axe":164,"minecraft:bookshelf":20,"minecraft:acacia_slab":432,"gravestones:gravestone":11,"minecraft:iron_axe":1033,"betternether:cincinnasite_lantern":10,"betternether:willow_door":1,"betternether:cincinnasite_lantern_small":18,"betternether:nether_mushroom_trapdoor":12,"minecraft:iron_boots":2,"betternether:bone_tile":3,"minecraft:bamboo":243,"minecraft:diamond_chestplate":1,"minecraft:beef":13,"minecraft:orange_terracotta":20,"betternether:flaming_ruby_leggings":1,"minecraft:cobbled_deepslate":169,"minecraft:acacia_planks":75,"minecraft:water_bucket":13,"minecraft:fletching_table":3,"minecraft:polished_blackstone_bricks":3,"betternether:flaming_ruby_boots":1,"minecraft:rail":65,"minecraft:crafting_table":23,"betternether:bone_reed_door":1,"minecraft:white_bed":1,"minecraft:wooden_hoe":24,"minecraft:acacia_stairs":46,"minecraft:apple":2,"minecraft:iron_pickaxe":287,"minecraft:stone_axe":85,"minecraft:cobblestone":128,"minecraft:bucket":16,"minecraft:diamond_leggings":1},"minecraft:crafted":{"minecraft:bookshelf":23,"minecraft:diamond_leggings":1,"minecraft:iron_boots":1,"betternether:cincinnasite_ingot":256,"minecraft:chest":31,"minecraft:copper_block":44,"minecraft:netherite_upgrade_smithing_template":8,"sophisticatedbackpacks:backpack":1,"minecraft:emerald":99,"minecraft:crafting_table":19,"minecraft:acacia_slab":486,"minecraft:wooden_pickaxe":1,"minecraft:iron_helmet":1,"minecraft:fletching_table":6,"sophisticatedbackpacks:upgrade_base":1,"minecraft:lectern":6,"minecraft:wooden_hoe":1,"minecraft:emerald_block":10,"minecraft:shield":2,"sophisticatedbackpacks:diamond_backpack":1,"minecraft:stick":1734,"minecraft:iron_ingot":50,"minecraft:iron_pickaxe":1,"minecraft:iron_block":115,"minecraft:gold_ingot":9,"minecraft:netherite_ingot":90,"betternether:anchor_tree_planks":8,"minecraft:redstone":28,"minecraft:diamond_hoe":1,"sophisticatedbackpacks:stack_upgrade_tier_1":1,"minecraft:furnace":1,"minecraft:bone_meal":36,"minecraft:flint_and_steel":2,"betternether:black_apple_seed":8,"minecraft:iron_axe":5,"minecraft:stone_pickaxe":1,"minecraft:wheat":993,"minecraft:minecart":4,"sophisticatedbackpacks:iron_backpack":1,"minecraft:diamond_sword":1,"minecraft:acacia_trapdoor":10,"sophisticatedbackpacks:gold_backpack":1,"minecraft:acacia_stairs":76,"minecraft:stone_axe":1,"minecraft:enchanted_book":3,"minecraft:bread":343,"minecraft:air":0,"minecraft:jungle_planks":748,"minecraft:wooden_axe":6,"minecraft:iron_shovel":1,"minecraft:anvil":25,"minecraft:white_bed":1,"minecraft:acacia_planks":1264,"minecraft:torch":120,"minecraft:lapis_lazuli":3,"minecraft:diamond_chestplate":1},"minecraft:dropped":{"sophisticatedbackpacks:iron_backpack":1,"minecraft:spruce_sign":1,"betternether:wall_mushroom_red":1,"minecraft:lapis_lazuli":4,"minecraft:warped_fungus":2,"minecraft:oak_log":1,"betternether:black_apple_seed":16,"minecraft:crafting_table":1,"minecraft:warped_roots":1,"minecraft:leather":2,"minecraft:fletching_table":4,"minecraft:saddle":1,"minecraft:brown_banner":15,"minecraft:rail":43,"minecraft:flint":1,"minecraft:item_frame":10,"minecraft:red_carpet":6,"betternether:nether_ruby":25,"minecraft:red_mushroom":3,"minecraft:emerald":2,"minecraft:cobblestone_stairs":26,"minecraft:cracked_polished_blackstone_bricks":6,"minecraft:dirt":14,"minecraft:stone_button":2,"betternether:flaming_ruby_hoe":2,"minecraft:polished_blackstone_brick_stairs":2,"minecraft:cornflower":1,"minecraft:mutton":3,"minecraft:crimson_roots":2,"betternether:wall_mushroom_brown":1,"betternether:stalagnate_trapdoor":1,"minecraft:jungle_sapling":8,"minecraft:bone_meal":36,"minecraft:bone_block":1,"minecraft:polished_blackstone_bricks":3,"minecraft:sugar":1,"minecraft:iron_pickaxe":2,"minecraft:white_wool":3,"betternether:wall_moss":3,"minecraft:gold_ingot":65,"minecraft:bone":15,"minecraft:gravel":3,"minecraft:blackstone":6,"betternether:jungle_moss":8,"betternether:anchor_tree_log":1,"minecraft:twisting_vines":3,"betternether:nether_reed_roof":11,"minecraft:wheat":14,"minecraft:rotten_flesh":36,"minecraft:oak_planks":103,"betternether:jellyfish_mushroom_sapling":16,"minecraft:glowstone_dust":2,"betternether:mushroom_fir_stem":3,"betternether:netherrack_stalactite":4,"minecraft:carrot":64,"minecraft:poppy":1,"minecraft:gunpowder":21,"betternether:glowstone_pile":9,"minecraft:jungle_log":6,"minecraft:acacia_sapling":92,"betternether:stalagnate_roof":4,"minecraft:arrow":16,"minecraft:beef":1,"betternether:mushroom_fir_sapling":10,"minecraft:quartz":28,"minecraft:acacia_fence":2,"minecraft:netherrack":356,"minecraft:bread":8,"minecraft:wheat_seeds":145,"betternether:cincinnasite_pedestal":1,"betternether:nether_mushroom_plate":1,"minecraft:golden_horse_armor":1,"minecraft:minecart":1,"minecraft:bookshelf":1,"minecraft:yellow_terracotta":11,"minecraft:feather":2,"minecraft:cobblestone":212,"minecraft:book":1,"minecraft:granite":9,"betternether:sepia_bone_grass":1,"minecraft:acacia_trapdoor":8,"minecraft:coal":22,"betternether:bone_block":7,"minecraft:stick":20,"minecraft:diorite":13,"minecraft:wooden_hoe":1,"minecraft:torch":9,"betternether:smoker":3,"minecraft:wooden_axe":2,"minecraft:map":3,"minecraft:lime_carpet":25,"sophisticatedbackpacks:advanced_tool_swapper_upgrade":1,"minecraft:iron_axe":1,"betternether:wart_seed":3,"minecraft:iron_shovel":1,"minecraft:string":17,"minecraft:redstone":28,"minecraft:acacia_planks":49,"betternether:nether_reed_stairs":1,"betternether:bone_slab":4,"betternether:quartz_glass_framed_pane":4,"minecraft:warped_nylium":1,"betternether:soul_grass":1,"minecraft:netherite_ingot":40,"minecraft:nether_wart":5,"minecraft:stone_sword":2,"betternether:cincinnasite_bars":1,"minecraft:tuff":47,"minecraft:diamond_hoe":2,"minecraft:chicken":1,"minecraft:iron_boots":1,"minecraft:name_tag":1,"betternether:cincinnasite":2,"minecraft:nether_bricks":6,"minecraft:glass_pane":14,"minecraft:red_terracotta":9,"minecraft:flint_and_steel":1,"betternether:lapis_pile":12,"minecraft:hay_block":32,"betternether:nether_reed_planks":2,"minecraft:shield":1,"minecraft:flower_pot":6,"minecraft:orange_terracotta":15,"minecraft:andesite":6,"betternether:bone_wall":1,"betternether:bone_tile":16,"minecraft:spider_eye":3,"minecraft:brown_carpet":4,"minecraft:bow":1,"minecraft:wooden_pickaxe":2,"minecraft:magma_cream":1,"minecraft:magma_block":10,"betternether:flaming_ruby_pickaxe":2,"artifacts:fire_gauntlet":1},"minecraft:custom":{"minecraft:interact_with_crafting_table":75,"minecraft:open_barrel":60,"minecraft:eat_cake_slice":2,"minecraft:leave_game":20,"minecraft:time_since_death":48982,"minecraft:sprint_one_cm":2600313,"minecraft:damage_blocked_by_shield":2242,"minecraft:drop":343,"minecraft:talked_to_villager":50,"minecraft:play_time":1043306,"minecraft:deaths":14,"minecraft:jump":12164,"minecraft:interact_with_brewingstand":4,"minecraft:walk_on_water_one_cm":14072,"minecraft:interact_with_furnace":19,"minecraft:traded_with_villager":74,"minecraft:sleep_in_bed":10,"minecraft:waystone_activated":1,"minecraft:damage_dealt":36500,"minecraft:player_kills":2,"minecraft:crouch_one_cm":122982,"minecraft:interact_with_smoker":2,"minecraft:inspect_dispenser":13,"minecraft:horse_one_cm":315,"minecraft:interact_with_smithing_table":1,"minecraft:interact_with_anvil":9,"minecraft:mob_kills":205,"minecraft:climb_one_cm":24695,"minecraft:walk_one_cm":1182865,"minecraft:sneak_time":41774,"minecraft:walk_under_water_one_cm":6300,"minecraft:interact_with_blast_furnace":1,"minecraft:total_world_time":1043306,"minecraft:time_since_rest":49012,"minecraft:damage_absorbed":140,"minecraft:damage_taken":21697,"minecraft:trigger_trapped_chest":1,"minecraft:swim_one_cm":4471,"minecraft:fly_one_cm":3038385,"minecraft:open_chest":253,"minecraft:fall_one_cm":325906},"minecraft:killed_by":{"minecraft:wither_skeleton":3,"minecraft:creeper":1,"minecraft:magma_cube":1,"minecraft:zombie":1,"minecraft:player":2,"betternether:hydrogen_jellyfish":1},"minecraft:mined":{"betternether:netherrack_furnace":2,"betternether:cincinnasite_pedestal":11,"betternether:bone_block":10,"betternether:nether_reed_stem":1,"minecraft:cobblestone_stairs":26,"minecraft:red_nether_bricks":3,"minecraft:brewing_stand":1,"minecraft:obsidian":1,"minecraft:granite":18,"betternether:lumabus_vine":4,"minecraft:acacia_log":556,"minecraft:red_sand":1,"minecraft:grass_block":11,"minecraft:jungle_log":199,"betternether:sepia_mushroom_grass":4,"minecraft:cracked_polished_blackstone_bricks":7,"betternether:nether_brick_wall":2,"betternether:nether_mycelium":12,"betternether:jungle_moss":2,"betternether:cincinnasite_ore":45,"minecraft:oak_wall_sign":1,"minecraft:spawner":6,"minecraft:nether_wart":1,"minecraft:polished_blackstone_bricks":9,"minecraft:magma_block":30,"betternether:jungle_grass":20,"minecraft:iron_ore":171,"minecraft:fire":2,"minecraft:cobbled_deepslate":20,"minecraft:anvil":2,"minecraft:deepslate_lapis_ore":3,"minecraft:fletching_table":1,"minecraft:nether_brick_stairs":2,"minecraft:enchanting_table":1,"betternether:nether_reed_roof":12,"betternether:jellyfish_mushroom":4,"minecraft:dirt_path":11,"betternether:wart_seed":2,"betternether:cincinnasite_fire_bowl":3,"betternether:anchor_tree_log":2,"minecraft:deepslate_redstone_ore":15,"betternether:netherrack_stalactite":4,"betternether:eyeball":1,"minecraft:blackstone":7,"betternether:sepia_bone_grass":1,"minecraft:twisting_vines_plant":3,"minecraft:soul_fire":1,"minecraft:crimson_nylium":6,"minecraft:orange_terracotta":37,"minecraft:blue_stained_glass":198,"betternether:cincinnasite_pot":14,"minecraft:torch":2,"betternether:blue_obsidian_glass":7,"minecraft:poppy":2,"minecraft:chest":1,"betternether:cincinnasite_forged":42,"minecraft:spruce_wall_sign":4,"minecraft:glass":1,"minecraft:nether_quartz_ore":78,"minecraft:cobblestone":10,"minecraft:oak_planks":5,"minecraft:sugar_cane":37,"minecraft:wall_torch":10,"betternether:nether_ruby_ore":15,"minecraft:skeleton_skull":1,"minecraft:warped_nylium":15,"betternether:mushroom_fir_trunk":1,"sophisticatedbackpacks:diamond_backpack":1,"minecraft:birch_log":3,"minecraft:wheat":86,"betternether:soul_grass":2,"betternether:neon_equisetum":1,"betternether:nether_mushroom_trapdoor":12,"betternether:egg_plant":3,"minecraft:grass":119,"minecraft:oak_log":70,"minecraft:dirt":25,"minecraft:acacia_fence":6,"minecraft:sand":1,"minecraft:ancient_debris":1,"minecraft:netherrack":5167,"minecraft:oak_leaves":29,"minecraft:deepslate":713,"minecraft:yellow_terracotta":27,"minecraft:nether_gold_ore":32,"betternether:cincinnasite_forge":1,"minecraft:crying_obsidian":1,"minecraft:tuff":59,"minecraft:red_carpet":6,"betternether:nether_reed_stairs":1,"minecraft:deepslate_diamond_ore":35,"betternether:bone_grass":3,"minecraft:sea_lantern":8,"minecraft:glow_lichen":1,"minecraft:nether_bricks":8,"minecraft:stone_button":2,"minecraft:jungle_planks":2,"minecraft:crimson_roots":2,"betternether:stalagnate_roof":4,"betternether:cincinnasite_bars":1,"minecraft:acacia_slab":92,"minecraft:potted_bamboo":6,"minecraft:cracked_nether_bricks":1,"minecraft:hay_block":194,"betternether:smoker":1,"minecraft:furnace":1,"minecraft:carrots":7,"betternether:cincinnasite_wall":39,"minecraft:andesite":18,"minecraft:acacia_stairs":7,"betternether:bone_stalactite":2,"betternether:wall_mushroom_brown":3,"betternether:stalagnate_trapdoor":3,"betternether:quartz_glass_framed_pane":10,"minecraft:gold_block":7,"betternether:pig_statue_respawner":5,"minecraft:bookshelf":30,"minecraft:deepslate_iron_ore":2,"minecraft:vine":14,"minecraft:rail":48,"minecraft:lantern":2,"betternether:nether_lapis_ore":8,"minecraft:bamboo_sapling":2,"minecraft:bamboo":33,"betternether:nether_reed_planks":14,"minecraft:stone":782,"minecraft:white_wool":11,"minecraft:bone_block":1,"gravestones:gravestone":11,"betternether:netherrack_moss":9,"minecraft:acacia_leaves":21,"minecraft:glass_pane":12,"betternether:cincinnasite_lantern":14,"minecraft:dandelion":1,"betternether:rubeus_bark":33,"minecraft:crafting_table":8,"betternether:bone_wall":11,"minecraft:emerald_ore":5,"minecraft:honey_block":15,"betternether:mushroom_grass":16,"betternether:rubeus_log":1,"betternether:gray_mold":3,"minecraft:warped_roots":2,"minecraft:lime_carpet":4,"minecraft:lectern":9,"minecraft:copper_ore":47,"betternether:bone_stairs":1,"minecraft:tall_grass":25,"minecraft:deepslate_coal_ore":1,"minecraft:deepslate_gold_ore":16,"betternether:rubeus_leaves":1,"minecraft:sculk":5,"betternether:anchor_tree_bark":1,"minecraft:diorite":27,"betternether:bone_slab":10,"minecraft:red_terracotta":14,"betternether:jungle_plant":2,"betternether:blue_obsidian":4,"minecraft:white_carpet":3,"betternether:cincinnasite_lantern_small":16,"minecraft:red_wall_banner":1,"betternether:bone_tile":26,"betternether:wall_mushroom_red":2,"minecraft:coal_ore":107,"minecraft:gravel":110,"minecraft:cobweb":15,"betternether:nether_cactus":1,"minecraft:acacia_planks":18,"minecraft:polished_blackstone":3,"minecraft:fern":2},"minecraft:broken":{"minecraft:iron_boots":1,"minecraft:stone_axe":1,"minecraft:wooden_axe":2,"minecraft:shield":1,"minecraft:iron_axe":3,"minecraft:iron_helmet":2}},"DataVersion":3465}