{"stats":{"minecraft:dropped":{"sophisticatedbackpacks:iron_backpack":1,"betternether:wall_mushroom_red":1,"minecraft:lapis_lazuli":16,"minecraft:crafting_table":1,"minecraft:warped_roots":1,"minecraft:fletching_table":4,"minecraft:saddle":1,"minecraft:brown_banner":15,"minecraft:rail":43,"minecraft:red_mushroom":3,"minecraft:red_carpet":6,"minecraft:item_frame":10,"minecraft:emerald":2,"minecraft:dirt":14,"minecraft:stone_button":2,"minecraft:jungle_sapling":37,"minecraft:bone_meal":36,"minecraft:bone_block":1,"minecraft:sugar":1,"minecraft:iron_pickaxe":2,"minecraft:white_wool":3,"minecraft:bone":15,"betternether:anchor_tree_log":1,"minecraft:wheat":14,"betternether:nether_reed_roof":11,"minecraft:rotten_flesh":44,"minecraft:oak_planks":103,"minecraft:glowstone_dust":2,"betternether:mushroom_fir_stem":3,"minecraft:jungle_log":6,"minecraft:acacia_sapling":92,"betternether:stalagnate_roof":4,"minecraft:beef":1,"minecraft:acacia_fence":2,"minecraft:iron_ingot":4,"minecraft:wheat_seeds":147,"betternether:cincinnasite_pedestal":1,"minecraft:golden_horse_armor":1,"betternether:nether_mushroom_plate":1,"minecraft:yellow_terracotta":11,"minecraft:feather":2,"minecraft:cobblestone":212,"minecraft:book":1,"minecraft:granite":9,"minecraft:coal":22,"betternether:bone_block":7,"minecraft:wooden_hoe":1,"betternether:smoker":3,"minecraft:wooden_axe":2,"minecraft:lime_carpet":25,"sophisticatedbackpacks:advanced_tool_swapper_upgrade":1,"minecraft:iron_shovel":1,"minecraft:string":18,"minecraft:acacia_planks":49,"betternether:bone_slab":4,"betternether:quartz_glass_framed_pane":4,"minecraft:netherite_ingot":40,"minecraft:stone_sword":2,"betternether:cincinnasite_bars":1,"minecraft:diamond_hoe":2,"minecraft:chicken":1,"minecraft:iron_boots":1,"minecraft:name_tag":1,"betternether:cincinnasite":2,"minecraft:nether_bricks":6,"minecraft:hay_block":32,"betternether:nether_reed_planks":2,"minecraft:flower_pot":6,"betternether:bone_wall":1,"betternether:bone_tile":16,"minecraft:spider_eye":3,"minecraft:brown_carpet":4,"minecraft:bow":1,"betternether:flaming_ruby_pickaxe":2,"minecraft:magma_block":10,"artifacts:fire_gauntlet":1,"minecraft:spruce_sign":1,"minecraft:warped_fungus":2,"minecraft:oak_log":1,"betternether:black_apple_seed":16,"minecraft:leather":2,"betternether:nether_ruby":25,"minecraft:flint":1,"minecraft:cobblestone_stairs":26,"minecraft:cracked_polished_blackstone_bricks":6,"betternether:flaming_ruby_hoe":2,"minecraft:polished_blackstone_brick_stairs":2,"minecraft:cornflower":1,"minecraft:mutton":3,"minecraft:crimson_roots":2,"betternether:stalagnate_trapdoor":1,"betternether:wall_mushroom_brown":1,"minecraft:polished_blackstone_bricks":3,"betternether:wall_moss":3,"minecraft:gold_ingot":65,"minecraft:gravel":3,"minecraft:blackstone":6,"betternether:jungle_moss":8,"minecraft:twisting_vines":3,"betternether:jellyfish_mushroom_sapling":16,"betternether:netherrack_stalactite":4,"minecraft:carrot":64,"minecraft:poppy":1,"minecraft:gunpowder":21,"betternether:glowstone_pile":9,"minecraft:glowstone":8,"minecraft:arrow":16,"betternether:mushroom_fir_sapling":10,"minecraft:quartz":28,"minecraft:netherrack":372,"minecraft:bread":8,"minecraft:minecart":7,"minecraft:bookshelf":1,"betternether:sepia_bone_grass":1,"minecraft:acacia_trapdoor":8,"minecraft:stick":48,"minecraft:diorite":13,"minecraft:torch":9,"minecraft:map":3,"minecraft:iron_axe":1,"minecraft:raw_iron_block":1,"betternether:wart_seed":3,"betternether:nether_reed_stairs":1,"minecraft:redstone":48,"minecraft:warped_nylium":1,"betternether:soul_grass":1,"minecraft:nether_wart":5,"minecraft:tuff":47,"minecraft:glass_pane":14,"minecraft:red_terracotta":9,"minecraft:flint_and_steel":1,"betternether:lapis_pile":12,"minecraft:shield":1,"minecraft:orange_terracotta":16,"minecraft:andesite":6,"minecraft:wooden_pickaxe":2,"minecraft:magma_cream":1},"minecraft:mined":{"betternether:cincinnasite_pedestal":11,"betternether:bone_block":10,"minecraft:red_nether_bricks":3,"minecraft:obsidian":1,"minecraft:granite":27,"minecraft:red_sand":1,"minecraft:acacia_log":563,"betternether:lumabus_vine":4,"minecraft:jungle_log":714,"betternether:nether_mycelium":12,"betternether:jungle_moss":2,"minecraft:oak_wall_sign":1,"minecraft:nether_wart":1,"minecraft:spawner":7,"minecraft:polished_blackstone_bricks":9,"minecraft:magma_block":30,"betternether:jungle_grass":20,"minecraft:cobbled_deepslate":21,"minecraft:fire":6,"minecraft:fletching_table":1,"minecraft:deepslate_lapis_ore":3,"minecraft:nether_brick_stairs":2,"minecraft:enchanting_table":1,"minecraft:dirt_path":11,"betternether:cincinnasite_fire_bowl":3,"betternether:anchor_tree_log":2,"betternether:netherrack_stalactite":4,"betternether:eyeball":1,"betternether:sepia_bone_grass":1,"minecraft:crimson_nylium":6,"minecraft:soul_fire":1,"minecraft:blue_stained_glass":198,"betternether:cincinnasite_pot":14,"minecraft:torch":2,"minecraft:spruce_wall_sign":4,"minecraft:glass":1,"minecraft:sugar_cane":37,"minecraft:skeleton_skull":1,"sophisticatedbackpacks:diamond_backpack":1,"minecraft:wheat":86,"betternether:soul_grass":2,"betternether:egg_plant":3,"minecraft:grass":137,"minecraft:deepslate":895,"minecraft:yellow_terracotta":27,"betternether:cincinnasite_forge":1,"betternether:nether_reed_stairs":1,"betternether:bone_grass":3,"minecraft:sea_lantern":8,"minecraft:nether_bricks":8,"minecraft:jungle_planks":2,"minecraft:crimson_roots":2,"betternether:stalagnate_roof":4,"betternether:cincinnasite_bars":1,"minecraft:potted_bamboo":6,"betternether:smoker":1,"betternether:cincinnasite_wall":39,"betternether:wall_mushroom_brown":3,"minecraft:andesite":25,"betternether:quartz_glass_framed_pane":10,"betternether:pig_statue_respawner":5,"minecraft:vine":44,"minecraft:rail":49,"minecraft:bamboo_sapling":2,"minecraft:bamboo":33,"minecraft:bone_block":1,"minecraft:white_wool":11,"betternether:netherrack_moss":9,"gravestones:gravestone":11,"minecraft:glass_pane":12,"minecraft:dandelion":1,"betternether:rubeus_bark":33,"betternether:bone_wall":11,"minecraft:emerald_ore":5,"betternether:gray_mold":3,"minecraft:warped_roots":2,"minecraft:tall_grass":25,"betternether:bone_stairs":1,"minecraft:copper_ore":47,"minecraft:deepslate_gold_ore":16,"betternether:anchor_tree_bark":1,"minecraft:diorite":27,"betternether:bone_slab":10,"minecraft:red_terracotta":14,"betternether:jungle_plant":2,"minecraft:white_carpet":3,"minecraft:red_wall_banner":1,"betternether:wall_mushroom_red":2,"betternether:bone_tile":26,"minecraft:gravel":110,"minecraft:cobweb":19,"minecraft:acacia_planks":20,"minecraft:stone_bricks":1,"minecraft:polished_blackstone":3,"minecraft:fern":2,"betternether:netherrack_furnace":2,"betternether:nether_reed_stem":1,"minecraft:cobblestone_stairs":26,"minecraft:brewing_stand":1,"minecraft:grass_block":12,"minecraft:cracked_polished_blackstone_bricks":7,"betternether:nether_brick_wall":2,"betternether:sepia_mushroom_grass":4,"betternether:cincinnasite_ore":45,"minecraft:raw_iron_block":1,"minecraft:iron_ore":172,"minecraft:anvil":2,"betternether:nether_reed_roof":12,"betternether:jellyfish_mushroom":4,"betternether:wart_seed":2,"minecraft:deepslate_redstone_ore":23,"minecraft:blackstone":7,"minecraft:twisting_vines_plant":3,"minecraft:orange_terracotta":50,"betternether:blue_obsidian_glass":7,"minecraft:poppy":2,"minecraft:chest":1,"betternether:cincinnasite_forged":42,"minecraft:nether_quartz_ore":78,"minecraft:cobblestone":10,"minecraft:oak_planks":6,"betternether:nether_ruby_ore":15,"minecraft:wall_torch":10,"minecraft:warped_nylium":15,"betternether:mushroom_fir_trunk":1,"minecraft:birch_log":3,"betternether:neon_equisetum":1,"betternether:nether_mushroom_trapdoor":12,"minecraft:oak_log":70,"minecraft:acacia_fence":7,"minecraft:sand":1,"minecraft:dirt":28,"minecraft:netherrack":5170,"minecraft:ancient_debris":1,"minecraft:oak_leaves":29,"minecraft:nether_gold_ore":32,"minecraft:crying_obsidian":1,"minecraft:red_carpet":6,"minecraft:tuff":78,"minecraft:deepslate_diamond_ore":64,"minecraft:glow_lichen":1,"minecraft:stone_button":2,"minecraft:acacia_slab":92,"minecraft:cracked_nether_bricks":1,"minecraft:hay_block":194,"minecraft:furnace":1,"minecraft:carrots":7,"betternether:bone_stalactite":2,"minecraft:acacia_stairs":7,"betternether:stalagnate_trapdoor":3,"minecraft:gold_block":7,"minecraft:bookshelf":35,"minecraft:deepslate_iron_ore":6,"minecraft:lantern":2,"betternether:nether_lapis_ore":8,"minecraft:stone":922,"betternether:nether_reed_planks":14,"minecraft:acacia_leaves":25,"betternether:cincinnasite_lantern":14,"minecraft:oak_fence":1,"minecraft:crafting_table":8,"minecraft:honey_block":15,"betternether:mushroom_grass":16,"betternether:rubeus_log":1,"minecraft:lime_carpet":4,"minecraft:lectern":9,"minecraft:deepslate_coal_ore":1,"betternether:rubeus_leaves":1,"minecraft:sculk":5,"betternether:blue_obsidian":4,"betternether:cincinnasite_lantern_small":16,"minecraft:coal_ore":107,"betternether:nether_cactus":1},"minecraft:killed_by":{"minecraft:magma_cube":1,"minecraft:zombie":1,"betternether:hydrogen_jellyfish":1,"minecraft:wither_skeleton":3,"minecraft:creeper":1,"minecraft:player":2},"minecraft:broken":{"minecraft:iron_boots":1,"minecraft:shield":1,"minecraft:iron_axe":3,"minecraft:iron_helmet":2,"minecraft:stone_axe":1,"minecraft:wooden_axe":2},"minecraft:used":{"minecraft:poppy":6,"minecraft:chest":26,"minecraft:stone":13,"minecraft:rotten_flesh":5,"minecraft:acacia_sapling":24,"minecraft:lava_bucket":4,"minecraft:villager_spawn_egg":2,"minecraft:grass_block":1,"betternether:cincinnasite_bars":1,"minecraft:bow":7,"minecraft:furnace":1,"minecraft:acacia_fence":4,"minecraft:egg":10,"betternether:cincinnasite_pedestal":9,"betternether:cincinnasite_boots":1,"minecraft:acacia_trapdoor":2,"minecraft:wooden_pickaxe":30,"minecraft:golden_apple":4,"minecraft:crying_obsidian":1,"minecraft:lectern":11,"betternether:quartz_glass_framed_pane":3,"betternether:cincinnasite_wall":39,"minecraft:diamond_sword":560,"minecraft:enchanting_table":1,"minecraft:acacia_log":214,"betternether:nether_brick_wall":1,"minecraft:netherrack":775,"minecraft:torch":94,"minecraft:brewing_stand":2,"minecraft:anvil":27,"betternether:cincinnasite_fire_bowl":3,"minecraft:nether_brick_stairs":2,"minecraft:iron_axe":1033,"minecraft:jungle_log":4,"betternether:cincinnasite_lantern_small":18,"minecraft:bamboo":243,"minecraft:diamond_chestplate":1,"minecraft:beef":13,"minecraft:acacia_planks":75,"minecraft:cobbled_deepslate":287,"minecraft:orange_terracotta":20,"minecraft:water_bucket":56,"minecraft:fletching_table":3,"minecraft:polished_blackstone_bricks":3,"betternether:flaming_ruby_boots":1,"minecraft:rail":65,"minecraft:crafting_table":24,"minecraft:white_bed":1,"minecraft:ender_eye":32,"minecraft:iron_pickaxe":287,"minecraft:cobblestone":160,"minecraft:diamond_leggings":1,"minecraft:red_sand":1,"minecraft:iron_shovel":94,"minecraft:diamond_hoe":198,"betternether:flaming_ruby_pickaxe":8176,"minecraft:shield":46,"betternether:lumabus_seed":1,"minecraft:zombie_spawn_egg":2,"minecraft:grass":2,"minecraft:mutton":3,"minecraft:jungle_planks":104,"minecraft:nether_bricks":2,"minecraft:carrot":29,"minecraft:tuff":1,"betternether:flaming_ruby_sword":213,"minecraft:obsidian":1,"betternether:jellyfish_mushroom_sapling":1,"sophisticatedbackpacks:diamond_backpack":1,"betternether:anchor_tree_planks":4,"minecraft:iron_helmet":2,"betternether:bone_wall":10,"betternether:flaming_ruby_axe":684,"betternether:cincinnasite_pot":14,"betternether:flaming_ruby_chestplate":1,"minecraft:stone_pickaxe":16,"minecraft:oak_planks":56,"minecraft:ender_pearl":1,"minecraft:sugar_cane":1,"minecraft:white_wool":3,"minecraft:yellow_terracotta":1,"betternether:nether_ruby_leggings":1,"minecraft:shears":11,"betternether:pig_statue_respawner":5,"minecraft:lime_carpet":3,"minecraft:bread":439,"minecraft:gravel":107,"betternether:flaming_ruby_helmet":1,"betternether:nether_ruby_chestplate":1,"minecraft:experience_bottle":2,"betternether:bone_slab":1,"minecraft:flint_and_steel":1,"minecraft:dirt":45,"minecraft:granite":9,"minecraft:wooden_axe":164,"minecraft:bookshelf":20,"betternether:willow_door":1,"gravestones:gravestone":11,"betternether:nether_mushroom_trapdoor":12,"betternether:cincinnasite_lantern":10,"minecraft:acacia_slab":432,"minecraft:iron_boots":2,"betternether:bone_tile":3,"betternether:flaming_ruby_leggings":1,"minecraft:acacia_boat":1,"betternether:bone_reed_door":1,"minecraft:wooden_hoe":24,"minecraft:acacia_stairs":46,"minecraft:apple":2,"minecraft:stone_axe":85,"minecraft:bucket":59},"minecraft:killed":{"minecraft:cave_spider":2,"betternether:skull":2,"betternether:firefly":4,"minecraft:skeleton":26,"minecraft:chicken":1,"minecraft:magma_cube":18,"minecraft:iron_golem":3,"minecraft:zombie":34,"minecraft:cow":11,"minecraft:spider":10,"minecraft:piglin_brute":3,"artifacts:mimic":1,"betternether:hydrogen_jellyfish":1,"minecraft:piglin":6,"minecraft:zombie_villager":2,"minecraft:creeper":1,"minecraft:sheep":4,"minecraft:blaze":18,"betternether:naga":4,"minecraft:hoglin":1,"minecraft:wither_skeleton":63,"minecraft:player":2,"minecraft:villager":2},"minecraft:custom":{"minecraft:interact_with_crafting_table":86,"minecraft:open_barrel":64,"minecraft:eat_cake_slice":2,"minecraft:leave_game":20,"minecraft:time_since_death":116037,"minecraft:damage_blocked_by_shield":2242,"minecraft:play_time":1110361,"minecraft:deaths":14,"minecraft:jump":13289,"minecraft:interact_with_furnace":19,"minecraft:traded_with_villager":248,"minecraft:sleep_in_bed":11,"minecraft:waystone_activated":2,"minecraft:damage_dealt":39205,"minecraft:interact_with_smoker":2,"minecraft:inspect_dispenser":17,"minecraft:horse_one_cm":315,"minecraft:interact_with_smithing_table":1,"minecraft:interact_with_anvil":9,"minecraft:sneak_time":44719,"minecraft:interact_with_blast_furnace":1,"minecraft:total_world_time":1110361,"minecraft:time_since_rest":40213,"minecraft:swim_one_cm":7183,"minecraft:fly_one_cm":3256924,"minecraft:open_chest":270,"minecraft:fall_one_cm":358567,"minecraft:sprint_one_cm":2800813,"minecraft:drop":370,"minecraft:talked_to_villager":70,"minecraft:interact_with_brewingstand":4,"minecraft:walk_on_water_one_cm":27819,"minecraft:player_kills":2,"minecraft:crouch_one_cm":132019,"minecraft:mob_kills":224,"minecraft:climb_one_cm":25228,"minecraft:walk_one_cm":1258081,"minecraft:walk_under_water_one_cm":7197,"minecraft:boat_one_cm":71611,"minecraft:damage_taken":23218,"minecraft:damage_absorbed":140,"minecraft:trigger_trapped_chest":1},"minecraft:crafted":{"minecraft:blaze_powder":26,"minecraft:bookshelf":23,"minecraft:diamond_helmet":1,"minecraft:diamond_leggings":2,"minecraft:emerald":225,"minecraft:acacia_slab":486,"minecraft:fletching_table":6,"minecraft:lectern":6,"minecraft:wooden_hoe":1,"minecraft:iron_pickaxe":1,"minecraft:iron_block":115,"minecraft:gold_ingot":9,"minecraft:netherite_ingot":90,"betternether:anchor_tree_planks":8,"minecraft:diamond_hoe":1,"sophisticatedbackpacks:stack_upgrade_tier_1":1,"minecraft:bone_meal":36,"betternether:black_apple_seed":8,"minecraft:ender_pearl":18,"minecraft:stone_pickaxe":1,"minecraft:diamond_boots":1,"minecraft:wheat":993,"minecraft:acacia_trapdoor":10,"sophisticatedbackpacks:gold_backpack":1,"minecraft:acacia_stairs":76,"minecraft:glowstone":8,"minecraft:enchanted_book":3,"minecraft:wooden_axe":6,"minecraft:iron_shovel":1,"minecraft:white_bed":1,"minecraft:iron_boots":1,"betternether:cincinnasite_ingot":256,"minecraft:chest":31,"minecraft:copper_block":44,"minecraft:netherite_upgrade_smithing_template":20,"minecraft:ender_eye":18,"sophisticatedbackpacks:backpack":1,"minecraft:crafting_table":20,"minecraft:wooden_pickaxe":1,"minecraft:iron_helmet":1,"minecraft:brewing_stand":1,"sophisticatedbackpacks:upgrade_base":1,"minecraft:emerald_block":10,"minecraft:shield":2,"minecraft:stick":5745,"sophisticatedbackpacks:diamond_backpack":1,"minecraft:iron_ingot":50,"minecraft:redstone":48,"minecraft:furnace":1,"minecraft:flint_and_steel":2,"minecraft:iron_axe":5,"minecraft:minecart":16,"sophisticatedbackpacks:iron_backpack":1,"minecraft:diamond_sword":1,"minecraft:stone_axe":1,"minecraft:bread":343,"minecraft:acacia_boat":1,"minecraft:air":0,"minecraft:jungle_planks":2764,"minecraft:anvil":25,"minecraft:acacia_planks":1292,"minecraft:torch":120,"minecraft:lapis_lazuli":15,"minecraft:diamond_chestplate":2},"minecraft:picked_up":{"minecraft:wooden_axe":1,"minecraft:iron_chestplate":1,"minecraft:flower_pot":6,"minecraft:anvil":2,"betternether:lumabus_seed":10,"minecraft:enchanted_book":2,"minecraft:brewing_stand":1,"betternether:agave":13,"minecraft:polished_blackstone_brick_stairs":2,"minecraft:string":39,"minecraft:red_nether_bricks":1,"minecraft:cobbled_deepslate":709,"minecraft:gold_nugget":50,"betternether:quartz_glass_framed_pane":10,"minecraft:acacia_log":549,"betternether:bone_wall":11,"betternether:cincinnasite":2,"minecraft:brown_carpet":4,"minecraft:stone_sword":2,"minecraft:lime_carpet":39,"betternether:nether_ruby_ore":11,"minecraft:blaze_rod":4,"minecraft:birch_log":1,"minecraft:magma_block":10,"minecraft:feather":9,"betternether:jungle_moss":9,"minecraft:water_bucket":1,"minecraft:jungle_log":701,"minecraft:flint":15,"minecraft:map":3,"minecraft:lantern":3,"minecraft:twisting_vines":4,"minecraft:glowstone_dust":5,"betternether:smoker":3,"betternether:wall_moss":5,"sophisticatedbackpacks:iron_backpack":1,"minecraft:acacia_stairs":7,"minecraft:red_terracotta":11,"betternether:cincinnasite_lantern":14,"minecraft:granite":27,"minecraft:bread":62,"minecraft:crimson_roots":2,"minecraft:diamond_pickaxe":1,"minecraft:crafting_table":10,"betternether:bone_slab":5,"betternether:bone_reed_door":1,"minecraft:cornflower":1,"minecraft:netherite_scrap":1,"minecraft:white_carpet":4,"minecraft:iron_shovel":1,"minecraft:glass_pane":14,"minecraft:cartography_table":1,"minecraft:beef":20,"minecraft:jungle_sapling":41,"minecraft:poppy":7,"minecraft:minecart":8,"betternether:netherrack_stalactite":4,"minecraft:chest":1,"minecraft:diamond_hoe":1,"minecraft:egg":10,"minecraft:stone":416,"artifacts:charm_of_sinking":1,"sophisticatedbackpacks:backpack":1,"betternether:nether_reed_planks":15,"betternether:nether_ruby":1,"minecraft:carrot":29,"minecraft:redstone":127,"minecraft:prismarine_crystals":20,"betternether:anchor_tree_log":2,"minecraft:hay_block":195,"minecraft:yellow_terracotta":22,"minecraft:gold_ingot":106,"gravestones:gravestone":11,"minecraft:mutton":6,"minecraft:rail":109,"minecraft:bone_block":1,"minecraft:white_wool":36,"betternether:flaming_ruby_pickaxe":1,"minecraft:red_mushroom":3,"betternether:cincinnasite_pot":14,"minecraft:oak_log":65,"betternether:nether_cactus":2,"betternether:nether_mushroom_trapdoor":12,"minecraft:stone_bricks":1,"minecraft:apple":2,"betternether:jellyfish_mushroom_sapling":17,"betternether:anchor_tree_bark":1,"betternether:soul_grass":1,"betternether:bone_tile":19,"minecraft:gravel":114,"betternether:cincinnasite_forged":38,"betternether:cincinnasite_ingot":69,"minecraft:slime_ball":3,"minecraft:warped_roots":1,"minecraft:brown_banner":15,"minecraft:warped_nylium":1,"minecraft:ender_pearl":1,"minecraft:wheat":106,"betternether:flaming_ruby_hoe":2,"artifacts:umbrella":1,"betternether:pig_statue_respawner":5,"betternether:bone_block":7,"minecraft:raw_copper":3,"betternether:blue_obsidian":4,"betternether:cincinnasite_wall":39,"minecraft:iron_leggings":1,"minecraft:experience_bottle":2,"betternether:netherrack_furnace":2,"minecraft:oak_sign":2,"minecraft:red_sand":1,"minecraft:ender_eye":7,"minecraft:iron_pickaxe":3,"minecraft:furnace":1,"minecraft:iron_boots":2,"minecraft:stick":135,"betternether:black_apple_seed":8,"minecraft:acacia_fence":6,"minecraft:oak_fence":1,"minecraft:torch":28,"minecraft:porkchop":2,"minecraft:diorite":27,"betternether:lapis_pile":28,"minecraft:rotten_flesh":31,"betternether:cincinnasite_lantern_small":20,"betternether:stalagnate_roof":4,"sophisticatedbackpacks:advanced_tool_swapper_upgrade":1,"betternether:mushroom_fir_sapling":10,"minecraft:obsidian":1,"betternether:cincinnasite_bars":2,"minecraft:cobblestone":504,"minecraft:enchanting_table":1,"betternether:glowstone_pile":10,"minecraft:magma_cream":1,"betternether:sepia_bone_grass":1,"minecraft:andesite":25,"betternether:stalagnate_trapdoor":2,"minecraft:tuff":88,"betternether:wart_seed":3,"minecraft:wither_skeleton_skull":1,"minecraft:dirt":69,"minecraft:lapis_lazuli":17,"minecraft:name_tag":1,"minecraft:bone":74,"minecraft:acacia_planks":34,"minecraft:bow":3,"minecraft:wheat_seeds":316,"minecraft:raw_gold":10,"minecraft:fletching_table":1,"minecraft:bamboo":367,"minecraft:oak_planks":102,"minecraft:jungle_planks":2,"minecraft:sand":1,"minecraft:nether_brick_stairs":2,"minecraft:grass_block":1,"minecraft:sugar":1,"minecraft:diamond":138,"minecraft:cracked_polished_blackstone_bricks":6,"minecraft:grass":2,"minecraft:spruce_sign":12,"minecraft:emerald":12,"minecraft:oak_sapling":23,"minecraft:netherrack":3016,"minecraft:cocoa_beans":7,"minecraft:charcoal":2,"minecraft:chicken":1,"minecraft:wooden_pickaxe":1,"minecraft:gold_block":7,"betternether:nether_reed_stairs":1,"minecraft:iron_axe":1,"minecraft:item_frame":12,"artifacts:fire_gauntlet":1,"minecraft:blackstone":6,"minecraft:lectern":9,"minecraft:sugar_cane":70,"betternether:rubeus_bark":14,"betternether:willow_door":1,"minecraft:raw_iron":24,"betternether:nether_brick_wall":2,"betternether:wall_mushroom_red":6,"minecraft:copper_ingot":402,"minecraft:polished_blackstone_bricks":10,"minecraft:stone_button":2,"betternether:mushroom_fir_stem":3,"betternether:nether_mushroom_plate":1,"minecraft:arrow":23,"minecraft:nether_bricks":8,"betternether:cincinnasite_fire_bowl":3,"minecraft:skeleton_skull":1,"minecraft:leather":10,"betternether:wall_mushroom_brown":4,"minecraft:gunpowder":12,"minecraft:cobblestone_stairs":26,"betternether:cincinnasite_pedestal":10,"minecraft:orange_terracotta":36,"minecraft:red_carpet":6,"minecraft:iron_ingot":416,"minecraft:acacia_sapling":116,"sophisticatedbackpacks:diamond_backpack":1,"minecraft:book":87,"minecraft:warped_fungus":2,"minecraft:quartz":29,"minecraft:dandelion":1,"minecraft:raw_iron_block":1,"minecraft:red_banner":7,"minecraft:spider_eye":3,"betternether:nether_mushroom_stem":6,"betternether:cincinnasite_forge":1,"minecraft:honey_block":15,"minecraft:iron_helmet":1,"minecraft:acacia_slab":98,"betternether:nether_lapis_ore":2,"minecraft:coal":236,"betternether:nether_reed_roof":14}},"DataVersion":3465}