{"stats":{"minecraft:broken":{"minecraft:stone_axe":1,"minecraft:wooden_axe":2},"minecraft:killed":{"minecraft:spider":1,"minecraft:iron_golem":1,"minecraft:sheep":1,"minecraft:skeleton":2,"minecraft:zombie":4,"minecraft:cow":10},"minecraft:mined":{"minecraft:tuff":2,"minecraft:acacia_leaves":1,"minecraft:deepslate_diamond_ore":5,"minecraft:blue_stained_glass":2,"minecraft:crafting_table":3,"minecraft:torch":1,"minecraft:acacia_log":12,"minecraft:grass_block":1,"minecraft:jungle_planks":2,"minecraft:jungle_log":48,"minecraft:tall_grass":3,"minecraft:copper_ore":1,"minecraft:deepslate_gold_ore":10,"minecraft:sugar_cane":1,"minecraft:wall_torch":1,"minecraft:birch_log":3,"minecraft:grass":11,"minecraft:deepslate_iron_ore":1,"minecraft:oak_log":70,"minecraft:coal_ore":15,"minecraft:vine":8,"minecraft:gravel":3,"minecraft:dirt":4,"minecraft:acacia_planks":3,"minecraft:stone":23,"minecraft:white_wool":11,"minecraft:deepslate":5,"minecraft:fern":2},"minecraft:picked_up":{"minecraft:birch_log":1,"minecraft:cocoa_beans":7,"minecraft:crafting_table":3,"minecraft:wheat":4,"minecraft:jungle_log":47,"minecraft:leather":8,"minecraft:wooden_pickaxe":1,"minecraft:tuff":1,"minecraft:oak_log":65,"minecraft:string":7,"minecraft:dirt":5,"minecraft:lantern":1,"minecraft:raw_copper":2,"minecraft:bone":1,"minecraft:acacia_planks":3,"minecraft:apple":2,"minecraft:bow":1,"minecraft:wheat_seeds":18,"minecraft:cobbled_deepslate":3,"minecraft:raw_gold":10,"minecraft:beef":19,"minecraft:iron_ingot":5,"minecraft:jungle_sapling":4,"minecraft:iron_pickaxe":1,"minecraft:poppy":2,"minecraft:sugar_cane":1,"minecraft:acacia_sapling":4,"minecraft:raw_iron":1,"minecraft:stick":28,"minecraft:torch":2,"minecraft:acacia_log":12,"minecraft:gravel":3,"minecraft:jungle_planks":2,"minecraft:brown_carpet":4,"minecraft:arrow":1,"minecraft:rotten_flesh":9,"minecraft:diamond":5,"minecraft:grass":2,"minecraft:spruce_sign":1,"minecraft:bread":7,"minecraft:oak_sapling":23,"minecraft:mutton":2,"minecraft:white_wool":33,"minecraft:coal":15,"minecraft:cobblestone":20},"minecraft:used":{"minecraft:acacia_log":4,"minecraft:stone_pickaxe":16,"minecraft:poppy":2,"minecraft:wooden_pickaxe":30,"minecraft:sugar_cane":1,"minecraft:grass":2,"minecraft:rotten_flesh":2,"minecraft:white_wool":3,"minecraft:torch":13,"minecraft:mutton":2,"minecraft:crafting_table":6,"minecraft:jungle_planks":100,"minecraft:white_bed":1,"minecraft:tuff":1,"minecraft:shears":11,"minecraft:wooden_axe":137,"minecraft:apple":2,"minecraft:bread":31,"minecraft:iron_pickaxe":28,"minecraft:stone_axe":85,"minecraft:cobblestone":13,"minecraft:beef":4,"minecraft:cobbled_deepslate":1,"minecraft:acacia_planks":4},"minecraft:dropped":{"minecraft:spruce_sign":1,"minecraft:bread":7,"minecraft:wheat_seeds":16,"minecraft:oak_log":1,"minecraft:rotten_flesh":18,"minecraft:leather":1,"minecraft:acacia_sapling":4,"minecraft:brown_carpet":4,"minecraft:wooden_pickaxe":2,"minecraft:iron_pickaxe":1},"minecraft:custom":{"minecraft:mob_kills":21,"minecraft:interact_with_crafting_table":11,"minecraft:eat_cake_slice":2,"minecraft:sleep_in_bed":2,"minecraft:leave_game":3,"minecraft:time_since_death":161726,"minecraft:climb_one_cm":1993,"minecraft:time_since_rest":16064,"minecraft:sprint_one_cm":252339,"minecraft:damage_taken":1575,"minecraft:walk_one_cm":89490,"minecraft:drop":35,"minecraft:damage_dealt":3822,"minecraft:fly_one_cm":269328,"minecraft:open_chest":30,"minecraft:crouch_one_cm":9723,"minecraft:play_time":161726,"minecraft:sneak_time":3023,"minecraft:jump":1353,"minecraft:interact_with_brewingstand":2,"minecraft:total_world_time":161726,"minecraft:fall_one_cm":40584,"minecraft:inspect_dispenser":1},"minecraft:crafted":{"minecraft:diamond_sword":1,"sophisticatedbackpacks:backpack":1,"minecraft:crafting_table":4,"minecraft:wooden_pickaxe":1,"minecraft:stone_axe":1,"minecraft:jungle_planks":188,"minecraft:stick":16,"minecraft:iron_pickaxe":1,"minecraft:stone_pickaxe":1,"minecraft:wooden_axe":5,"minecraft:chest":1,"minecraft:white_bed":1,"minecraft:acacia_planks":32,"minecraft:torch":44}},"DataVersion":3465}