{"stats":{"minecraft:mined":{"minecraft:dragon_wall_head":1,"betternether:cincinnasite_pedestal":11,"betternether:bone_block":11,"betterend:amber_moss":1,"minecraft:jungle_leaves":9,"betterend:terminite_anvil":1,"minecraft:red_nether_bricks":3,"minecraft:obsidian":13,"minecraft:granite":27,"minecraft:acacia_log":1026,"minecraft:red_sand":1,"betternether:lumabus_vine":4,"betterend:aurora_crystal":145,"minecraft:stone_brick_wall":10,"betternether:stalagnate_planks":1,"minecraft:jungle_log":1996,"betternether:nether_mycelium":12,"minecraft:purpur_slab":1,"deeperdarker:gloomy_grass":5,"betternether:jungle_moss":2,"minecraft:oak_wall_sign":1,"minecraft:nether_wart":1,"minecraft:chiseled_stone_bricks":12,"minecraft:spawner":7,"minecraft:polished_blackstone_bricks":9,"minecraft:magma_block":30,"betternether:jungle_grass":20,"minecraft:cobbled_deepslate":21,"minecraft:fire":9,"minecraft:deepslate_lapis_ore":3,"minecraft:fletching_table":1,"minecraft:nether_brick_stairs":2,"minecraft:enchanting_table":1,"minecraft:dirt_path":46,"betterend:twisted_moss":5,"betternether:cincinnasite_fire_bowl":3,"minecraft:iron_block":46,"betterend:umbrella_tree_log":68,"betternether:anchor_tree_log":2,"betternether:netherrack_stalactite":4,"betternether:eyeball":1,"betterend:pink_moss":13,"betternether:sepia_bone_grass":1,"minecraft:crimson_nylium":6,"minecraft:smoker":12,"minecraft:soul_fire":1,"betterend:jungle_moss":1,"betterend:end_moss":4,"minecraft:blue_stained_glass":198,"betternether:cincinnasite_pot":14,"minecraft:torch":14,"minecraft:spruce_wall_sign":4,"minecraft:glass":2,"betterend:umbralith":1,"minecraft:sugar_cane":38,"bosses_of_mass_destruction:vine_wall":1,"minecraft:skeleton_skull":1,"sophisticatedbackpacks:diamond_backpack":1,"minecraft:wheat":86,"betternether:soul_grass":2,"betterend:dense_emerald_ice":4,"betternether:egg_plant":3,"minecraft:stone_brick_stairs":116,"minecraft:grass":711,"betterend:terminite_bulb_lantern_pink":1,"minecraft:deepslate":895,"minecraft:yellow_terracotta":27,"betternether:cincinnasite_forge":1,"betternether:nether_reed_stairs":3,"betternether:bone_grass":3,"minecraft:sea_lantern":8,"minecraft:end_stone":152,"betterend:lumecorn":1,"minecraft:nether_bricks":8,"minecraft:jungle_planks":4,"minecraft:crimson_roots":2,"minecraft:redstone_wire":2,"betternether:stalagnate_roof":9,"betternether:cincinnasite_bars":1,"minecraft:potted_bamboo":6,"minecraft:moss_block":1,"minecraft:magenta_stained_glass_pane":2,"betternether:smoker":1,"bosses_of_mass_destruction:void_blossom":11,"minecraft:jungle_sapling":1,"betternether:cincinnasite_wall":39,"minecraft:andesite":29,"betternether:wall_mushroom_brown":3,"betterend:lamellarium":1,"betternether:quartz_glass_framed_pane":11,"betternether:pig_statue_respawner":5,"minecraft:vine":117,"minecraft:rail":115,"betterend:ancient_emerald_ice":6,"minecraft:bamboo_sapling":2,"minecraft:bamboo":33,"minecraft:bone_block":1,"minecraft:white_wool":11,"betterend:dragon_tree_planks":1,"minecraft:smithing_table":1,"gravestones:gravestone":12,"betternether:netherrack_moss":9,"minecraft:redstone_block":3,"betterend:lacugrove_bookshelf":2,"minecraft:glass_pane":12,"minecraft:soul_sand":16,"betternether:cincinnasite_stairs":2,"betterend:tenanea_log":1,"minecraft:dandelion":1,"betternether:rubeus_bark":33,"betternether:bone_wall":11,"minecraft:emerald_ore":5,"betternether:gray_mold":3,"minecraft:warped_roots":2,"minecraft:copper_ore":49,"betternether:bone_stairs":1,"minecraft:tall_grass":60,"minecraft:deepslate_gold_ore":16,"betternether:anchor_tree_bark":1,"minecraft:diorite":27,"betternether:bone_slab":11,"betterend:flavolite_stairs":2,"minecraft:red_terracotta":16,"betterend:azure_jadestone_bricks":3,"betternether:jungle_plant":2,"minecraft:white_carpet":3,"betterend:terminite_chandelier":1,"betterend:orango":1,"minecraft:red_wall_banner":1,"betternether:wall_mushroom_red":2,"betternether:bone_tile":26,"betterend:lucernia_leaves":6,"betterend:rutiscus":2,"minecraft:gravel":114,"minecraft:cobweb":19,"minecraft:acacia_planks":38,"minecraft:polished_blackstone":3,"minecraft:stone_bricks":14,"minecraft:fern":2,"betternether:netherrack_furnace":2,"betternether:mushroom_fir_stem":1,"betternether:nether_reed_stem":1,"minecraft:cobblestone_stairs":26,"minecraft:brewing_stand":1,"betterend:murkweed":2,"minecraft:spruce_trapdoor":2,"minecraft:grass_block":4639,"minecraft:cracked_polished_blackstone_bricks":7,"betternether:nether_brick_wall":2,"betternether:sepia_mushroom_grass":4,"betternether:cincinnasite_ore":45,"minecraft:raw_iron_block":1,"betterend:ruscus":1,"minecraft:iron_ore":196,"minecraft:anvil":2,"betterend:tenanea_leaves":3,"betternether:nether_reed_roof":12,"betternether:jellyfish_mushroom":4,"betternether:wart_seed":2,"betterend:helix_tree_bark":5,"betternether:nether_mushroom_planks":1,"betterend:shadow_plant":1,"minecraft:end_stone_bricks":2,"minecraft:deepslate_redstone_ore":23,"betterend:tenanea_outer_leaves":14,"betterend:tail_moss":1,"betterend:pallidium_heavy":4,"betterend:violecite_lantern":1,"minecraft:blackstone":7,"minecraft:twisting_vines_plant":3,"minecraft:orange_terracotta":50,"minecraft:purpur_stairs":1,"betterend:sulphuric_rock_polished":2,"betterend:neon_cactus":1,"betterend:thallasium_ore":29,"deeperdarker:gloomslate_gold_ore":2,"betternether:blue_obsidian_glass":7,"betterend:pallidium_full":3,"minecraft:poppy":2,"minecraft:chest":1,"betternether:cincinnasite_forged":42,"minecraft:nether_quartz_ore":78,"minecraft:cobblestone":11,"minecraft:oak_planks":36,"betternether:nether_ruby_ore":15,"minecraft:wall_torch":20,"minecraft:warped_nylium":15,"minecraft:acacia_sapling":2,"betternether:mushroom_fir_trunk":1,"minecraft:birch_log":18,"betternether:neon_equisetum":1,"betternether:nether_mushroom_trapdoor":12,"minecraft:purpur_block":17,"betterend:helix_tree_log":1,"minecraft:oak_log":675,"minecraft:acacia_fence":7,"minecraft:sand":13,"minecraft:dirt":591,"betterend:tenanea_flowers":3,"betterend:flavolite":9,"minecraft:netherrack":5213,"minecraft:ancient_debris":1,"minecraft:oak_leaves":58,"minecraft:nether_gold_ore":32,"minecraft:crying_obsidian":2,"minecraft:red_carpet":6,"minecraft:tuff":78,"minecraft:deepslate_diamond_ore":64,"betterend:aeridium":2,"minecraft:glow_lichen":1,"betterend:glowing_pillar_roots":3,"minecraft:stone_button":3,"minecraft:acacia_slab":111,"minecraft:cracked_nether_bricks":1,"betterend:shadow_grass":6,"deeperdarker:gloomy_sculk":1470,"minecraft:hay_block":194,"minecraft:furnace":1,"minecraft:carrots":7,"betternether:bone_stalactite":2,"minecraft:acacia_stairs":7,"betternether:stalagnate_trapdoor":3,"betternether:nether_reed_taburet":2,"minecraft:gold_block":7,"betterend:lacugrove_log":3,"minecraft:bookshelf":66,"minecraft:deepslate_iron_ore":6,"minecraft:lantern":7,"minecraft:stripped_jungle_log":1,"betternether:nether_lapis_ore":8,"minecraft:chorus_plant":2,"minecraft:stone":3671,"betternether:nether_reed_planks":22,"minecraft:acacia_leaves":35,"betternether:cincinnasite_lantern":14,"minecraft:oak_fence":1,"minecraft:crafting_table":9,"minecraft:honey_block":15,"betternether:mushroom_grass":16,"betternether:rubeus_log":1,"betterend:twisted_umbrella_moss_tall":6,"minecraft:lime_carpet":4,"minecraft:lectern":9,"minecraft:deepslate_coal_ore":1,"betterend:chorus_nylium":2,"betternether:rubeus_leaves":1,"betterend:small_amaranita_mushroom":1,"minecraft:sculk":5,"betterend:bulb_vine":2,"minecraft:redstone_torch":1,"betternether:blue_obsidian":4,"betternether:cincinnasite_lantern_small":16,"betterend:lucernia_outer_leaves":20,"betterend:tenanea_bark":109,"minecraft:coal_ore":110,"betterend:bolux_mushroom":1,"minecraft:end_rod":1,"betterend:iron_bulb_lantern_brown":1,"betternether:nether_cactus":1,"deeperdarker:gloomy_geyser":2},"minecraft:killed_by":{"minecraft:magma_cube":1,"minecraft:zombie":1,"minecraft:ender_dragon":2,"betternether:hydrogen_jellyfish":1,"minecraft:wither_skeleton":4,"minecraft:creeper":1,"minecraft:player":2},"minecraft:custom":{"minecraft:interact_with_crafting_table":120,"minecraft:open_barrel":69,"minecraft:eat_cake_slice":2,"minecraft:leave_game":30,"minecraft:time_since_death":509555,"minecraft:damage_blocked_by_shield":2242,"minecraft:play_time":1782923,"minecraft:deaths":18,"minecraft:jump":19941,"minecraft:interact_with_furnace":22,"minecraft:traded_with_villager":898,"minecraft:sleep_in_bed":21,"minecraft:waystone_activated":2,"minecraft:damage_dealt":81860,"minecraft:interact_with_smoker":3,"minecraft:inspect_dispenser":26,"minecraft:horse_one_cm":315,"minecraft:interact_with_smithing_table":22,"minecraft:interact_with_anvil":50,"minecraft:sneak_time":63728,"minecraft:interact_with_blast_furnace":1,"minecraft:total_world_time":1782923,"minecraft:time_since_rest":197047,"minecraft:swim_one_cm":10930,"minecraft:fly_one_cm":5472551,"minecraft:open_chest":653,"minecraft:fall_one_cm":879027,"minecraft:damage_resisted":240,"minecraft:sprint_one_cm":4486540,"minecraft:drop":779,"minecraft:talked_to_villager":210,"minecraft:interact_with_brewingstand":6,"minecraft:walk_on_water_one_cm":31119,"minecraft:open_enderchest":1,"minecraft:interact_with_beacon":15,"minecraft:player_kills":2,"minecraft:crouch_one_cm":198416,"minecraft:mob_kills":426,"minecraft:damage_dealt_resisted":104,"minecraft:climb_one_cm":35644,"minecraft:walk_one_cm":2345648,"minecraft:walk_under_water_one_cm":8461,"minecraft:boat_one_cm":71611,"minecraft:damage_taken":30233,"minecraft:damage_absorbed":301,"minecraft:trigger_trapped_chest":1,"minecraft:aviate_one_cm":1002894},"minecraft:killed":{"minecraft:cave_spider":2,"betternether:skull":2,"betternether:firefly":5,"minecraft:shulker":3,"minecraft:skeleton":36,"minecraft:chicken":1,"minecraft:magma_cube":18,"minecraft:iron_golem":3,"minecraft:ender_dragon":1,"minecraft:pillager":2,"minecraft:zombie":70,"betterend:shadow_walker":1,"minecraft:cow":17,"minecraft:evoker":1,"minecraft:vindicator":3,"minecraft:horse":1,"betterend:end_fish":2,"betterend:cubozoa":1,"minecraft:ravager":1,"minecraft:enderman":3,"minecraft:witch":3,"minecraft:spider":18,"minecraft:wither":1,"minecraft:piglin_brute":3,"artifacts:mimic":1,"betternether:hydrogen_jellyfish":1,"minecraft:piglin":7,"minecraft:pig":1,"minecraft:zombie_villager":3,"minecraft:creeper":8,"minecraft:sheep":5,"minecraft:blaze":18,"minecraft:vex":1,"minecraft:llama":1,"betternether:naga":4,"minecraft:hoglin":1,"minecraft:wither_skeleton":159,"minecraft:player":2,"minecraft:villager":4},"minecraft:used":{"bosses_of_mass_destruction:crystal_fruit":1,"betterend:umbrella_tree_log":17,"minecraft:chest":26,"minecraft:poppy":6,"minecraft:stone":32,"minecraft:rotten_flesh":6,"minecraft:soul_sand":6,"minecraft:acacia_sapling":25,"minecraft:jungle_sapling":25,"minecraft:lava_bucket":4,"betternether:stalagnate_roof":2,"minecraft:villager_spawn_egg":2,"minecraft:grass_block":1,"minecraft:stone_brick_stairs":252,"minecraft:rabbit_stew":2,"betternether:cincinnasite_bars":1,"betterend:aeternium_boots":2,"minecraft:bow":51,"minecraft:furnace":1,"minecraft:acacia_fence":4,"minecraft:egg":16,"minecraft:dragon_head":1,"betternether:cincinnasite_pedestal":9,"betternether:cincinnasite_boots":1,"minecraft:acacia_trapdoor":2,"minecraft:wooden_pickaxe":30,"minecraft:golden_apple":4,"minecraft:crying_obsidian":1,"minecraft:stone_button":1,"minecraft:lectern":11,"betternether:quartz_glass_framed_pane":4,"minecraft:red_terracotta":2,"betternether:cincinnasite_wall":39,"minecraft:diamond_sword":560,"minecraft:smithing_table":1,"minecraft:acacia_log":221,"minecraft:enchanting_table":1,"betternether:nether_ruby_hoe":1472,"betterend:flavolite":3,"betternether:nether_brick_wall":1,"minecraft:netherrack":785,"minecraft:torch":292,"minecraft:brewing_stand":2,"minecraft:anvil":27,"betternether:cincinnasite_fire_bowl":3,"sophisticatedbackpacks:netherite_backpack":1,"minecraft:nether_brick_stairs":2,"minecraft:iron_block":508,"minecraft:iron_axe":1033,"minecraft:jungle_log":8,"betternether:cincinnasite_lantern_small":18,"minecraft:bamboo":243,"minecraft:diamond_chestplate":1,"minecraft:beef":13,"minecraft:orange_terracotta":20,"minecraft:cobbled_deepslate":314,"minecraft:acacia_planks":75,"minecraft:water_bucket":60,"minecraft:fletching_table":3,"deeperdarker:cobbled_sculk_stone":1,"minecraft:polished_blackstone_bricks":3,"betternether:flaming_ruby_boots":2,"minecraft:rail":88,"minecraft:crafting_table":25,"minecraft:white_bed":1,"minecraft:oak_log":571,"minecraft:ender_eye":40,"betternether:nether_reed_taburet":1,"minecraft:iron_pickaxe":287,"betterend:aeternium_shovel":5326,"betterend:aeternium_anvil":1,"minecraft:chiseled_stone_bricks":28,"minecraft:cobblestone":276,"minecraft:porkchop":3,"minecraft:cooked_porkchop":4,"minecraft:diamond_leggings":1,"minecraft:red_sand":1,"minecraft:iron_shovel":94,"minecraft:diamond_hoe":198,"betternether:flaming_ruby_pickaxe":11808,"minecraft:shield":46,"betternether:lumabus_seed":1,"minecraft:zombie_spawn_egg":2,"minecraft:grass":2,"minecraft:mutton":6,"betternether:nether_reed_planks":5,"minecraft:jungle_planks":104,"minecraft:nether_bricks":2,"minecraft:carrot":29,"minecraft:tuff":1,"betternether:flaming_ruby_sword":900,"minecraft:obsidian":8,"betternether:jellyfish_mushroom_sapling":1,"sophisticatedbackpacks:diamond_backpack":1,"betternether:anchor_tree_planks":4,"minecraft:lantern":52,"minecraft:iron_helmet":2,"betternether:bone_wall":10,"minecraft:stone_bricks":48,"betterend:aeternium_hammer":6,"betternether:flaming_ruby_axe":3708,"betternether:cincinnasite_pot":14,"betternether:flaming_ruby_chestplate":2,"minecraft:wither_skeleton_skull":3,"minecraft:stone_pickaxe":16,"minecraft:oak_planks":278,"minecraft:ender_pearl":2,"minecraft:redstone_block":4,"minecraft:sugar_cane":1,"minecraft:white_wool":3,"minecraft:yellow_terracotta":1,"betterend:tenanea_sapling":1,"minecraft:stone_brick_wall":107,"betternether:nether_ruby_leggings":1,"minecraft:end_stone":111,"minecraft:shears":11,"betternether:pig_statue_respawner":5,"minecraft:lime_carpet":3,"minecraft:bread":581,"minecraft:gravel":107,"betternether:flaming_ruby_helmet":2,"betternether:nether_ruby_chestplate":1,"minecraft:experience_bottle":14,"betternether:bone_slab":1,"betterend:flavolite_stairs":1,"minecraft:flint_and_steel":1,"minecraft:redstone":5,"morebows:diamond_bow":1,"minecraft:cooked_chicken":1,"minecraft:dirt":2435,"betternether:bone_block":1,"minecraft:granite":9,"minecraft:wooden_axe":164,"minecraft:bookshelf":20,"minecraft:acacia_slab":432,"betterend:terminite_anvil":1,"gravestones:gravestone":13,"betternether:willow_door":1,"betternether:nether_mushroom_trapdoor":12,"betternether:cincinnasite_lantern":10,"minecraft:iron_boots":2,"betternether:bone_tile":3,"betternether:flaming_ruby_leggings":2,"minecraft:enchanted_golden_apple":2,"minecraft:acacia_boat":1,"minecraft:beacon":1,"betternether:bone_reed_door":1,"minecraft:smoker":12,"minecraft:wooden_hoe":24,"minecraft:acacia_stairs":46,"minecraft:apple":12,"betterend:glowing_pillar_luminophor":2,"minecraft:stone_axe":85,"minecraft:bucket":62},"minecraft:crafted":{"betterend:aeternium_hammer":1,"minecraft:blaze_powder":26,"sophisticatedbackpacks:crafting_upgrade":1,"minecraft:bookshelf":23,"betterend:elytra_armored":1,"minecraft:glass":5,"minecraft:diamond_helmet":1,"minecraft:diamond_leggings":2,"minecraft:beacon":1,"betterend:aeternium_boots":1,"minecraft:emerald":623,"minecraft:cooked_porkchop":305,"minecraft:acacia_slab":486,"minecraft:fletching_table":6,"betterend:aeternium_anvil":1,"minecraft:stone_brick_stairs":148,"minecraft:lectern":6,"minecraft:wooden_hoe":1,"minecraft:iron_pickaxe":1,"minecraft:iron_block":115,"minecraft:gold_ingot":45,"minecraft:netherite_ingot":90,"betterend:terminite_boots":1,"betternether:anchor_tree_planks":8,"minecraft:rabbit_stew":91,"minecraft:iron_nugget":504,"minecraft:experience_bottle":12,"minecraft:diamond_hoe":1,"sophisticatedbackpacks:stack_upgrade_tier_1":1,"minecraft:bone_meal":36,"minecraft:lantern":63,"betternether:black_apple_seed":8,"betterend:terminite_leggings":1,"betterend:terminite_anvil":1,"minecraft:ender_pearl":30,"minecraft:stone_pickaxe":1,"minecraft:diamond_boots":1,"minecraft:redstone_block":1,"minecraft:wheat":993,"betterend:aeternium_upgrade_smithing_template":14,"minecraft:acacia_trapdoor":10,"sophisticatedbackpacks:gold_backpack":3,"minecraft:acacia_stairs":76,"minecraft:glowstone":20,"minecraft:enchanted_book":29,"minecraft:chainmail_boots":12,"minecraft:wooden_axe":6,"minecraft:iron_shovel":1,"minecraft:white_bed":1,"minecraft:oak_planks":256,"minecraft:cooked_chicken":640,"minecraft:stone_brick_slab":204,"minecraft:iron_boots":1,"betternether:cincinnasite_ingot":256,"minecraft:chest":39,"minecraft:copper_block":44,"minecraft:netherite_upgrade_smithing_template":20,"minecraft:chiseled_stone_bricks":102,"minecraft:ender_eye":18,"minecraft:stone_bricks":1000,"betterend:aeternium_chestplate":1,"sophisticatedbackpacks:backpack":3,"minecraft:crafting_table":22,"minecraft:iron_helmet":13,"minecraft:wooden_pickaxe":1,"betterend:aeternium_shovel":1,"minecraft:brewing_stand":1,"sophisticatedbackpacks:upgrade_base":2,"betterend:terminite_hammer":1,"minecraft:emerald_block":10,"minecraft:shield":2,"sophisticatedbackpacks:diamond_backpack":3,"minecraft:stick":5881,"minecraft:iron_ingot":59,"betterend:terminite_chestplate":1,"minecraft:redstone":72,"minecraft:stone_brick_wall":120,"minecraft:furnace":1,"betterend:terminite_block":6,"minecraft:flint_and_steel":2,"minecraft:iron_axe":5,"minecraft:minecart":16,"sophisticatedbackpacks:iron_backpack":3,"minecraft:diamond_sword":1,"betterend:terminite_helmet":1,"minecraft:stone_axe":1,"minecraft:air":0,"minecraft:bread":343,"minecraft:acacia_boat":1,"minecraft:jungle_planks":3024,"betterend:aeternium_helmet":1,"minecraft:anvil":25,"minecraft:acacia_planks":1328,"minecraft:torch":632,"minecraft:lapis_block":2,"minecraft:lapis_lazuli":27,"minecraft:diamond_chestplate":2},"minecraft:dropped":{"sophisticatedbackpacks:iron_backpack":1,"betternether:wall_mushroom_red":1,"minecraft:porkchop":1,"minecraft:lapis_lazuli":28,"betternether:nether_mushroom_planks":1,"minecraft:diamond":12,"minecraft:crafting_table":2,"minecraft:cooked_porkchop":241,"minecraft:glow_berries":1,"minecraft:warped_roots":1,"bosses_of_mass_destruction:crystal_fruit":1,"minecraft:fletching_table":4,"minecraft:saddle":1,"minecraft:brown_banner":15,"minecraft:elytra":4,"minecraft:rail":49,"minecraft:item_frame":10,"minecraft:red_mushroom":3,"minecraft:red_carpet":6,"minecraft:emerald":2,"minecraft:dirt":2591,"minecraft:stone_button":3,"betternether:nether_reed_taburet":1,"minecraft:jungle_sapling":85,"minecraft:bone_meal":36,"minecraft:bone_block":1,"minecraft:sugar":1,"minecraft:iron_pickaxe":2,"minecraft:white_wool":3,"minecraft:bone":28,"minecraft:sugar_cane":3,"minecraft:cooked_chicken":639,"betternether:anchor_tree_log":1,"minecraft:birch_sapling":3,"minecraft:wheat":14,"betternether:nether_reed_roof":11,"minecraft:rotten_flesh":90,"deeperdarker:sculk_gleam":1,"minecraft:oak_planks":103,"minecraft:glowstone_dust":3,"betternether:mushroom_fir_stem":3,"minecraft:azure_bluet":2,"bosses_of_mass_destruction:soul_star":1,"minecraft:jungle_log":16,"minecraft:acacia_sapling":176,"betternether:stalagnate_roof":7,"minecraft:beef":1,"minecraft:acacia_fence":2,"minecraft:egg":4,"minecraft:enchanted_book":1,"minecraft:iron_ingot":62,"morebows:diamond_bow":1,"minecraft:wheat_seeds":351,"betternether:cincinnasite_pedestal":1,"minecraft:golden_horse_armor":1,"betternether:nether_mushroom_plate":1,"minecraft:feather":2,"minecraft:iron_helmet":12,"minecraft:yellow_terracotta":11,"minecraft:cobblestone":629,"minecraft:book":1,"minecraft:apple":4,"minecraft:granite":18,"minecraft:stripped_jungle_log":1,"minecraft:coal":38,"betternether:bone_block":7,"minecraft:wooden_hoe":1,"betternether:smoker":3,"minecraft:wooden_axe":2,"minecraft:diamond_helmet":1,"minecraft:lime_carpet":25,"sophisticatedbackpacks:advanced_tool_swapper_upgrade":1,"minecraft:iron_shovel":2,"minecraft:string":28,"betterend:aeternium_boots":1,"minecraft:acacia_planks":76,"minecraft:pink_tulip":2,"betternether:bone_slab":5,"betternether:quartz_glass_framed_pane":4,"minecraft:netherite_ingot":40,"minecraft:stone_sword":2,"minecraft:bowl":2,"bosses_of_mass_destruction:void_thorn":1,"betternether:cincinnasite_bars":1,"minecraft:diamond_hoe":2,"minecraft:chicken":2,"minecraft:iron_boots":2,"deeperdarker:gloomy_cactus":6,"minecraft:name_tag":1,"betternether:cincinnasite":2,"gravestones:gravestone":1,"minecraft:nether_bricks":6,"minecraft:hay_block":32,"betternether:nether_reed_planks":6,"minecraft:flower_pot":6,"minecraft:spruce_trapdoor":2,"betternether:bone_wall":1,"betternether:bone_tile":16,"minecraft:redstone_torch":1,"minecraft:spider_eye":9,"minecraft:stone_bricks":1,"minecraft:brown_carpet":4,"minecraft:rabbit_stew":94,"minecraft:bow":1,"betternether:flaming_ruby_pickaxe":2,"minecraft:magma_block":10,"minecraft:black_wool":2,"artifacts:fire_gauntlet":1,"minecraft:spruce_sign":1,"minecraft:soul_sand":10,"minecraft:moss_block":1,"minecraft:warped_fungus":2,"minecraft:oak_log":320,"betternether:black_apple_seed":16,"minecraft:ender_pearl":4,"minecraft:netherite_upgrade_smithing_template":4,"minecraft:leather":2,"minecraft:jungle_planks":2,"betterend:azure_jadestone_bricks":3,"artifacts:vampiric_glove":1,"betternether:nether_ruby":25,"minecraft:cobblestone_stairs":26,"minecraft:flint":3,"minecraft:cracked_polished_blackstone_bricks":6,"morebows:ender_bow":1,"minecraft:jungle_button":1,"betternether:flaming_ruby_hoe":2,"minecraft:polished_blackstone_brick_stairs":2,"minecraft:cornflower":1,"minecraft:mutton":3,"minecraft:crimson_roots":2,"betternether:stalagnate_trapdoor":1,"betternether:wall_mushroom_brown":1,"betternether:cincinnasite_stairs":2,"minecraft:polished_blackstone_bricks":3,"minecraft:birch_log":10,"betternether:wall_moss":3,"minecraft:gold_ingot":65,"minecraft:gravel":5,"minecraft:blackstone":6,"betternether:jungle_moss":8,"minecraft:twisting_vines":3,"betternether:stalagnate_planks":1,"artifacts:villager_hat":1,"betternether:jellyfish_mushroom_sapling":16,"betternether:stalagnate_ladder":1,"betternether:netherrack_stalactite":4,"minecraft:carrot":66,"minecraft:poppy":769,"minecraft:gunpowder":32,"betternether:glowstone_pile":9,"minecraft:glowstone":32,"minecraft:chainmail_boots":12,"minecraft:arrow":33,"betternether:mushroom_fir_sapling":10,"minecraft:quartz":28,"minecraft:netherrack":401,"minecraft:bread":14,"minecraft:minecart":11,"minecraft:bookshelf":1,"minecraft:diamond_leggings":1,"betternether:sepia_bone_grass":1,"minecraft:copper_ingot":25,"minecraft:acacia_log":5,"minecraft:grass_block":1,"minecraft:acacia_trapdoor":8,"minecraft:stick":206,"betterend:aeternium_hammer":1,"minecraft:iron_block":64,"minecraft:diorite":13,"minecraft:torch":74,"minecraft:map":3,"minecraft:iron_axe":1,"minecraft:raw_iron_block":1,"betternether:wart_seed":3,"betternether:nether_reed_stairs":4,"minecraft:dandelion":1,"minecraft:redstone":196,"minecraft:warped_nylium":1,"betternether:soul_grass":1,"minecraft:nether_wart":5,"minecraft:tuff":55,"minecraft:raw_iron":1,"minecraft:smoker":2,"minecraft:glass_pane":14,"minecraft:red_terracotta":9,"minecraft:flint_and_steel":1,"betternether:lapis_pile":12,"minecraft:shield":1,"minecraft:diamond_chestplate":1,"minecraft:orange_terracotta":16,"minecraft:andesite":34,"minecraft:oak_sapling":54,"minecraft:golden_sword":1,"minecraft:diamond_boots":1,"betterend:lacugrove_log":3,"minecraft:wooden_pickaxe":2,"minecraft:magma_cream":1},"minecraft:picked_up":{"minecraft:wooden_axe":1,"betterend:gelatine":1,"minecraft:iron_chestplate":1,"minecraft:flower_pot":6,"minecraft:anvil":2,"minecraft:smithing_table":1,"betternether:lumabus_seed":10,"minecraft:enchanted_book":2,"betterend:tenanea_bark":40,"betterend:aeternium_hammer":1,"minecraft:brewing_stand":1,"betterend:terminite_chandelier":1,"betternether:agave":13,"minecraft:golden_sword":1,"minecraft:polished_blackstone_brick_stairs":2,"minecraft:string":50,"minecraft:red_nether_bricks":1,"minecraft:cobbled_deepslate":709,"minecraft:gold_nugget":50,"bosses_of_mass_destruction:soul_star":1,"betternether:quartz_glass_framed_pane":11,"minecraft:acacia_log":891,"betternether:bone_wall":11,"betterend:tenanea_sapling":7,"betternether:cincinnasite":2,"minecraft:brown_carpet":4,"minecraft:stone_sword":2,"minecraft:lime_carpet":39,"betternether:nether_ruby_ore":11,"minecraft:iron_block":50,"minecraft:glowstone":12,"minecraft:end_rod":1,"minecraft:blaze_rod":4,"minecraft:birch_log":11,"betterend:sulphuric_rock_polished":2,"minecraft:magma_block":10,"minecraft:feather":9,"morebows:ender_bow":2,"deeperdarker:gloomy_cactus":6,"betternether:jungle_moss":9,"betterend:umbrella_tree_log":38,"minecraft:water_bucket":1,"minecraft:jungle_log":1965,"minecraft:smoker":13,"minecraft:flint":17,"minecraft:map":3,"minecraft:lantern":10,"minecraft:twisting_vines":4,"betternether:nether_reed_taburet":2,"minecraft:glowstone_dust":6,"minecraft:moss_block":1,"betternether:smoker":3,"betterend:amber_root_raw":2,"betternether:wall_moss":5,"bosses_of_mass_destruction:crystal_fruit":3,"sophisticatedbackpacks:iron_backpack":1,"betterend:glowing_pillar_luminophor":3,"minecraft:acacia_stairs":7,"betterend:glowing_bulb":2,"minecraft:red_terracotta":13,"betterend:flavolite":4,"betternether:cincinnasite_lantern":14,"minecraft:granite":27,"minecraft:bread":68,"betterend:crystal_shards":593,"minecraft:crimson_roots":2,"minecraft:diamond_pickaxe":1,"minecraft:crafting_table":11,"betternether:bone_slab":6,"betterend:thallasium_bars":32,"minecraft:dragon_head":1,"minecraft:purpur_block":12,"betternether:bone_reed_door":1,"minecraft:cornflower":1,"minecraft:elytra":2,"minecraft:netherite_scrap":4,"minecraft:white_carpet":4,"minecraft:iron_shovel":2,"minecraft:glass_pane":14,"minecraft:cartography_table":1,"minecraft:beef":40,"betterend:lacugrove_log":3,"minecraft:jungle_sapling":120,"minecraft:poppy":7,"minecraft:minecart":18,"betterend:azure_jadestone_bricks":3,"betternether:netherrack_stalactite":4,"minecraft:chest":1,"minecraft:birch_sapling":3,"minecraft:diamond_hoe":1,"minecraft:egg":21,"minecraft:stone":2732,"artifacts:charm_of_sinking":1,"sophisticatedbackpacks:backpack":1,"bosses_of_mass_destruction:void_thorn":2,"betternether:nether_reed_planks":24,"betternether:nether_ruby":1,"minecraft:carrot":31,"minecraft:redstone":195,"minecraft:prismarine_crystals":20,"betterend:bolux_mushroom":1,"betternether:anchor_tree_log":2,"betternether:cincinnasite_stairs":2,"minecraft:hay_block":195,"minecraft:yellow_terracotta":22,"minecraft:gold_ingot":108,"minecraft:totem_of_undying":1,"gravestones:gravestone":14,"minecraft:glow_berries":1,"minecraft:mutton":9,"minecraft:white_wool":36,"minecraft:bone_block":1,"minecraft:rail":172,"betternether:flaming_ruby_pickaxe":1,"minecraft:red_mushroom":3,"minecraft:purpur_stairs":1,"betternether:cincinnasite_pot":14,"minecraft:oak_log":857,"minecraft:jungle_button":1,"minecraft:white_banner":1,"betternether:nether_cactus":2,"betternether:nether_mushroom_trapdoor":12,"minecraft:apple":16,"minecraft:stone_bricks":12,"betternether:jellyfish_mushroom_sapling":17,"betternether:anchor_tree_bark":1,"betternether:soul_grass":1,"betterend:thallasium_ingot":96,"betternether:bone_tile":19,"minecraft:gravel":118,"betterend:terminite_bulb_lantern_pink":1,"minecraft:crying_obsidian":1,"betternether:cincinnasite_forged":38,"betternether:cincinnasite_ingot":69,"minecraft:slime_ball":3,"minecraft:warped_roots":1,"minecraft:brown_banner":15,"betterend:lumecorn_rod":1,"minecraft:warped_nylium":1,"minecraft:ender_pearl":8,"minecraft:shulker_shell":1,"minecraft:wheat":106,"betternether:flaming_ruby_hoe":2,"minecraft:redstone_block":3,"artifacts:umbrella":1,"betternether:pig_statue_respawner":5,"minecraft:potion":2,"minecraft:stone_brick_stairs":113,"betternether:bone_block":8,"betternether:blue_obsidian":4,"minecraft:raw_copper":3,"betternether:cincinnasite_wall":39,"betterend:dragon_tree_planks":1,"minecraft:iron_leggings":1,"minecraft:experience_bottle":2,"betternether:netherrack_furnace":2,"minecraft:oak_sign":2,"minecraft:red_sand":1,"minecraft:redstone_torch":1,"minecraft:ender_eye":7,"minecraft:iron_pickaxe":3,"minecraft:iron_boots":3,"minecraft:furnace":1,"betterend:aeternium_boots":1,"betterend:neon_cactus":55,"minecraft:stick":388,"minecraft:acacia_fence":6,"betternether:black_apple_seed":8,"minecraft:oak_fence":1,"minecraft:torch":140,"betternether:nether_mushroom_planks":1,"betterend:lucernia_sapling":2,"betterend:end_fish_raw":2,"minecraft:porkchop":6,"minecraft:diorite":27,"betterend:violecite_lantern":1,"betternether:lapis_pile":28,"minecraft:rotten_flesh":83,"betternether:cincinnasite_lantern_small":20,"betternether:stalagnate_roof":9,"sophisticatedbackpacks:advanced_tool_swapper_upgrade":1,"betternether:mushroom_fir_sapling":10,"minecraft:obsidian":11,"betternether:cincinnasite_bars":2,"morebows:diamond_bow":1,"minecraft:cobblestone":930,"minecraft:enchanting_table":1,"deeperdarker:cobbled_sculk_stone":1,"betternether:glowstone_pile":10,"minecraft:magma_cream":1,"betternether:sepia_bone_grass":1,"minecraft:andesite":46,"betternether:stalagnate_trapdoor":2,"betterend:iron_bulb_lantern_brown":1,"minecraft:tuff":96,"betterend:lacugrove_barrel":1,"betternether:wart_seed":3,"minecraft:wither_skeleton_skull":5,"minecraft:lapis_lazuli":23,"minecraft:dirt":5173,"minecraft:name_tag":1,"minecraft:bone":358,"minecraft:acacia_planks":40,"minecraft:bow":3,"minecraft:wheat_seeds":543,"minecraft:raw_gold":10,"minecraft:fletching_table":1,"minecraft:bamboo":367,"minecraft:oak_planks":131,"betterend:umbralith":8,"minecraft:sand":13,"minecraft:jungle_planks":4,"minecraft:nether_brick_stairs":2,"minecraft:grass_block":2,"minecraft:sugar":4,"minecraft:diamond":138,"minecraft:cracked_polished_blackstone_bricks":6,"minecraft:crossbow":1,"minecraft:grass":2,"minecraft:spruce_sign":12,"minecraft:emerald":125,"minecraft:oak_sapling":133,"minecraft:netherrack":3055,"minecraft:chorus_fruit":11,"minecraft:nether_star":1,"minecraft:end_stone_bricks":1,"minecraft:cocoa_beans":7,"minecraft:charcoal":2,"minecraft:azure_bluet":2,"minecraft:chicken":2,"minecraft:rabbit_stew":5,"minecraft:wooden_pickaxe":1,"minecraft:stone_brick_wall":10,"minecraft:gold_block":7,"betternether:nether_reed_stairs":4,"minecraft:iron_axe":1,"betterend:flavolite_wall":11,"minecraft:item_frame":12,"artifacts:fire_gauntlet":1,"minecraft:blackstone":6,"betterend:terminite_anvil":1,"minecraft:lectern":9,"minecraft:sugar_cane":73,"minecraft:spruce_trapdoor":2,"betternether:rubeus_bark":14,"betternether:willow_door":1,"minecraft:raw_iron":25,"betternether:nether_brick_wall":2,"minecraft:end_stone":167,"betternether:wall_mushroom_red":6,"minecraft:copper_ingot":427,"betterend:helix_tree_bark":4,"artifacts:vampiric_glove":3,"minecraft:polished_blackstone_bricks":10,"minecraft:stone_button":4,"betternether:mushroom_fir_stem":3,"betterend:helix_tree_log":1,"betternether:nether_mushroom_plate":1,"minecraft:arrow":46,"deeperdarker:sculk_gleam":1,"minecraft:nether_bricks":8,"betterend:flavolite_stairs":1,"minecraft:pink_tulip":2,"minecraft:saddle":1,"betternether:cincinnasite_fire_bowl":3,"minecraft:skeleton_skull":1,"minecraft:leather":25,"betternether:wall_mushroom_brown":4,"artifacts:superstitious_hat":3,"minecraft:gunpowder":26,"artifacts:cloud_in_a_bottle":1,"minecraft:cobblestone_stairs":26,"betternether:cincinnasite_pedestal":10,"minecraft:orange_terracotta":36,"minecraft:red_carpet":6,"minecraft:iron_ingot":440,"betterend:bulb_vine_seed":1,"minecraft:acacia_sapling":244,"minecraft:soul_sand":16,"sophisticatedbackpacks:diamond_backpack":1,"minecraft:book":186,"artifacts:obsidian_skull":1,"minecraft:warped_fungus":2,"minecraft:emerald_block":5,"minecraft:chiseled_stone_bricks":12,"betternether:stalagnate_ladder":1,"minecraft:quartz":29,"minecraft:dandelion":2,"minecraft:raw_iron_block":1,"minecraft:red_banner":7,"minecraft:spider_eye":18,"betternether:nether_mushroom_stem":6,"minecraft:stripped_jungle_log":2,"betternether:cincinnasite_forge":1,"minecraft:honey_block":15,"betternether:stalagnate_planks":1,"minecraft:iron_helmet":1,"minecraft:acacia_slab":117,"minecraft:black_wool":2,"betternether:nether_lapis_ore":2,"betterend:glowing_pillar_seed":3,"minecraft:coal":410,"betternether:nether_reed_roof":14},"minecraft:broken":{"minecraft:iron_boots":1,"minecraft:shield":1,"minecraft:iron_axe":3,"minecraft:iron_helmet":2,"minecraft:stone_axe":1,"minecraft:wooden_axe":2}},"DataVersion":3465}