{"stats":{"minecraft:broken":{"minecraft:stone_axe":1,"minecraft:wooden_axe":2,"minecraft:iron_axe":2,"minecraft:iron_helmet":1},"minecraft:picked_up":{"minecraft:wooden_axe":1,"minecraft:iron_chestplate":1,"minecraft:wheat":78,"minecraft:flower_pot":6,"betternether:pig_statue_respawner":5,"betternether:lumabus_seed":4,"betternether:agave":13,"minecraft:string":7,"betternether:blue_obsidian":4,"minecraft:raw_copper":2,"betternether:cincinnasite_wall":36,"minecraft:red_nether_bricks":1,"minecraft:iron_leggings":1,"minecraft:experience_bottle":2,"minecraft:oak_sign":2,"minecraft:cobbled_deepslate":94,"minecraft:iron_pickaxe":1,"minecraft:furnace":1,"minecraft:iron_boots":1,"minecraft:stick":89,"minecraft:torch":19,"minecraft:acacia_log":376,"betternether:bone_wall":9,"betternether:cincinnasite":2,"betternether:lapis_pile":16,"minecraft:brown_carpet":4,"minecraft:lime_carpet":34,"minecraft:stone_sword":2,"minecraft:rotten_flesh":15,"betternether:cincinnasite_lantern_small":20,"betternether:nether_ruby_ore":11,"sophisticatedbackpacks:advanced_tool_swapper_upgrade":1,"minecraft:blaze_rod":4,"minecraft:obsidian":1,"minecraft:cobblestone":51,"minecraft:enchanting_table":1,"minecraft:birch_log":1,"minecraft:magma_block":4,"betternether:glowstone_pile":3,"betternether:sepia_bone_grass":1,"minecraft:jungle_log":47,"minecraft:flint":15,"minecraft:tuff":2,"betternether:wart_seed":3,"minecraft:wither_skeleton_skull":1,"minecraft:map":3,"minecraft:lapis_lazuli":17,"minecraft:dirt":44,"minecraft:lantern":3,"minecraft:bone":25,"minecraft:acacia_planks":19,"minecraft:bow":3,"minecraft:wheat_seeds":195,"minecraft:raw_gold":10,"minecraft:fletching_table":1,"minecraft:glowstone_dust":5,"minecraft:bamboo":6,"minecraft:oak_planks":99,"betternether:wall_moss":1,"minecraft:jungle_planks":2,"minecraft:sand":1,"minecraft:grass_block":1,"minecraft:sugar":1,"minecraft:diamond":6,"betternether:cincinnasite_lantern":14,"minecraft:grass":2,"minecraft:spruce_sign":12,"minecraft:bread":62,"minecraft:oak_sapling":23,"minecraft:netherrack":186,"minecraft:crimson_roots":2,"minecraft:cocoa_beans":7,"minecraft:crafting_table":8,"minecraft:wooden_pickaxe":1,"minecraft:netherite_scrap":1,"minecraft:item_frame":12,"minecraft:white_carpet":4,"minecraft:iron_shovel":1,"minecraft:glass_pane":14,"minecraft:beef":20,"minecraft:jungle_sapling":4,"minecraft:poppy":2,"minecraft:lectern":9,"minecraft:minecart":5,"minecraft:chest":1,"minecraft:sugar_cane":1,"minecraft:raw_iron":24,"betternether:nether_brick_wall":2,"artifacts:charm_of_sinking":1,"betternether:wall_mushroom_red":1,"sophisticatedbackpacks:backpack":1,"betternether:nether_reed_planks":1,"betternether:nether_ruby":1,"minecraft:redstone":9,"minecraft:prismarine_crystals":20,"betternether:anchor_tree_log":1,"minecraft:arrow":8,"minecraft:nether_bricks":4,"minecraft:hay_block":42,"minecraft:yellow_terracotta":22,"minecraft:gold_ingot":21,"betternether:cincinnasite_fire_bowl":2,"gravestones:gravestone":10,"minecraft:mutton":2,"minecraft:white_wool":33,"minecraft:rail":104,"minecraft:leather":10,"betternether:wall_mushroom_brown":3,"minecraft:red_mushroom":3,"betternether:cincinnasite_pot":14,"minecraft:oak_log":65,"minecraft:gunpowder":9,"minecraft:cobblestone_stairs":26,"betternether:cincinnasite_pedestal":6,"minecraft:orange_terracotta":35,"betternether:nether_mushroom_trapdoor":12,"minecraft:red_carpet":6,"minecraft:apple":2,"betternether:jellyfish_mushroom_sapling":2,"minecraft:iron_ingot":6,"minecraft:acacia_sapling":87,"minecraft:book":72,"betternether:soul_grass":1,"minecraft:quartz":1,"betternether:bone_tile":3,"minecraft:gravel":114,"minecraft:red_banner":7,"betternether:cincinnasite_forged":14,"betternether:cincinnasite_ingot":22,"betternether:nether_mushroom_stem":6,"minecraft:slime_ball":1,"minecraft:honey_block":15,"minecraft:iron_helmet":1,"minecraft:brown_banner":15,"minecraft:acacia_slab":76,"minecraft:coal":23},"minecraft:crafted":{"minecraft:bookshelf":6,"minecraft:diamond_leggings":1,"minecraft:chest":29,"sophisticatedbackpacks:backpack":1,"minecraft:emerald":2,"minecraft:crafting_table":16,"minecraft:acacia_slab":426,"minecraft:wooden_pickaxe":1,"minecraft:fletching_table":6,"minecraft:lectern":6,"minecraft:shield":2,"minecraft:stick":60,"minecraft:iron_ingot":23,"minecraft:iron_pickaxe":1,"betternether:anchor_tree_planks":4,"minecraft:furnace":1,"minecraft:bone_meal":36,"minecraft:flint_and_steel":2,"minecraft:iron_axe":3,"minecraft:stone_pickaxe":1,"minecraft:minecart":4,"minecraft:wheat":335,"minecraft:diamond_sword":1,"minecraft:acacia_trapdoor":10,"minecraft:stone_axe":1,"minecraft:bread":132,"minecraft:air":0,"minecraft:jungle_planks":188,"minecraft:wooden_axe":6,"minecraft:iron_shovel":1,"minecraft:white_bed":1,"minecraft:acacia_planks":708,"minecraft:torch":44,"minecraft:diamond_chestplate":1},"minecraft:custom":{"minecraft:interact_with_crafting_table":42,"minecraft:open_barrel":44,"minecraft:eat_cake_slice":2,"minecraft:leave_game":10,"minecraft:time_since_death":16308,"minecraft:sprint_one_cm":1102934,"minecraft:damage_blocked_by_shield":329,"minecraft:drop":132,"minecraft:talked_to_villager":19,"minecraft:play_time":542488,"minecraft:deaths":3,"minecraft:jump":4687,"minecraft:interact_with_brewingstand":2,"minecraft:walk_on_water_one_cm":2366,"minecraft:interact_with_furnace":9,"minecraft:traded_with_villager":2,"minecraft:sleep_in_bed":4,"minecraft:damage_dealt":12856,"minecraft:player_kills":1,"minecraft:crouch_one_cm":46513,"minecraft:interact_with_smoker":1,"minecraft:inspect_dispenser":12,"minecraft:mob_kills":77,"minecraft:climb_one_cm":5612,"minecraft:walk_one_cm":557352,"minecraft:sneak_time":13096,"minecraft:walk_under_water_one_cm":6140,"minecraft:total_world_time":542488,"minecraft:time_since_rest":16339,"minecraft:damage_taken":7704,"minecraft:swim_one_cm":4471,"minecraft:fly_one_cm":1054725,"minecraft:open_chest":86,"minecraft:fall_one_cm":111664},"minecraft:dropped":{"minecraft:spruce_sign":1,"minecraft:oak_log":1,"minecraft:leather":1,"minecraft:fletching_table":4,"minecraft:saddle":1,"minecraft:rail":43,"minecraft:red_carpet":6,"minecraft:red_mushroom":3,"betternether:nether_ruby":1,"minecraft:item_frame":10,"minecraft:cobblestone_stairs":26,"minecraft:dirt":1,"minecraft:crimson_roots":2,"minecraft:bone_meal":36,"minecraft:sugar":1,"minecraft:iron_pickaxe":1,"minecraft:gold_ingot":1,"minecraft:gravel":3,"minecraft:wheat":12,"minecraft:rotten_flesh":24,"minecraft:oak_planks":96,"minecraft:glowstone_dust":2,"minecraft:gunpowder":9,"betternether:glowstone_pile":2,"minecraft:acacia_sapling":45,"minecraft:arrow":1,"minecraft:netherrack":81,"minecraft:bread":8,"minecraft:wheat_seeds":26,"betternether:sepia_bone_grass":1,"minecraft:coal":1,"minecraft:stick":3,"minecraft:wooden_axe":2,"minecraft:map":3,"minecraft:lime_carpet":15,"sophisticatedbackpacks:advanced_tool_swapper_upgrade":1,"betternether:wart_seed":3,"minecraft:iron_shovel":1,"minecraft:string":16,"minecraft:stone_sword":2,"betternether:cincinnasite":2,"minecraft:nether_bricks":2,"minecraft:glass_pane":14,"minecraft:flint_and_steel":1,"minecraft:hay_block":4,"betternether:nether_reed_planks":1,"minecraft:shield":1,"minecraft:brown_carpet":4,"minecraft:wooden_pickaxe":2,"minecraft:magma_block":4},"minecraft:mined":{"betternether:cincinnasite_pedestal":7,"betternether:nether_reed_stem":1,"minecraft:cobblestone_stairs":26,"minecraft:red_nether_bricks":1,"minecraft:acacia_log":383,"betternether:lumabus_vine":3,"minecraft:grass_block":6,"minecraft:jungle_log":48,"betternether:nether_brick_wall":2,"betternether:nether_mycelium":12,"betternether:sepia_mushroom_grass":1,"minecraft:oak_wall_sign":1,"minecraft:nether_wart":1,"betternether:cincinnasite_ore":25,"minecraft:spawner":1,"minecraft:magma_block":20,"minecraft:cobbled_deepslate":10,"minecraft:fire":2,"minecraft:fletching_table":1,"minecraft:deepslate_lapis_ore":3,"minecraft:enchanting_table":1,"minecraft:dirt_path":11,"betternether:wart_seed":2,"betternether:cincinnasite_fire_bowl":2,"betternether:anchor_tree_log":1,"minecraft:deepslate_redstone_ore":2,"betternether:netherrack_stalactite":1,"minecraft:blackstone":3,"betternether:sepia_bone_grass":1,"minecraft:crimson_nylium":3,"minecraft:soul_fire":1,"minecraft:orange_terracotta":37,"minecraft:blue_stained_glass":179,"betternether:cincinnasite_pot":14,"minecraft:torch":1,"betternether:blue_obsidian_glass":7,"minecraft:chest":1,"minecraft:spruce_wall_sign":4,"betternether:cincinnasite_forged":15,"minecraft:nether_quartz_ore":47,"minecraft:cobblestone":3,"minecraft:sugar_cane":1,"minecraft:oak_planks":5,"betternether:nether_ruby_ore":15,"minecraft:wall_torch":3,"minecraft:birch_log":3,"minecraft:wheat":64,"betternether:soul_grass":2,"betternether:neon_equisetum":1,"betternether:nether_mushroom_trapdoor":12,"minecraft:grass":35,"minecraft:oak_log":70,"minecraft:acacia_fence":4,"minecraft:sand":1,"minecraft:dirt":11,"minecraft:netherrack":1284,"minecraft:ancient_debris":1,"minecraft:oak_leaves":1,"minecraft:deepslate":85,"minecraft:yellow_terracotta":27,"minecraft:nether_gold_ore":21,"minecraft:crying_obsidian":1,"minecraft:red_carpet":6,"minecraft:tuff":3,"minecraft:deepslate_diamond_ore":6,"betternether:bone_grass":2,"minecraft:sea_lantern":8,"minecraft:glow_lichen":1,"minecraft:nether_bricks":4,"minecraft:jungle_planks":2,"minecraft:crimson_roots":2,"minecraft:acacia_slab":74,"minecraft:potted_bamboo":6,"minecraft:cracked_nether_bricks":1,"minecraft:hay_block":38,"minecraft:furnace":1,"betternether:cincinnasite_wall":36,"betternether:wall_mushroom_brown":3,"betternether:pig_statue_respawner":5,"minecraft:bookshelf":30,"minecraft:deepslate_iron_ore":1,"minecraft:vine":8,"minecraft:rail":40,"minecraft:lantern":2,"betternether:nether_lapis_ore":4,"minecraft:stone":53,"minecraft:white_wool":11,"betternether:nether_reed_planks":1,"betternether:netherrack_moss":9,"gravestones:gravestone":9,"minecraft:acacia_leaves":9,"minecraft:glass_pane":8,"betternether:cincinnasite_lantern":14,"minecraft:crafting_table":8,"betternether:bone_wall":9,"minecraft:honey_block":15,"betternether:gray_mold":3,"minecraft:lime_carpet":2,"minecraft:lectern":9,"minecraft:tall_grass":16,"minecraft:copper_ore":1,"minecraft:deepslate_gold_ore":10,"minecraft:sculk":4,"betternether:blue_obsidian":4,"minecraft:white_carpet":3,"betternether:cincinnasite_lantern_small":16,"minecraft:red_wall_banner":1,"betternether:wall_mushroom_red":2,"betternether:bone_tile":3,"minecraft:coal_ore":16,"minecraft:gravel":110,"minecraft:acacia_planks":5,"minecraft:polished_blackstone":3,"minecraft:fern":2},"minecraft:used":{"minecraft:iron_shovel":94,"minecraft:poppy":2,"betternether:flaming_ruby_pickaxe":1670,"minecraft:chest":24,"minecraft:shield":6,"betternether:lumabus_seed":1,"minecraft:grass":2,"minecraft:rotten_flesh":5,"minecraft:mutton":2,"minecraft:nether_bricks":2,"minecraft:jungle_planks":104,"minecraft:acacia_sapling":24,"minecraft:tuff":1,"minecraft:obsidian":1,"betternether:anchor_tree_planks":4,"minecraft:lava_bucket":4,"minecraft:grass_block":1,"minecraft:iron_helmet":1,"betternether:bone_wall":9,"minecraft:bow":7,"minecraft:furnace":1,"betternether:cincinnasite_pot":14,"betternether:cincinnasite_pedestal":6,"minecraft:acacia_trapdoor":2,"minecraft:stone_pickaxe":16,"minecraft:oak_planks":55,"minecraft:wooden_pickaxe":30,"minecraft:sugar_cane":1,"minecraft:white_wool":3,"minecraft:yellow_terracotta":1,"minecraft:shears":11,"betternether:pig_statue_respawner":5,"minecraft:crying_obsidian":1,"minecraft:lime_carpet":1,"minecraft:bread":150,"minecraft:lectern":11,"minecraft:gravel":107,"betternether:cincinnasite_wall":36,"minecraft:diamond_sword":162,"minecraft:experience_bottle":2,"minecraft:acacia_log":179,"minecraft:flint_and_steel":1,"betternether:nether_brick_wall":1,"minecraft:netherrack":31,"minecraft:torch":14,"minecraft:dirt":36,"betternether:cincinnasite_fire_bowl":2,"minecraft:wooden_axe":164,"gravestones:gravestone":10,"minecraft:iron_axe":570,"betternether:nether_mushroom_trapdoor":12,"betternether:cincinnasite_lantern":10,"minecraft:acacia_slab":383,"betternether:cincinnasite_lantern_small":18,"minecraft:iron_boots":1,"betternether:bone_tile":3,"minecraft:diamond_chestplate":1,"minecraft:beef":13,"minecraft:orange_terracotta":20,"minecraft:cobbled_deepslate":72,"minecraft:acacia_planks":28,"minecraft:water_bucket":13,"minecraft:fletching_table":3,"minecraft:rail":61,"minecraft:crafting_table":19,"minecraft:white_bed":1,"minecraft:apple":2,"minecraft:iron_pickaxe":287,"minecraft:stone_axe":85,"minecraft:cobblestone":19,"minecraft:bucket":16,"minecraft:diamond_leggings":1},"minecraft:killed_by":{"minecraft:creeper":1},"minecraft:killed":{"minecraft:spider":1,"betternether:firefly":3,"minecraft:skeleton":11,"minecraft:piglin":1,"minecraft:iron_golem":1,"minecraft:sheep":1,"minecraft:zombie":10,"minecraft:cow":11,"minecraft:blaze":16,"minecraft:wither_skeleton":16,"minecraft:player":1,"minecraft:villager":2}},"DataVersion":3465}